solid OpenSCAD_Model
  facet normal -1 0 0
    outer loop
      vertex 24.2 -9 0
      vertex 24.2 0 4
      vertex 24.2 0 0
    endloop
  endfacet
  facet normal -1 -0 0
    outer loop
      vertex 24.2 0 4
      vertex 24.2 -9 0
      vertex 24.2 -9 4
    endloop
  endfacet
  facet normal 0 0 1
    outer loop
      vertex 54.2 0 4
      vertex 49.7 -3.2 4
      vertex 54.2 -9 4
    endloop
  endfacet
  facet normal 0 0 1
    outer loop
      vertex 54.2 0 4
      vertex 28.7 -3.2 4
      vertex 49.7 -3.2 4
    endloop
  endfacet
  facet normal 0 0 1
    outer loop
      vertex 24.2 -9 4
      vertex 28.7 -3.2 4
      vertex 24.2 0 4
    endloop
  endfacet
  facet normal -0 0 1
    outer loop
      vertex 24.2 0 4
      vertex 28.7 -3.2 4
      vertex 54.2 0 4
    endloop
  endfacet
  facet normal -0 0 1
    outer loop
      vertex 49.7 -6.6 4
      vertex 54.2 -9 4
      vertex 49.7 -3.2 4
    endloop
  endfacet
  facet normal -0 0 1
    outer loop
      vertex 28.7 -6.6 4
      vertex 54.2 -9 4
      vertex 49.7 -6.6 4
    endloop
  endfacet
  facet normal 0 0 1
    outer loop
      vertex 28.7 -6.6 4
      vertex 24.2 -9 4
      vertex 54.2 -9 4
    endloop
  endfacet
  facet normal 0 0 1
    outer loop
      vertex 28.7 -3.2 4
      vertex 24.2 -9 4
      vertex 28.7 -6.6 4
    endloop
  endfacet
  facet normal 1 -0 0
    outer loop
      vertex 54.2 -9 4
      vertex 54.2 0 0
      vertex 54.2 0 4
    endloop
  endfacet
  facet normal 1 0 0
    outer loop
      vertex 54.2 0 0
      vertex 54.2 -9 4
      vertex 54.2 -9 0
    endloop
  endfacet
  facet normal 0 0 -1
    outer loop
      vertex 9.8 11.2 0
      vertex 11.6 24.2 0
      vertex 11.6 11.2 0
    endloop
  endfacet
  facet normal -0 0 -1
    outer loop
      vertex 11.6 24.2 0
      vertex 9.8 11.2 0
      vertex 9.8 24.2 0
    endloop
  endfacet
  facet normal 0 0 -1
    outer loop
      vertex 11.6 11.2 0
      vertex 24.2 0 0
      vertex 11.6 7.2 0
    endloop
  endfacet
  facet normal 0 0 -1
    outer loop
      vertex 3 0 0
      vertex 11.6 7.2 0
      vertex 24.2 0 0
    endloop
  endfacet
  facet normal 0 0 -1
    outer loop
      vertex 0 3 0
      vertex 9.8 11.2 0
      vertex 9.8 7.2 0
    endloop
  endfacet
  facet normal -0 0 -1
    outer loop
      vertex 9.8 11.2 0
      vertex 0 3 0
      vertex 9.8 24.2 0
    endloop
  endfacet
  facet normal 0 0 -1
    outer loop
      vertex 0 3 0
      vertex 9.8 7.2 0
      vertex 3 0 0
    endloop
  endfacet
  facet normal -0 0 -1
    outer loop
      vertex 11.6 7.2 0
      vertex 3 0 0
      vertex 9.8 7.2 0
    endloop
  endfacet
  facet normal 0 0 -1
    outer loop
      vertex 11.6 24.2 0
      vertex 24.2 0 0
      vertex 11.6 11.2 0
    endloop
  endfacet
  facet normal 0 0 -1
    outer loop
      vertex 11.6 28.2 0
      vertex 24.2 0 0
      vertex 11.6 24.2 0
    endloop
  endfacet
  facet normal 0 0 -1
    outer loop
      vertex 24.2 0 0
      vertex 11.6 28.2 0
      vertex 24.2 75.4 0
    endloop
  endfacet
  facet normal 0 0 -1
    outer loop
      vertex 0 72.4 0
      vertex 11.6 28.2 0
      vertex 9.8 28.2 0
    endloop
  endfacet
  facet normal 0 0 -1
    outer loop
      vertex 11.6 28.2 0
      vertex 0 72.4 0
      vertex 24.2 75.4 0
    endloop
  endfacet
  facet normal -0 0 -1
    outer loop
      vertex 9.8 24.2 0
      vertex 0 3 0
      vertex 9.8 28.2 0
    endloop
  endfacet
  facet normal 0 0 -1
    outer loop
      vertex 0 3 0
      vertex 3 0 0
      vertex 2.5307 0.0369349 0
    endloop
  endfacet
  facet normal 0 0 -1
    outer loop
      vertex 0 72.4 0
      vertex 9.8 28.2 0
      vertex 0 3 0
    endloop
  endfacet
  facet normal 0 0 -1
    outer loop
      vertex 0 3 0
      vertex 2.5307 0.0369349 0
      vertex 2.07295 0.14683 0
    endloop
  endfacet
  facet normal -0 0 -1
    outer loop
      vertex 24.2 75.4 0
      vertex 0 72.4 0
      vertex 3 75.4 0
    endloop
  endfacet
  facet normal 0 0 -1
    outer loop
      vertex 0 3 0
      vertex 2.07295 0.14683 0
      vertex 1.63803 0.32698 0
    endloop
  endfacet
  facet normal 0 0 -1
    outer loop
      vertex 3 75.4 0
      vertex 0 72.4 0
      vertex 2.5307 75.3631 0
    endloop
  endfacet
  facet normal 0 0 -1
    outer loop
      vertex 0 3 0
      vertex 1.63803 0.32698 0
      vertex 1.23664 0.572948 0
    endloop
  endfacet
  facet normal 0 0 -1
    outer loop
      vertex 2.5307 75.3631 0
      vertex 0 72.4 0
      vertex 2.07295 75.2532 0
    endloop
  endfacet
  facet normal 0 0 -1
    outer loop
      vertex 0 3 0
      vertex 1.23664 0.572948 0
      vertex 0.878679 0.878679 0
    endloop
  endfacet
  facet normal 0 0 -1
    outer loop
      vertex 2.07295 75.2532 0
      vertex 0 72.4 0
      vertex 1.63803 75.073 0
    endloop
  endfacet
  facet normal 0 0 -1
    outer loop
      vertex 0 3 0
      vertex 0.878679 0.878679 0
      vertex 0.572948 1.23664 0
    endloop
  endfacet
  facet normal 0 0 -1
    outer loop
      vertex 1.63803 75.073 0
      vertex 0 72.4 0
      vertex 1.23664 74.827 0
    endloop
  endfacet
  facet normal 0 0 -1
    outer loop
      vertex 0 3 0
      vertex 0.572948 1.23664 0
      vertex 0.32698 1.63803 0
    endloop
  endfacet
  facet normal 0 0 -1
    outer loop
      vertex 1.23664 74.827 0
      vertex 0 72.4 0
      vertex 0.878679 74.5213 0
    endloop
  endfacet
  facet normal 0 0 -1
    outer loop
      vertex 0 3 0
      vertex 0.32698 1.63803 0
      vertex 0.14683 2.07295 0
    endloop
  endfacet
  facet normal 0 0 -1
    outer loop
      vertex 0.878679 74.5213 0
      vertex 0 72.4 0
      vertex 0.572948 74.1634 0
    endloop
  endfacet
  facet normal 0 0 -1
    outer loop
      vertex 0 3 0
      vertex 0.14683 2.07295 0
      vertex 0.0369349 2.5307 0
    endloop
  endfacet
  facet normal 0 0 -1
    outer loop
      vertex 0.572948 74.1634 0
      vertex 0 72.4 0
      vertex 0.32698 73.762 0
    endloop
  endfacet
  facet normal 0 0 -1
    outer loop
      vertex 0.32698 73.762 0
      vertex 0 72.4 0
      vertex 0.14683 73.327 0
    endloop
  endfacet
  facet normal 0 0 -1
    outer loop
      vertex 0.14683 73.327 0
      vertex 0 72.4 0
      vertex 0.0369349 72.8693 0
    endloop
  endfacet
  facet normal 0 0 -1
    outer loop
      vertex 54.2 0 0
      vertex 24.2 0 0
      vertex 54.2 75.4 0
    endloop
  endfacet
  facet normal 0 0 -1
    outer loop
      vertex 24.2 75.4 0
      vertex 54.2 75.4 0
      vertex 24.2 0 0
    endloop
  endfacet
  facet normal 0 0 -1
    outer loop
      vertex 49.7 -3.2 0
      vertex 54.2 0 0
      vertex 54.2 -9 0
    endloop
  endfacet
  facet normal 0 0 -1
    outer loop
      vertex 28.7 -3.2 0
      vertex 54.2 0 0
      vertex 49.7 -3.2 0
    endloop
  endfacet
  facet normal 0 0 -1
    outer loop
      vertex 49.7 -3.2 0
      vertex 54.2 -9 0
      vertex 49.7 -6.6 0
    endloop
  endfacet
  facet normal 0 0 -1
    outer loop
      vertex 54.2 -9 0
      vertex 28.7 -6.6 0
      vertex 49.7 -6.6 0
    endloop
  endfacet
  facet normal 0 0 -1
    outer loop
      vertex 24.2 -9 0
      vertex 28.7 -3.2 0
      vertex 28.7 -6.6 0
    endloop
  endfacet
  facet normal 0 0 -1
    outer loop
      vertex 54.2 75.4 0
      vertex 24.2 75.4 0
      vertex 49.7 78.6 0
    endloop
  endfacet
  facet normal -0 0 -1
    outer loop
      vertex 28.7 -3.2 0
      vertex 24.2 -9 0
      vertex 24.2 0 0
    endloop
  endfacet
  facet normal 0 0 -1
    outer loop
      vertex 24.2 -9 0
      vertex 28.7 -6.6 0
      vertex 54.2 -9 0
    endloop
  endfacet
  facet normal 0 0 -1
    outer loop
      vertex 75.4 0 0
      vertex 78.4 3 0
      vertex 78.3631 2.5307 0
    endloop
  endfacet
  facet normal -0 0 -1
    outer loop
      vertex 78.4 3 0
      vertex 54.2 0 0
      vertex 78.4 72.4 0
    endloop
  endfacet
  facet normal 0 0 -1
    outer loop
      vertex 75.4 0 0
      vertex 78.3631 2.5307 0
      vertex 78.2532 2.07295 0
    endloop
  endfacet
  facet normal 0 0 -1
    outer loop
      vertex 54.2 75.4 0
      vertex 78.4 72.4 0
      vertex 54.2 0 0
    endloop
  endfacet
  facet normal 0 0 -1
    outer loop
      vertex 75.4 0 0
      vertex 78.2532 2.07295 0
      vertex 78.073 1.63803 0
    endloop
  endfacet
  facet normal -0 -0 -1
    outer loop
      vertex 75.4 75.4 0
      vertex 78.4 72.4 0
      vertex 54.2 75.4 0
    endloop
  endfacet
  facet normal 0 0 -1
    outer loop
      vertex 75.4 0 0
      vertex 78.073 1.63803 0
      vertex 77.827 1.23664 0
    endloop
  endfacet
  facet normal 0 0 -1
    outer loop
      vertex 78.4 72.4 0
      vertex 75.4 75.4 0
      vertex 78.3631 72.8693 0
    endloop
  endfacet
  facet normal 0 0 -1
    outer loop
      vertex 75.4 0 0
      vertex 77.827 1.23664 0
      vertex 77.5213 0.878679 0
    endloop
  endfacet
  facet normal 0 0 -1
    outer loop
      vertex 78.3631 72.8693 0
      vertex 75.4 75.4 0
      vertex 78.2532 73.327 0
    endloop
  endfacet
  facet normal 0 0 -1
    outer loop
      vertex 75.4 0 0
      vertex 77.5213 0.878679 0
      vertex 77.1634 0.572948 0
    endloop
  endfacet
  facet normal 0 0 -1
    outer loop
      vertex 78.2532 73.327 0
      vertex 75.4 75.4 0
      vertex 78.073 73.762 0
    endloop
  endfacet
  facet normal 0 0 -1
    outer loop
      vertex 75.4 0 0
      vertex 77.1634 0.572948 0
      vertex 76.762 0.32698 0
    endloop
  endfacet
  facet normal 0 0 -1
    outer loop
      vertex 78.4 3 0
      vertex 75.4 0 0
      vertex 54.2 0 0
    endloop
  endfacet
  facet normal 0 0 -1
    outer loop
      vertex 75.4 0 0
      vertex 76.762 0.32698 0
      vertex 76.327 0.14683 0
    endloop
  endfacet
  facet normal 0 0 -1
    outer loop
      vertex 78.073 73.762 0
      vertex 75.4 75.4 0
      vertex 77.827 74.1634 0
    endloop
  endfacet
  facet normal 0 0 -1
    outer loop
      vertex 75.4 0 0
      vertex 76.327 0.14683 0
      vertex 75.8693 0.0369349 0
    endloop
  endfacet
  facet normal 0 0 -1
    outer loop
      vertex 77.1634 74.827 0
      vertex 75.4 75.4 0
      vertex 76.762 75.073 0
    endloop
  endfacet
  facet normal 0 0 -1
    outer loop
      vertex 76.762 75.073 0
      vertex 75.4 75.4 0
      vertex 76.327 75.2532 0
    endloop
  endfacet
  facet normal 0 0 -1
    outer loop
      vertex 76.327 75.2532 0
      vertex 75.4 75.4 0
      vertex 75.8693 75.3631 0
    endloop
  endfacet
  facet normal 0 0 -1
    outer loop
      vertex 77.827 74.1634 0
      vertex 75.4 75.4 0
      vertex 77.5213 74.5213 0
    endloop
  endfacet
  facet normal 0 0 -1
    outer loop
      vertex 77.5213 74.5213 0
      vertex 75.4 75.4 0
      vertex 77.1634 74.827 0
    endloop
  endfacet
  facet normal 0 0 -1
    outer loop
      vertex 24.2 0 0
      vertex 54.2 0 0
      vertex 28.7 -3.2 0
    endloop
  endfacet
  facet normal 0 0 -1
    outer loop
      vertex 54.2 75.4 0
      vertex 49.7 78.6 0
      vertex 54.2 84.4 0
    endloop
  endfacet
  facet normal 0 0 -1
    outer loop
      vertex 49.7 82 0
      vertex 54.2 84.4 0
      vertex 49.7 78.6 0
    endloop
  endfacet
  facet normal 0 0 -1
    outer loop
      vertex 28.7 82 0
      vertex 54.2 84.4 0
      vertex 49.7 82 0
    endloop
  endfacet
  facet normal -0 0 -1
    outer loop
      vertex 49.7 78.6 0
      vertex 24.2 75.4 0
      vertex 28.7 78.6 0
    endloop
  endfacet
  facet normal 0 0 -1
    outer loop
      vertex 24.2 84.4 0
      vertex 28.7 78.6 0
      vertex 24.2 75.4 0
    endloop
  endfacet
  facet normal 0 0 -1
    outer loop
      vertex 28.7 82 0
      vertex 24.2 84.4 0
      vertex 54.2 84.4 0
    endloop
  endfacet
  facet normal 0 0 -1
    outer loop
      vertex 28.7 78.6 0
      vertex 24.2 84.4 0
      vertex 28.7 82 0
    endloop
  endfacet
  facet normal 0 -1 0
    outer loop
      vertex 24.2 -9 0
      vertex 54.2 -9 4
      vertex 24.2 -9 4
    endloop
  endfacet
  facet normal 0 -1 -0
    outer loop
      vertex 54.2 -9 4
      vertex 24.2 -9 0
      vertex 54.2 -9 0
    endloop
  endfacet
  facet normal -1 0 0
    outer loop
      vertex 24.2 75.4 0
      vertex 24.2 84.4 4
      vertex 24.2 84.4 0
    endloop
  endfacet
  facet normal -1 -0 0
    outer loop
      vertex 24.2 84.4 4
      vertex 24.2 75.4 0
      vertex 24.2 75.4 4
    endloop
  endfacet
  facet normal 0 0 1
    outer loop
      vertex 49.7 78.6 4
      vertex 54.2 84.4 4
      vertex 49.7 82 4
    endloop
  endfacet
  facet normal 0 0 1
    outer loop
      vertex 54.2 84.4 4
      vertex 28.7 82 4
      vertex 49.7 82 4
    endloop
  endfacet
  facet normal 0 0 1
    outer loop
      vertex 28.7 82 4
      vertex 24.2 84.4 4
      vertex 28.7 78.6 4
    endloop
  endfacet
  facet normal -0 0 1
    outer loop
      vertex 24.2 84.4 4
      vertex 28.7 82 4
      vertex 54.2 84.4 4
    endloop
  endfacet
  facet normal 0 0 1
    outer loop
      vertex 54.2 84.4 4
      vertex 49.7 78.6 4
      vertex 54.2 75.4 4
    endloop
  endfacet
  facet normal -0 0 1
    outer loop
      vertex 28.7 78.6 4
      vertex 54.2 75.4 4
      vertex 49.7 78.6 4
    endloop
  endfacet
  facet normal 0 0 1
    outer loop
      vertex 28.7 78.6 4
      vertex 24.2 75.4 4
      vertex 54.2 75.4 4
    endloop
  endfacet
  facet normal 0 0 1
    outer loop
      vertex 24.2 75.4 4
      vertex 28.7 78.6 4
      vertex 24.2 84.4 4
    endloop
  endfacet
  facet normal 1 -0 0
    outer loop
      vertex 54.2 75.4 4
      vertex 54.2 84.4 0
      vertex 54.2 84.4 4
    endloop
  endfacet
  facet normal 1 0 0
    outer loop
      vertex 54.2 84.4 0
      vertex 54.2 75.4 4
      vertex 54.2 75.4 0
    endloop
  endfacet
  facet normal 0 1 -0
    outer loop
      vertex 54.2 84.4 0
      vertex 24.2 84.4 4
      vertex 54.2 84.4 4
    endloop
  endfacet
  facet normal 0 1 0
    outer loop
      vertex 24.2 84.4 4
      vertex 54.2 84.4 0
      vertex 24.2 84.4 0
    endloop
  endfacet
  facet normal -0.996917 -0.0784595 0
    outer loop
      vertex 0.0369349 2.5307 0
      vertex 0 3 27.4
      vertex 0 3 0
    endloop
  endfacet
  facet normal -0.996917 -0.0784595 0
    outer loop
      vertex 0 3 27.4
      vertex 0.0369349 2.5307 0
      vertex 0.0369349 2.5307 27.4
    endloop
  endfacet
  facet normal -0.85265 0.522483 0
    outer loop
      vertex 0.32698 73.762 0
      vertex 0.572948 74.1634 27.4
      vertex 0.572948 74.1634 0
    endloop
  endfacet
  facet normal -0.85265 0.522483 0
    outer loop
      vertex 0.572948 74.1634 27.4
      vertex 0.32698 73.762 0
      vertex 0.32698 73.762 27.4
    endloop
  endfacet
  facet normal -1 0 0
    outer loop
      vertex 0 24.7 18.4
      vertex 0 72.4 0
      vertex 0 24.7 8.4
    endloop
  endfacet
  facet normal -1 0 0
    outer loop
      vertex 0 3 0
      vertex 0 24.7 8.4
      vertex 0 72.4 0
    endloop
  endfacet
  facet normal -1 -0 0
    outer loop
      vertex 0 10.7 8.4
      vertex 0 3 0
      vertex 0 10.7 18.4
    endloop
  endfacet
  facet normal -1 -0 0
    outer loop
      vertex 0 24.7 8.4
      vertex 0 3 0
      vertex 0 10.7 8.4
    endloop
  endfacet
  facet normal -1 0 0
    outer loop
      vertex 0 72.4 0
      vertex 0 24.7 18.4
      vertex 0 72.4 27.4
    endloop
  endfacet
  facet normal -1 0 0
    outer loop
      vertex 0 3 27.4
      vertex 0 24.7 18.4
      vertex 0 10.7 18.4
    endloop
  endfacet
  facet normal -1 0 0
    outer loop
      vertex 0 24.7 18.4
      vertex 0 3 27.4
      vertex 0 72.4 27.4
    endloop
  endfacet
  facet normal -1 0 0
    outer loop
      vertex 0 3 27.4
      vertex 0 10.7 18.4
      vertex 0 3 0
    endloop
  endfacet
  facet normal 0 0 1
    outer loop
      vertex 77.8 72.4 27.4
      vertex 78.4 72.4 27.4
      vertex 78.3631 72.8693 27.4
    endloop
  endfacet
  facet normal 0 0 1
    outer loop
      vertex 78.4 72.4 27.4
      vertex 77.8 72.4 27.4
      vertex 78.4 3 27.4
    endloop
  endfacet
  facet normal 0 0 1
    outer loop
      vertex 77.7704 72.7754 27.4
      vertex 78.3631 72.8693 27.4
      vertex 78.2532 73.327 27.4
    endloop
  endfacet
  facet normal 0 0 1
    outer loop
      vertex 77.8 3 27.4
      vertex 78.4 3 27.4
      vertex 77.8 72.4 27.4
    endloop
  endfacet
  facet normal 0 0 1
    outer loop
      vertex 77.6825 73.1416 27.4
      vertex 78.2532 73.327 27.4
      vertex 78.073 73.762 27.4
    endloop
  endfacet
  facet normal 0 0 1
    outer loop
      vertex 78.4 3 27.4
      vertex 77.8 3 27.4
      vertex 78.3631 2.5307 27.4
    endloop
  endfacet
  facet normal 0 0 1
    outer loop
      vertex 77.5384 73.4896 27.4
      vertex 78.073 73.762 27.4
      vertex 77.827 74.1634 27.4
    endloop
  endfacet
  facet normal -0 0 1
    outer loop
      vertex 77.7704 2.62456 27.4
      vertex 78.3631 2.5307 27.4
      vertex 77.8 3 27.4
    endloop
  endfacet
  facet normal 0 0 1
    outer loop
      vertex 78.3631 2.5307 27.4
      vertex 77.7704 2.62456 27.4
      vertex 78.2532 2.07295 27.4
    endloop
  endfacet
  facet normal 0 0 1
    outer loop
      vertex 78.3631 72.8693 27.4
      vertex 77.7704 72.7754 27.4
      vertex 77.8 72.4 27.4
    endloop
  endfacet
  facet normal 0 0 1
    outer loop
      vertex 78.2532 73.327 27.4
      vertex 77.6825 73.1416 27.4
      vertex 77.7704 72.7754 27.4
    endloop
  endfacet
  facet normal 0 0 1
    outer loop
      vertex 78.073 73.762 27.4
      vertex 77.5384 73.4896 27.4
      vertex 77.6825 73.1416 27.4
    endloop
  endfacet
  facet normal 0 0 1
    outer loop
      vertex 77.3416 73.8107 27.4
      vertex 77.827 74.1634 27.4
      vertex 77.5213 74.5213 27.4
    endloop
  endfacet
  facet normal 0 0 1
    outer loop
      vertex 77.827 74.1634 27.4
      vertex 77.3416 73.8107 27.4
      vertex 77.5384 73.4896 27.4
    endloop
  endfacet
  facet normal 0 0 1
    outer loop
      vertex 77.0971 74.0971 27.4
      vertex 77.5213 74.5213 27.4
      vertex 77.1634 74.827 27.4
    endloop
  endfacet
  facet normal 0 0 1
    outer loop
      vertex 77.5213 74.5213 27.4
      vertex 77.0971 74.0971 27.4
      vertex 77.3416 73.8107 27.4
    endloop
  endfacet
  facet normal 0 0 1
    outer loop
      vertex 77.1634 74.827 27.4
      vertex 76.8107 74.3416 27.4
      vertex 77.0971 74.0971 27.4
    endloop
  endfacet
  facet normal 0 0 1
    outer loop
      vertex 76.762 75.073 27.4
      vertex 76.8107 74.3416 27.4
      vertex 77.1634 74.827 27.4
    endloop
  endfacet
  facet normal 0 0 1
    outer loop
      vertex 76.762 75.073 27.4
      vertex 76.4896 74.5384 27.4
      vertex 76.8107 74.3416 27.4
    endloop
  endfacet
  facet normal 0 0 1
    outer loop
      vertex 76.327 75.2532 27.4
      vertex 76.4896 74.5384 27.4
      vertex 76.762 75.073 27.4
    endloop
  endfacet
  facet normal 0 0 1
    outer loop
      vertex 76.327 75.2532 27.4
      vertex 76.1416 74.6825 27.4
      vertex 76.4896 74.5384 27.4
    endloop
  endfacet
  facet normal 0 0 1
    outer loop
      vertex 75.8693 75.3631 27.4
      vertex 76.1416 74.6825 27.4
      vertex 76.327 75.2532 27.4
    endloop
  endfacet
  facet normal 0 0 1
    outer loop
      vertex 75.8693 75.3631 27.4
      vertex 75.7754 74.7704 27.4
      vertex 76.1416 74.6825 27.4
    endloop
  endfacet
  facet normal 0 0 1
    outer loop
      vertex 75.4 75.4 27.4
      vertex 75.7754 74.7704 27.4
      vertex 75.8693 75.3631 27.4
    endloop
  endfacet
  facet normal 0 0 1
    outer loop
      vertex 75.4 75.4 27.4
      vertex 75.4 74.8 27.4
      vertex 75.7754 74.7704 27.4
    endloop
  endfacet
  facet normal -0 0 1
    outer loop
      vertex 3 75.4 27.4
      vertex 75.4 74.8 27.4
      vertex 75.4 75.4 27.4
    endloop
  endfacet
  facet normal 0 0 1
    outer loop
      vertex 3 75.4 27.4
      vertex 3 74.8 27.4
      vertex 75.4 74.8 27.4
    endloop
  endfacet
  facet normal 0 0 1
    outer loop
      vertex 3 75.4 27.4
      vertex 2.62456 74.7704 27.4
      vertex 3 74.8 27.4
    endloop
  endfacet
  facet normal -0 0 1
    outer loop
      vertex 2.5307 75.3631 27.4
      vertex 2.62456 74.7704 27.4
      vertex 3 75.4 27.4
    endloop
  endfacet
  facet normal 0 0 1
    outer loop
      vertex 2.5307 75.3631 27.4
      vertex 2.25836 74.6825 27.4
      vertex 2.62456 74.7704 27.4
    endloop
  endfacet
  facet normal -0 0 1
    outer loop
      vertex 2.07295 75.2532 27.4
      vertex 2.25836 74.6825 27.4
      vertex 2.5307 75.3631 27.4
    endloop
  endfacet
  facet normal 0 0 1
    outer loop
      vertex 2.07295 75.2532 27.4
      vertex 1.91042 74.5384 27.4
      vertex 2.25836 74.6825 27.4
    endloop
  endfacet
  facet normal -0 0 1
    outer loop
      vertex 1.63803 75.073 27.4
      vertex 1.91042 74.5384 27.4
      vertex 2.07295 75.2532 27.4
    endloop
  endfacet
  facet normal 0 0 1
    outer loop
      vertex 1.63803 75.073 27.4
      vertex 1.58931 74.3416 27.4
      vertex 1.91042 74.5384 27.4
    endloop
  endfacet
  facet normal -0 0 1
    outer loop
      vertex 1.23664 74.827 27.4
      vertex 1.58931 74.3416 27.4
      vertex 1.63803 75.073 27.4
    endloop
  endfacet
  facet normal 0 0 1
    outer loop
      vertex 1.58931 74.3416 27.4
      vertex 1.23664 74.827 27.4
      vertex 1.30294 74.0971 27.4
    endloop
  endfacet
  facet normal -0 0 1
    outer loop
      vertex 0.878679 74.5213 27.4
      vertex 1.30294 74.0971 27.4
      vertex 1.23664 74.827 27.4
    endloop
  endfacet
  facet normal 0 0 1
    outer loop
      vertex 1.30294 74.0971 27.4
      vertex 0.878679 74.5213 27.4
      vertex 1.05836 73.8107 27.4
    endloop
  endfacet
  facet normal -0 0 1
    outer loop
      vertex 0.572948 74.1634 27.4
      vertex 1.05836 73.8107 27.4
      vertex 0.878679 74.5213 27.4
    endloop
  endfacet
  facet normal 0 0 1
    outer loop
      vertex 1.05836 73.8107 27.4
      vertex 0.572948 74.1634 27.4
      vertex 0.861584 73.4896 27.4
    endloop
  endfacet
  facet normal -0 0 1
    outer loop
      vertex 0.32698 73.762 27.4
      vertex 0.861584 73.4896 27.4
      vertex 0.572948 74.1634 27.4
    endloop
  endfacet
  facet normal 0 0 1
    outer loop
      vertex 0.717463 73.1416 27.4
      vertex 0.14683 73.327 27.4
      vertex 0.629547 72.7754 27.4
    endloop
  endfacet
  facet normal -0 0 1
    outer loop
      vertex 0.14683 73.327 27.4
      vertex 0.717463 73.1416 27.4
      vertex 0.32698 73.762 27.4
    endloop
  endfacet
  facet normal 0 0 1
    outer loop
      vertex 0.861584 73.4896 27.4
      vertex 0.32698 73.762 27.4
      vertex 0.717463 73.1416 27.4
    endloop
  endfacet
  facet normal -0 0 1
    outer loop
      vertex 77.6825 2.25836 27.4
      vertex 78.2532 2.07295 27.4
      vertex 77.7704 2.62456 27.4
    endloop
  endfacet
  facet normal 0 0 1
    outer loop
      vertex 78.2532 2.07295 27.4
      vertex 77.6825 2.25836 27.4
      vertex 78.073 1.63803 27.4
    endloop
  endfacet
  facet normal -0 0 1
    outer loop
      vertex 77.5384 1.91042 27.4
      vertex 78.073 1.63803 27.4
      vertex 77.6825 2.25836 27.4
    endloop
  endfacet
  facet normal 0 0 1
    outer loop
      vertex 78.073 1.63803 27.4
      vertex 77.5384 1.91042 27.4
      vertex 77.827 1.23664 27.4
    endloop
  endfacet
  facet normal -0 0 1
    outer loop
      vertex 77.3416 1.58931 27.4
      vertex 77.827 1.23664 27.4
      vertex 77.5384 1.91042 27.4
    endloop
  endfacet
  facet normal 0 0 1
    outer loop
      vertex 77.827 1.23664 27.4
      vertex 77.3416 1.58931 27.4
      vertex 77.5213 0.878679 27.4
    endloop
  endfacet
  facet normal -0 0 1
    outer loop
      vertex 77.0971 1.30294 27.4
      vertex 77.5213 0.878679 27.4
      vertex 77.3416 1.58931 27.4
    endloop
  endfacet
  facet normal 0 0 1
    outer loop
      vertex 77.5213 0.878679 27.4
      vertex 77.0971 1.30294 27.4
      vertex 77.1634 0.572948 27.4
    endloop
  endfacet
  facet normal -0 0 1
    outer loop
      vertex 76.8107 1.05836 27.4
      vertex 77.1634 0.572948 27.4
      vertex 77.0971 1.30294 27.4
    endloop
  endfacet
  facet normal 0 0 1
    outer loop
      vertex 76.8107 1.05836 27.4
      vertex 76.762 0.32698 27.4
      vertex 77.1634 0.572948 27.4
    endloop
  endfacet
  facet normal -0 0 1
    outer loop
      vertex 76.4896 0.861584 27.4
      vertex 76.762 0.32698 27.4
      vertex 76.8107 1.05836 27.4
    endloop
  endfacet
  facet normal 0 0 1
    outer loop
      vertex 76.4896 0.861584 27.4
      vertex 76.327 0.14683 27.4
      vertex 76.762 0.32698 27.4
    endloop
  endfacet
  facet normal -0 0 1
    outer loop
      vertex 76.1416 0.717463 27.4
      vertex 76.327 0.14683 27.4
      vertex 76.4896 0.861584 27.4
    endloop
  endfacet
  facet normal 0 0 1
    outer loop
      vertex 76.1416 0.717463 27.4
      vertex 75.8693 0.0369349 27.4
      vertex 76.327 0.14683 27.4
    endloop
  endfacet
  facet normal -0 0 1
    outer loop
      vertex 75.7754 0.629547 27.4
      vertex 75.8693 0.0369349 27.4
      vertex 76.1416 0.717463 27.4
    endloop
  endfacet
  facet normal -0 0 1
    outer loop
      vertex 75.4 0.599999 27.4
      vertex 75.8693 0.0369349 27.4
      vertex 75.7754 0.629547 27.4
    endloop
  endfacet
  facet normal 0 0 1
    outer loop
      vertex 75.4 0.599999 27.4
      vertex 75.4 0 27.4
      vertex 75.8693 0.0369349 27.4
    endloop
  endfacet
  facet normal 0 0 1
    outer loop
      vertex 75.4 0.599999 27.4
      vertex 3 0 27.4
      vertex 75.4 0 27.4
    endloop
  endfacet
  facet normal -0 0 1
    outer loop
      vertex 3 0.599999 27.4
      vertex 3 0 27.4
      vertex 75.4 0.599999 27.4
    endloop
  endfacet
  facet normal 0 0 1
    outer loop
      vertex 2.62456 0.629547 27.4
      vertex 3 0 27.4
      vertex 3 0.599999 27.4
    endloop
  endfacet
  facet normal 0 0 1
    outer loop
      vertex 2.62456 0.629547 27.4
      vertex 2.5307 0.0369349 27.4
      vertex 3 0 27.4
    endloop
  endfacet
  facet normal 0 0 1
    outer loop
      vertex 2.25836 0.717463 27.4
      vertex 2.5307 0.0369349 27.4
      vertex 2.62456 0.629547 27.4
    endloop
  endfacet
  facet normal 0 0 1
    outer loop
      vertex 2.25836 0.717463 27.4
      vertex 2.07295 0.14683 27.4
      vertex 2.5307 0.0369349 27.4
    endloop
  endfacet
  facet normal 0 0 1
    outer loop
      vertex 1.91042 0.861584 27.4
      vertex 2.07295 0.14683 27.4
      vertex 2.25836 0.717463 27.4
    endloop
  endfacet
  facet normal 0 0 1
    outer loop
      vertex 1.91042 0.861584 27.4
      vertex 1.63803 0.32698 27.4
      vertex 2.07295 0.14683 27.4
    endloop
  endfacet
  facet normal 0 0 1
    outer loop
      vertex 1.58931 1.05836 27.4
      vertex 1.63803 0.32698 27.4
      vertex 1.91042 0.861584 27.4
    endloop
  endfacet
  facet normal 0 0 1
    outer loop
      vertex 1.23664 0.572948 27.4
      vertex 1.58931 1.05836 27.4
      vertex 1.30294 1.30294 27.4
    endloop
  endfacet
  facet normal 0 0 1
    outer loop
      vertex 1.58931 1.05836 27.4
      vertex 1.23664 0.572948 27.4
      vertex 1.63803 0.32698 27.4
    endloop
  endfacet
  facet normal 0 0 1
    outer loop
      vertex 0.878679 0.878679 27.4
      vertex 1.30294 1.30294 27.4
      vertex 1.05836 1.58931 27.4
    endloop
  endfacet
  facet normal 0 0 1
    outer loop
      vertex 1.30294 1.30294 27.4
      vertex 0.878679 0.878679 27.4
      vertex 1.23664 0.572948 27.4
    endloop
  endfacet
  facet normal 0 0 1
    outer loop
      vertex 0.572948 1.23664 27.4
      vertex 1.05836 1.58931 27.4
      vertex 0.861584 1.91042 27.4
    endloop
  endfacet
  facet normal 0 0 1
    outer loop
      vertex 0.32698 1.63803 27.4
      vertex 0.861584 1.91042 27.4
      vertex 0.717463 2.25836 27.4
    endloop
  endfacet
  facet normal 0 0 1
    outer loop
      vertex 0.14683 2.07295 27.4
      vertex 0.717463 2.25836 27.4
      vertex 0.629547 2.62456 27.4
    endloop
  endfacet
  facet normal 0 0 1
    outer loop
      vertex 1.05836 1.58931 27.4
      vertex 0.572948 1.23664 27.4
      vertex 0.878679 0.878679 27.4
    endloop
  endfacet
  facet normal 0 0 1
    outer loop
      vertex 0.0369349 2.5307 27.4
      vertex 0.629547 2.62456 27.4
      vertex 0.599999 3 27.4
    endloop
  endfacet
  facet normal 0 0 1
    outer loop
      vertex 0.599999 72.4 27.4
      vertex 0 72.4 27.4
      vertex 0.599999 3 27.4
    endloop
  endfacet
  facet normal -0 0 1
    outer loop
      vertex 0.0369349 72.8693 27.4
      vertex 0.629547 72.7754 27.4
      vertex 0.14683 73.327 27.4
    endloop
  endfacet
  facet normal 0 0 1
    outer loop
      vertex 0 3 27.4
      vertex 0.599999 3 27.4
      vertex 0 72.4 27.4
    endloop
  endfacet
  facet normal 0 0 1
    outer loop
      vertex 0.629547 72.7754 27.4
      vertex 0.0369349 72.8693 27.4
      vertex 0.599999 72.4 27.4
    endloop
  endfacet
  facet normal 0 -0 1
    outer loop
      vertex 0.0369349 2.5307 27.4
      vertex 0.599999 3 27.4
      vertex 0 3 27.4
    endloop
  endfacet
  facet normal 0 0 1
    outer loop
      vertex 0.599999 72.4 27.4
      vertex 0.0369349 72.8693 27.4
      vertex 0 72.4 27.4
    endloop
  endfacet
  facet normal 0 0 1
    outer loop
      vertex 0.861584 1.91042 27.4
      vertex 0.32698 1.63803 27.4
      vertex 0.572948 1.23664 27.4
    endloop
  endfacet
  facet normal 0 0 1
    outer loop
      vertex 0.717463 2.25836 27.4
      vertex 0.14683 2.07295 27.4
      vertex 0.32698 1.63803 27.4
    endloop
  endfacet
  facet normal 0 0 1
    outer loop
      vertex 0.629547 2.62456 27.4
      vertex 0.0369349 2.5307 27.4
      vertex 0.14683 2.07295 27.4
    endloop
  endfacet
  facet normal 0 0 1
    outer loop
      vertex 75.5266 71.5635 27.4
      vertex 76.2 71.6 27.4
      vertex 76.1803 71.8503 27.4
    endloop
  endfacet
  facet normal 0 0 1
    outer loop
      vertex 76.2 71.6 27.4
      vertex 75.6 71.1 27.4
      vertex 76.2 3.8 27.4
    endloop
  endfacet
  facet normal 0 0 1
    outer loop
      vertex 75.4365 71.781 27.4
      vertex 76.1803 71.8503 27.4
      vertex 76.1217 72.0944 27.4
    endloop
  endfacet
  facet normal -0 0 1
    outer loop
      vertex 75.6 4.3 27.4
      vertex 76.2 3.8 27.4
      vertex 75.6 71.1 27.4
    endloop
  endfacet
  facet normal 0 0 1
    outer loop
      vertex 75.4365 71.781 27.4
      vertex 76.1217 72.0944 27.4
      vertex 76.0256 72.3264 27.4
    endloop
  endfacet
  facet normal -0 0 1
    outer loop
      vertex 75.5815 4.06535 27.4
      vertex 76.2 3.8 27.4
      vertex 75.6 4.3 27.4
    endloop
  endfacet
  facet normal 0 0 1
    outer loop
      vertex 75.3135 71.9817 27.4
      vertex 76.0256 72.3264 27.4
      vertex 75.8944 72.5405 27.4
    endloop
  endfacet
  facet normal -0 0 1
    outer loop
      vertex 75.5266 3.83647 27.4
      vertex 76.2 3.8 27.4
      vertex 75.5815 4.06535 27.4
    endloop
  endfacet
  facet normal 0 0 1
    outer loop
      vertex 75.1607 72.1607 27.4
      vertex 75.8944 72.5405 27.4
      vertex 75.7314 72.7314 27.4
    endloop
  endfacet
  facet normal 0 0 1
    outer loop
      vertex 76.2 3.8 27.4
      vertex 75.5266 3.83647 27.4
      vertex 76.1803 3.5497 27.4
    endloop
  endfacet
  facet normal -0 0 1
    outer loop
      vertex 75.4365 3.61901 27.4
      vertex 76.1803 3.5497 27.4
      vertex 75.5266 3.83647 27.4
    endloop
  endfacet
  facet normal 0 0 1
    outer loop
      vertex 76.2 71.6 27.4
      vertex 75.5815 71.3346 27.4
      vertex 75.6 71.1 27.4
    endloop
  endfacet
  facet normal 0 0 1
    outer loop
      vertex 75.1607 72.1607 27.4
      vertex 75.7314 72.7314 27.4
      vertex 75.5405 72.8944 27.4
    endloop
  endfacet
  facet normal 0 0 1
    outer loop
      vertex 76.2 71.6 27.4
      vertex 75.5266 71.5635 27.4
      vertex 75.5815 71.3346 27.4
    endloop
  endfacet
  facet normal 0 0 1
    outer loop
      vertex 76.1803 71.8503 27.4
      vertex 75.4365 71.781 27.4
      vertex 75.5266 71.5635 27.4
    endloop
  endfacet
  facet normal 0 0 1
    outer loop
      vertex 74.9817 72.3135 27.4
      vertex 75.5405 72.8944 27.4
      vertex 75.3264 73.0256 27.4
    endloop
  endfacet
  facet normal 0 0 1
    outer loop
      vertex 76.0256 72.3264 27.4
      vertex 75.3135 71.9817 27.4
      vertex 75.4365 71.781 27.4
    endloop
  endfacet
  facet normal 0 0 1
    outer loop
      vertex 75.8944 72.5405 27.4
      vertex 75.1607 72.1607 27.4
      vertex 75.3135 71.9817 27.4
    endloop
  endfacet
  facet normal 0 0 1
    outer loop
      vertex 74.781 72.4365 27.4
      vertex 75.3264 73.0256 27.4
      vertex 75.0944 73.1217 27.4
    endloop
  endfacet
  facet normal 0 0 1
    outer loop
      vertex 75.5405 72.8944 27.4
      vertex 74.9817 72.3135 27.4
      vertex 75.1607 72.1607 27.4
    endloop
  endfacet
  facet normal 0 0 1
    outer loop
      vertex 74.781 72.4365 27.4
      vertex 75.0944 73.1217 27.4
      vertex 74.8503 73.1803 27.4
    endloop
  endfacet
  facet normal 0 0 1
    outer loop
      vertex 75.3264 73.0256 27.4
      vertex 74.781 72.4365 27.4
      vertex 74.9817 72.3135 27.4
    endloop
  endfacet
  facet normal 0 0 1
    outer loop
      vertex 74.5635 72.5266 27.4
      vertex 74.8503 73.1803 27.4
      vertex 74.6 73.2 27.4
    endloop
  endfacet
  facet normal 0 0 1
    outer loop
      vertex 74.8503 73.1803 27.4
      vertex 74.5635 72.5266 27.4
      vertex 74.781 72.4365 27.4
    endloop
  endfacet
  facet normal 0 0 1
    outer loop
      vertex 74.6 73.2 27.4
      vertex 74.3346 72.5815 27.4
      vertex 74.5635 72.5266 27.4
    endloop
  endfacet
  facet normal 0 0 1
    outer loop
      vertex 74.6 73.2 27.4
      vertex 74.1 72.6 27.4
      vertex 74.3346 72.5815 27.4
    endloop
  endfacet
  facet normal 0 0 1
    outer loop
      vertex 74.6 73.2 27.4
      vertex 4.3 72.6 27.4
      vertex 74.1 72.6 27.4
    endloop
  endfacet
  facet normal -0 0 1
    outer loop
      vertex 3.8 73.2 27.4
      vertex 4.3 72.6 27.4
      vertex 74.6 73.2 27.4
    endloop
  endfacet
  facet normal 0 0 1
    outer loop
      vertex 3.8 73.2 27.4
      vertex 4.06535 72.5815 27.4
      vertex 4.3 72.6 27.4
    endloop
  endfacet
  facet normal 0 0 1
    outer loop
      vertex 3.8 73.2 27.4
      vertex 3.83647 72.5266 27.4
      vertex 4.06535 72.5815 27.4
    endloop
  endfacet
  facet normal -0 0 1
    outer loop
      vertex 3.5497 73.1803 27.4
      vertex 3.83647 72.5266 27.4
      vertex 3.8 73.2 27.4
    endloop
  endfacet
  facet normal 0 0 1
    outer loop
      vertex 3.83647 72.5266 27.4
      vertex 3.5497 73.1803 27.4
      vertex 3.61901 72.4365 27.4
    endloop
  endfacet
  facet normal -0 0 1
    outer loop
      vertex 3.30557 73.1217 27.4
      vertex 3.61901 72.4365 27.4
      vertex 3.5497 73.1803 27.4
    endloop
  endfacet
  facet normal -0 0 1
    outer loop
      vertex 3.07361 73.0256 27.4
      vertex 3.61901 72.4365 27.4
      vertex 3.30557 73.1217 27.4
    endloop
  endfacet
  facet normal 0 0 1
    outer loop
      vertex 3.61901 72.4365 27.4
      vertex 3.07361 73.0256 27.4
      vertex 3.41832 72.3135 27.4
    endloop
  endfacet
  facet normal -0 0 1
    outer loop
      vertex 2.85954 72.8944 27.4
      vertex 3.41832 72.3135 27.4
      vertex 3.07361 73.0256 27.4
    endloop
  endfacet
  facet normal 0 0 1
    outer loop
      vertex 3.41832 72.3135 27.4
      vertex 2.85954 72.8944 27.4
      vertex 3.23934 72.1607 27.4
    endloop
  endfacet
  facet normal -0 0 1
    outer loop
      vertex 2.66863 72.7314 27.4
      vertex 3.23934 72.1607 27.4
      vertex 2.85954 72.8944 27.4
    endloop
  endfacet
  facet normal -0 0 1
    outer loop
      vertex 2.50557 72.5405 27.4
      vertex 3.23934 72.1607 27.4
      vertex 2.66863 72.7314 27.4
    endloop
  endfacet
  facet normal 0 0 1
    outer loop
      vertex 3.23934 72.1607 27.4
      vertex 2.50557 72.5405 27.4
      vertex 3.08647 71.9817 27.4
    endloop
  endfacet
  facet normal -0 0 1
    outer loop
      vertex 2.37439 72.3264 27.4
      vertex 3.08647 71.9817 27.4
      vertex 2.50557 72.5405 27.4
    endloop
  endfacet
  facet normal 0 0 1
    outer loop
      vertex 3.08647 71.9817 27.4
      vertex 2.37439 72.3264 27.4
      vertex 2.96349 71.781 27.4
    endloop
  endfacet
  facet normal -0 0 1
    outer loop
      vertex 2.2197 71.8503 27.4
      vertex 2.96349 71.781 27.4
      vertex 2.27831 72.0944 27.4
    endloop
  endfacet
  facet normal -0 0 1
    outer loop
      vertex 2.27831 72.0944 27.4
      vertex 2.96349 71.781 27.4
      vertex 2.37439 72.3264 27.4
    endloop
  endfacet
  facet normal 0 0 1
    outer loop
      vertex 76.1803 3.5497 27.4
      vertex 75.4365 3.61901 27.4
      vertex 76.1217 3.30557 27.4
    endloop
  endfacet
  facet normal 0 0 1
    outer loop
      vertex 76.1217 3.30557 27.4
      vertex 75.4365 3.61901 27.4
      vertex 76.0256 3.07361 27.4
    endloop
  endfacet
  facet normal -0 0 1
    outer loop
      vertex 75.3135 3.41832 27.4
      vertex 76.0256 3.07361 27.4
      vertex 75.4365 3.61901 27.4
    endloop
  endfacet
  facet normal 0 0 1
    outer loop
      vertex 76.0256 3.07361 27.4
      vertex 75.3135 3.41832 27.4
      vertex 75.8944 2.85954 27.4
    endloop
  endfacet
  facet normal -0 0 1
    outer loop
      vertex 75.1607 3.23934 27.4
      vertex 75.8944 2.85954 27.4
      vertex 75.3135 3.41832 27.4
    endloop
  endfacet
  facet normal 0 0 1
    outer loop
      vertex 75.8944 2.85954 27.4
      vertex 75.1607 3.23934 27.4
      vertex 75.7314 2.66863 27.4
    endloop
  endfacet
  facet normal 0 0 1
    outer loop
      vertex 75.7314 2.66863 27.4
      vertex 75.1607 3.23934 27.4
      vertex 75.5405 2.50557 27.4
    endloop
  endfacet
  facet normal -0 0 1
    outer loop
      vertex 74.9817 3.08647 27.4
      vertex 75.5405 2.50557 27.4
      vertex 75.1607 3.23934 27.4
    endloop
  endfacet
  facet normal 0 0 1
    outer loop
      vertex 75.5405 2.50557 27.4
      vertex 74.9817 3.08647 27.4
      vertex 75.3264 2.37439 27.4
    endloop
  endfacet
  facet normal -0 0 1
    outer loop
      vertex 74.781 2.96349 27.4
      vertex 75.3264 2.37439 27.4
      vertex 74.9817 3.08647 27.4
    endloop
  endfacet
  facet normal 0 0 1
    outer loop
      vertex 75.3264 2.37439 27.4
      vertex 74.781 2.96349 27.4
      vertex 75.0944 2.27831 27.4
    endloop
  endfacet
  facet normal 0 0 1
    outer loop
      vertex 75.0944 2.27831 27.4
      vertex 74.781 2.96349 27.4
      vertex 74.8503 2.2197 27.4
    endloop
  endfacet
  facet normal -0 0 1
    outer loop
      vertex 74.5635 2.87341 27.4
      vertex 74.8503 2.2197 27.4
      vertex 74.781 2.96349 27.4
    endloop
  endfacet
  facet normal 0 0 1
    outer loop
      vertex 74.8503 2.2197 27.4
      vertex 74.5635 2.87341 27.4
      vertex 74.6 2.2 27.4
    endloop
  endfacet
  facet normal -0 0 1
    outer loop
      vertex 74.3346 2.81847 27.4
      vertex 74.6 2.2 27.4
      vertex 74.5635 2.87341 27.4
    endloop
  endfacet
  facet normal -0 0 1
    outer loop
      vertex 74.1 2.8 27.4
      vertex 74.6 2.2 27.4
      vertex 74.3346 2.81847 27.4
    endloop
  endfacet
  facet normal -0 0 1
    outer loop
      vertex 4.3 2.8 27.4
      vertex 74.6 2.2 27.4
      vertex 74.1 2.8 27.4
    endloop
  endfacet
  facet normal 0 0 1
    outer loop
      vertex 4.3 2.8 27.4
      vertex 3.8 2.2 27.4
      vertex 74.6 2.2 27.4
    endloop
  endfacet
  facet normal 0 0 1
    outer loop
      vertex 4.06535 2.81847 27.4
      vertex 3.8 2.2 27.4
      vertex 4.3 2.8 27.4
    endloop
  endfacet
  facet normal 0 0 1
    outer loop
      vertex 3.83647 2.87341 27.4
      vertex 3.8 2.2 27.4
      vertex 4.06535 2.81847 27.4
    endloop
  endfacet
  facet normal 0 0 1
    outer loop
      vertex 3.5497 2.2197 27.4
      vertex 3.83647 2.87341 27.4
      vertex 3.61901 2.96349 27.4
    endloop
  endfacet
  facet normal 0 0 1
    outer loop
      vertex 3.83647 2.87341 27.4
      vertex 3.5497 2.2197 27.4
      vertex 3.8 2.2 27.4
    endloop
  endfacet
  facet normal 0 0 1
    outer loop
      vertex 3.07361 2.37439 27.4
      vertex 3.61901 2.96349 27.4
      vertex 3.41832 3.08647 27.4
    endloop
  endfacet
  facet normal 0 0 1
    outer loop
      vertex 3.61901 2.96349 27.4
      vertex 3.30557 2.27831 27.4
      vertex 3.5497 2.2197 27.4
    endloop
  endfacet
  facet normal 0 0 1
    outer loop
      vertex 2.85954 2.50557 27.4
      vertex 3.41832 3.08647 27.4
      vertex 3.23934 3.23934 27.4
    endloop
  endfacet
  facet normal 0 0 1
    outer loop
      vertex 2.50557 2.85954 27.4
      vertex 3.23934 3.23934 27.4
      vertex 3.08647 3.41832 27.4
    endloop
  endfacet
  facet normal 0 0 1
    outer loop
      vertex 3.61901 2.96349 27.4
      vertex 3.07361 2.37439 27.4
      vertex 3.30557 2.27831 27.4
    endloop
  endfacet
  facet normal 0 0 1
    outer loop
      vertex 2.37439 3.07361 27.4
      vertex 3.08647 3.41832 27.4
      vertex 2.96349 3.61901 27.4
    endloop
  endfacet
  facet normal 0 0 1
    outer loop
      vertex 2.2197 3.5497 27.4
      vertex 2.96349 3.61901 27.4
      vertex 2.87341 3.83647 27.4
    endloop
  endfacet
  facet normal 0 0 1
    outer loop
      vertex 3.41832 3.08647 27.4
      vertex 2.85954 2.50557 27.4
      vertex 3.07361 2.37439 27.4
    endloop
  endfacet
  facet normal 0 0 1
    outer loop
      vertex 2.2 3.8 27.4
      vertex 2.87341 3.83647 27.4
      vertex 2.81847 4.06535 27.4
    endloop
  endfacet
  facet normal 0 0 1
    outer loop
      vertex 2.2 3.8 27.4
      vertex 2.81847 4.06535 27.4
      vertex 2.8 4.3 27.4
    endloop
  endfacet
  facet normal 0 0 1
    outer loop
      vertex 3.23934 3.23934 27.4
      vertex 2.66863 2.66863 27.4
      vertex 2.85954 2.50557 27.4
    endloop
  endfacet
  facet normal 0 0 1
    outer loop
      vertex 2.8 71.1 27.4
      vertex 2.2 71.6 27.4
      vertex 2.8 4.3 27.4
    endloop
  endfacet
  facet normal 0 0 1
    outer loop
      vertex 2.96349 71.781 27.4
      vertex 2.2197 71.8503 27.4
      vertex 2.87341 71.5635 27.4
    endloop
  endfacet
  facet normal 0 0 1
    outer loop
      vertex 2.2 3.8 27.4
      vertex 2.8 4.3 27.4
      vertex 2.2 71.6 27.4
    endloop
  endfacet
  facet normal -0 0 1
    outer loop
      vertex 2.2 71.6 27.4
      vertex 2.87341 71.5635 27.4
      vertex 2.2197 71.8503 27.4
    endloop
  endfacet
  facet normal 0 0 1
    outer loop
      vertex 2.87341 3.83647 27.4
      vertex 2.2 3.8 27.4
      vertex 2.2197 3.5497 27.4
    endloop
  endfacet
  facet normal 0 0 1
    outer loop
      vertex 2.87341 71.5635 27.4
      vertex 2.2 71.6 27.4
      vertex 2.81847 71.3346 27.4
    endloop
  endfacet
  facet normal 0 0 1
    outer loop
      vertex 3.23934 3.23934 27.4
      vertex 2.50557 2.85954 27.4
      vertex 2.66863 2.66863 27.4
    endloop
  endfacet
  facet normal 0 0 1
    outer loop
      vertex 2.81847 71.3346 27.4
      vertex 2.2 71.6 27.4
      vertex 2.8 71.1 27.4
    endloop
  endfacet
  facet normal 0 0 1
    outer loop
      vertex 3.08647 3.41832 27.4
      vertex 2.37439 3.07361 27.4
      vertex 2.50557 2.85954 27.4
    endloop
  endfacet
  facet normal 0 0 1
    outer loop
      vertex 2.96349 3.61901 27.4
      vertex 2.27831 3.30557 27.4
      vertex 2.37439 3.07361 27.4
    endloop
  endfacet
  facet normal 0 0 1
    outer loop
      vertex 2.96349 3.61901 27.4
      vertex 2.2197 3.5497 27.4
      vertex 2.27831 3.30557 27.4
    endloop
  endfacet
  facet normal 0 -1 0
    outer loop
      vertex 3 0 27.4
      vertex 24.2 0 4
      vertex 75.4 0 27.4
    endloop
  endfacet
  facet normal 0 -1 0
    outer loop
      vertex 3 0 0
      vertex 24.2 0 4
      vertex 3 0 27.4
    endloop
  endfacet
  facet normal 0 -1 -0
    outer loop
      vertex 24.2 0 4
      vertex 3 0 0
      vertex 24.2 0 0
    endloop
  endfacet
  facet normal 0 -1 0
    outer loop
      vertex 54.2 0 4
      vertex 75.4 0 27.4
      vertex 24.2 0 4
    endloop
  endfacet
  facet normal 0 -1 0
    outer loop
      vertex 75.4 0 0
      vertex 54.2 0 4
      vertex 54.2 0 0
    endloop
  endfacet
  facet normal 0 -1 0
    outer loop
      vertex 54.2 0 4
      vertex 75.4 0 0
      vertex 75.4 0 27.4
    endloop
  endfacet
  facet normal -0.0784595 -0.996917 0
    outer loop
      vertex 2.5307 0.0369349 0
      vertex 3 0 27.4
      vertex 2.5307 0.0369349 27.4
    endloop
  endfacet
  facet normal -0.0784595 -0.996917 -0
    outer loop
      vertex 3 0 27.4
      vertex 2.5307 0.0369349 0
      vertex 3 0 0
    endloop
  endfacet
  facet normal 0 1 0
    outer loop
      vertex 75.4 75.4 27.4
      vertex 54.2 75.4 4
      vertex 3 75.4 27.4
    endloop
  endfacet
  facet normal 0 1 -0
    outer loop
      vertex 75.4 75.4 0
      vertex 54.2 75.4 4
      vertex 75.4 75.4 27.4
    endloop
  endfacet
  facet normal 0 1 0
    outer loop
      vertex 54.2 75.4 4
      vertex 75.4 75.4 0
      vertex 54.2 75.4 0
    endloop
  endfacet
  facet normal 0 1 -0
    outer loop
      vertex 24.2 75.4 4
      vertex 3 75.4 27.4
      vertex 54.2 75.4 4
    endloop
  endfacet
  facet normal 0 1 0
    outer loop
      vertex 3 75.4 0
      vertex 24.2 75.4 4
      vertex 24.2 75.4 0
    endloop
  endfacet
  facet normal 0 1 0
    outer loop
      vertex 24.2 75.4 4
      vertex 3 75.4 0
      vertex 3 75.4 27.4
    endloop
  endfacet
  facet normal -0.923904 0.382624 0
    outer loop
      vertex 0.14683 73.327 0
      vertex 0.32698 73.762 27.4
      vertex 0.32698 73.762 0
    endloop
  endfacet
  facet normal -0.923904 0.382624 0
    outer loop
      vertex 0.32698 73.762 27.4
      vertex 0.14683 73.327 0
      vertex 0.14683 73.327 27.4
    endloop
  endfacet
  facet normal -0.760348 0.649516 0
    outer loop
      vertex 0.572948 74.1634 0
      vertex 0.878679 74.5213 27.4
      vertex 0.878679 74.5213 0
    endloop
  endfacet
  facet normal -0.760348 0.649516 0
    outer loop
      vertex 0.878679 74.5213 27.4
      vertex 0.572948 74.1634 0
      vertex 0.572948 74.1634 27.4
    endloop
  endfacet
  facet normal 0.923842 -0.382775 0
    outer loop
      vertex 78.073 1.63803 27.4
      vertex 78.2532 2.07295 0
      vertex 78.2532 2.07295 27.4
    endloop
  endfacet
  facet normal 0.923842 -0.382775 0
    outer loop
      vertex 78.2532 2.07295 0
      vertex 78.073 1.63803 27.4
      vertex 78.073 1.63803 0
    endloop
  endfacet
  facet normal 1 -0 0
    outer loop
      vertex 78.4 3 27.4
      vertex 78.4 72.4 0
      vertex 78.4 72.4 27.4
    endloop
  endfacet
  facet normal 1 0 0
    outer loop
      vertex 78.4 72.4 0
      vertex 78.4 3 27.4
      vertex 78.4 3 0
    endloop
  endfacet
  facet normal 0.996923 0.0783858 0
    outer loop
      vertex 78.4 72.4 27.4
      vertex 78.3631 72.8693 0
      vertex 78.3631 72.8693 27.4
    endloop
  endfacet
  facet normal 0.996923 0.0783858 0
    outer loop
      vertex 78.3631 72.8693 0
      vertex 78.4 72.4 27.4
      vertex 78.4 72.4 0
    endloop
  endfacet
  facet normal 0.382624 -0.923904 0
    outer loop
      vertex 76.327 0.14683 0
      vertex 76.762 0.32698 27.4
      vertex 76.327 0.14683 27.4
    endloop
  endfacet
  facet normal 0.382624 -0.923904 0
    outer loop
      vertex 76.762 0.32698 27.4
      vertex 76.327 0.14683 0
      vertex 76.762 0.32698 0
    endloop
  endfacet
  facet normal 0.0784595 -0.996917 0
    outer loop
      vertex 75.4 0 0
      vertex 75.8693 0.0369349 27.4
      vertex 75.4 0 27.4
    endloop
  endfacet
  facet normal 0.0784595 -0.996917 0
    outer loop
      vertex 75.8693 0.0369349 27.4
      vertex 75.4 0 0
      vertex 75.8693 0.0369349 0
    endloop
  endfacet
  facet normal -0.649452 -0.760402 0
    outer loop
      vertex 0.878679 0.878679 0
      vertex 1.23664 0.572948 27.4
      vertex 0.878679 0.878679 27.4
    endloop
  endfacet
  facet normal -0.649452 -0.760402 -0
    outer loop
      vertex 1.23664 0.572948 27.4
      vertex 0.878679 0.878679 0
      vertex 1.23664 0.572948 0
    endloop
  endfacet
  facet normal -0.972365 0.233468 0
    outer loop
      vertex 0.0369349 72.8693 0
      vertex 0.14683 73.327 27.4
      vertex 0.14683 73.327 0
    endloop
  endfacet
  facet normal -0.972365 0.233468 0
    outer loop
      vertex 0.14683 73.327 27.4
      vertex 0.0369349 72.8693 0
      vertex 0.0369349 72.8693 27.4
    endloop
  endfacet
  facet normal -0.996917 0.0784595 0
    outer loop
      vertex 0 72.4 0
      vertex 0.0369349 72.8693 27.4
      vertex 0.0369349 72.8693 0
    endloop
  endfacet
  facet normal -0.996917 0.0784595 0
    outer loop
      vertex 0.0369349 72.8693 27.4
      vertex 0 72.4 0
      vertex 0 72.4 27.4
    endloop
  endfacet
  facet normal 0.76038 0.649478 0
    outer loop
      vertex 77.827 74.1634 27.4
      vertex 77.5213 74.5213 0
      vertex 77.5213 74.5213 27.4
    endloop
  endfacet
  facet normal 0.76038 0.649478 0
    outer loop
      vertex 77.5213 74.5213 0
      vertex 77.827 74.1634 27.4
      vertex 77.827 74.1634 0
    endloop
  endfacet
  facet normal 0.522483 -0.85265 0
    outer loop
      vertex 76.762 0.32698 0
      vertex 77.1634 0.572948 27.4
      vertex 76.762 0.32698 27.4
    endloop
  endfacet
  facet normal 0.522483 -0.85265 0
    outer loop
      vertex 77.1634 0.572948 27.4
      vertex 76.762 0.32698 0
      vertex 77.1634 0.572948 0
    endloop
  endfacet
  facet normal 0.649516 -0.760348 0
    outer loop
      vertex 77.1634 0.572948 0
      vertex 77.5213 0.878679 27.4
      vertex 77.1634 0.572948 27.4
    endloop
  endfacet
  facet normal 0.649516 -0.760348 0
    outer loop
      vertex 77.5213 0.878679 27.4
      vertex 77.1634 0.572948 0
      vertex 77.5213 0.878679 0
    endloop
  endfacet
  facet normal 0.972368 -0.233453 0
    outer loop
      vertex 78.2532 2.07295 27.4
      vertex 78.3631 2.5307 0
      vertex 78.3631 2.5307 27.4
    endloop
  endfacet
  facet normal 0.972368 -0.233453 0
    outer loop
      vertex 78.3631 2.5307 0
      vertex 78.2532 2.07295 27.4
      vertex 78.2532 2.07295 0
    endloop
  endfacet
  facet normal -0.233443 -0.97237 0
    outer loop
      vertex 2.07295 0.14683 0
      vertex 2.5307 0.0369349 27.4
      vertex 2.07295 0.14683 27.4
    endloop
  endfacet
  facet normal -0.233443 -0.97237 -0
    outer loop
      vertex 2.5307 0.0369349 27.4
      vertex 2.07295 0.14683 0
      vertex 2.5307 0.0369349 0
    endloop
  endfacet
  facet normal -0.97237 -0.233443 0
    outer loop
      vertex 0.14683 2.07295 0
      vertex 0.0369349 2.5307 27.4
      vertex 0.0369349 2.5307 0
    endloop
  endfacet
  facet normal -0.97237 -0.233443 0
    outer loop
      vertex 0.0369349 2.5307 27.4
      vertex 0.14683 2.07295 0
      vertex 0.14683 2.07295 27.4
    endloop
  endfacet
  facet normal -0.760402 -0.649452 0
    outer loop
      vertex 0.878679 0.878679 0
      vertex 0.572948 1.23664 27.4
      vertex 0.572948 1.23664 0
    endloop
  endfacet
  facet normal -0.760402 -0.649452 0
    outer loop
      vertex 0.572948 1.23664 27.4
      vertex 0.878679 0.878679 0
      vertex 0.878679 0.878679 27.4
    endloop
  endfacet
  facet normal -0.923879 -0.382684 0
    outer loop
      vertex 0.32698 1.63803 0
      vertex 0.14683 2.07295 27.4
      vertex 0.14683 2.07295 0
    endloop
  endfacet
  facet normal -0.923879 -0.382684 0
    outer loop
      vertex 0.14683 2.07295 27.4
      vertex 0.32698 1.63803 0
      vertex 0.32698 1.63803 27.4
    endloop
  endfacet
  facet normal -0.522542 0.852614 0
    outer loop
      vertex 1.63803 75.073 0
      vertex 1.23664 74.827 27.4
      vertex 1.63803 75.073 27.4
    endloop
  endfacet
  facet normal -0.522542 0.852614 0
    outer loop
      vertex 1.23664 74.827 27.4
      vertex 1.63803 75.073 0
      vertex 1.23664 74.827 0
    endloop
  endfacet
  facet normal 0.923867 0.382714 0
    outer loop
      vertex 78.2532 73.327 27.4
      vertex 78.073 73.762 0
      vertex 78.073 73.762 27.4
    endloop
  endfacet
  facet normal 0.923867 0.382714 0
    outer loop
      vertex 78.073 73.762 0
      vertex 78.2532 73.327 27.4
      vertex 78.2532 73.327 0
    endloop
  endfacet
  facet normal 0.85262 0.522532 0
    outer loop
      vertex 78.073 73.762 27.4
      vertex 77.827 74.1634 0
      vertex 77.827 74.1634 27.4
    endloop
  endfacet
  facet normal 0.85262 0.522532 0
    outer loop
      vertex 77.827 74.1634 0
      vertex 78.073 73.762 27.4
      vertex 78.073 73.762 0
    endloop
  endfacet
  facet normal 0.996923 -0.0783858 0
    outer loop
      vertex 78.3631 2.5307 27.4
      vertex 78.4 3 0
      vertex 78.4 3 27.4
    endloop
  endfacet
  facet normal 0.996923 -0.0783858 0
    outer loop
      vertex 78.4 3 0
      vertex 78.3631 2.5307 27.4
      vertex 78.3631 2.5307 0
    endloop
  endfacet
  facet normal 0.852614 -0.522542 0
    outer loop
      vertex 77.827 1.23664 27.4
      vertex 78.073 1.63803 0
      vertex 78.073 1.63803 27.4
    endloop
  endfacet
  facet normal 0.852614 -0.522542 0
    outer loop
      vertex 78.073 1.63803 0
      vertex 77.827 1.23664 27.4
      vertex 77.827 1.23664 0
    endloop
  endfacet
  facet normal 0.760435 -0.649414 0
    outer loop
      vertex 77.5213 0.878679 27.4
      vertex 77.827 1.23664 0
      vertex 77.827 1.23664 27.4
    endloop
  endfacet
  facet normal 0.760435 -0.649414 0
    outer loop
      vertex 77.827 1.23664 0
      vertex 77.5213 0.878679 27.4
      vertex 77.5213 0.878679 0
    endloop
  endfacet
  facet normal -0.522492 -0.852644 0
    outer loop
      vertex 1.23664 0.572948 0
      vertex 1.63803 0.32698 27.4
      vertex 1.23664 0.572948 27.4
    endloop
  endfacet
  facet normal -0.522492 -0.852644 -0
    outer loop
      vertex 1.63803 0.32698 27.4
      vertex 1.23664 0.572948 0
      vertex 1.63803 0.32698 0
    endloop
  endfacet
  facet normal -0.382684 -0.923879 0
    outer loop
      vertex 1.63803 0.32698 0
      vertex 2.07295 0.14683 27.4
      vertex 1.63803 0.32698 27.4
    endloop
  endfacet
  facet normal -0.382684 -0.923879 -0
    outer loop
      vertex 2.07295 0.14683 27.4
      vertex 1.63803 0.32698 0
      vertex 2.07295 0.14683 0
    endloop
  endfacet
  facet normal -0.649414 0.760435 0
    outer loop
      vertex 1.23664 74.827 0
      vertex 0.878679 74.5213 27.4
      vertex 1.23664 74.827 27.4
    endloop
  endfacet
  facet normal -0.649414 0.760435 0
    outer loop
      vertex 0.878679 74.5213 27.4
      vertex 1.23664 74.827 0
      vertex 0.878679 74.5213 0
    endloop
  endfacet
  facet normal -0.233453 0.972368 0
    outer loop
      vertex 2.5307 75.3631 0
      vertex 2.07295 75.2532 27.4
      vertex 2.5307 75.3631 27.4
    endloop
  endfacet
  facet normal -0.233453 0.972368 0
    outer loop
      vertex 2.07295 75.2532 27.4
      vertex 2.5307 75.3631 0
      vertex 2.07295 75.2532 0
    endloop
  endfacet
  facet normal -0.0783858 0.996923 0
    outer loop
      vertex 3 75.4 0
      vertex 2.5307 75.3631 27.4
      vertex 3 75.4 27.4
    endloop
  endfacet
  facet normal -0.0783858 0.996923 0
    outer loop
      vertex 2.5307 75.3631 27.4
      vertex 3 75.4 0
      vertex 2.5307 75.3631 0
    endloop
  endfacet
  facet normal 0.522532 0.85262 -0
    outer loop
      vertex 77.1634 74.827 0
      vertex 76.762 75.073 27.4
      vertex 77.1634 74.827 27.4
    endloop
  endfacet
  facet normal 0.522532 0.85262 0
    outer loop
      vertex 76.762 75.073 27.4
      vertex 77.1634 74.827 0
      vertex 76.762 75.073 0
    endloop
  endfacet
  facet normal 0.649478 0.76038 -0
    outer loop
      vertex 77.5213 74.5213 0
      vertex 77.1634 74.827 27.4
      vertex 77.5213 74.5213 27.4
    endloop
  endfacet
  facet normal 0.649478 0.76038 0
    outer loop
      vertex 77.1634 74.827 27.4
      vertex 77.5213 74.5213 0
      vertex 77.1634 74.827 0
    endloop
  endfacet
  facet normal 0.0783858 0.996923 -0
    outer loop
      vertex 75.8693 75.3631 0
      vertex 75.4 75.4 27.4
      vertex 75.8693 75.3631 27.4
    endloop
  endfacet
  facet normal 0.0783858 0.996923 0
    outer loop
      vertex 75.4 75.4 27.4
      vertex 75.8693 75.3631 0
      vertex 75.4 75.4 0
    endloop
  endfacet
  facet normal 0.972362 0.233477 0
    outer loop
      vertex 78.3631 72.8693 27.4
      vertex 78.2532 73.327 0
      vertex 78.2532 73.327 27.4
    endloop
  endfacet
  facet normal 0.972362 0.233477 0
    outer loop
      vertex 78.2532 73.327 0
      vertex 78.3631 72.8693 27.4
      vertex 78.3631 72.8693 0
    endloop
  endfacet
  facet normal 0.233468 -0.972365 0
    outer loop
      vertex 75.8693 0.0369349 0
      vertex 76.327 0.14683 27.4
      vertex 75.8693 0.0369349 27.4
    endloop
  endfacet
  facet normal 0.233468 -0.972365 0
    outer loop
      vertex 76.327 0.14683 27.4
      vertex 75.8693 0.0369349 0
      vertex 76.327 0.14683 0
    endloop
  endfacet
  facet normal -0.852644 -0.522492 0
    outer loop
      vertex 0.572948 1.23664 0
      vertex 0.32698 1.63803 27.4
      vertex 0.32698 1.63803 0
    endloop
  endfacet
  facet normal -0.852644 -0.522492 0
    outer loop
      vertex 0.32698 1.63803 27.4
      vertex 0.572948 1.23664 0
      vertex 0.572948 1.23664 27.4
    endloop
  endfacet
  facet normal -0.382775 0.923842 0
    outer loop
      vertex 2.07295 75.2532 0
      vertex 1.63803 75.073 27.4
      vertex 2.07295 75.2532 27.4
    endloop
  endfacet
  facet normal -0.382775 0.923842 0
    outer loop
      vertex 1.63803 75.073 27.4
      vertex 2.07295 75.2532 0
      vertex 1.63803 75.073 0
    endloop
  endfacet
  facet normal 0.233477 0.972362 -0
    outer loop
      vertex 76.327 75.2532 0
      vertex 75.8693 75.3631 27.4
      vertex 76.327 75.2532 27.4
    endloop
  endfacet
  facet normal 0.233477 0.972362 0
    outer loop
      vertex 75.8693 75.3631 27.4
      vertex 76.327 75.2532 0
      vertex 75.8693 75.3631 0
    endloop
  endfacet
  facet normal 0.382714 0.923867 -0
    outer loop
      vertex 76.762 75.073 0
      vertex 76.327 75.2532 27.4
      vertex 76.762 75.073 27.4
    endloop
  endfacet
  facet normal 0.382714 0.923867 0
    outer loop
      vertex 76.327 75.2532 27.4
      vertex 76.762 75.073 0
      vertex 76.327 75.2532 0
    endloop
  endfacet
  facet normal 1 -0 0
    outer loop
      vertex 28.7 -6.6 4
      vertex 28.7 -3.2 0
      vertex 28.7 -3.2 4
    endloop
  endfacet
  facet normal 1 0 0
    outer loop
      vertex 28.7 -3.2 0
      vertex 28.7 -6.6 4
      vertex 28.7 -6.6 0
    endloop
  endfacet
  facet normal -1 0 0
    outer loop
      vertex 49.7 -6.6 0
      vertex 49.7 -3.2 4
      vertex 49.7 -3.2 0
    endloop
  endfacet
  facet normal -1 -0 0
    outer loop
      vertex 49.7 -3.2 4
      vertex 49.7 -6.6 0
      vertex 49.7 -6.6 4
    endloop
  endfacet
  facet normal 0 -1 0
    outer loop
      vertex 28.7 -3.2 0
      vertex 49.7 -3.2 4
      vertex 28.7 -3.2 4
    endloop
  endfacet
  facet normal 0 -1 -0
    outer loop
      vertex 49.7 -3.2 4
      vertex 28.7 -3.2 0
      vertex 49.7 -3.2 0
    endloop
  endfacet
  facet normal 0 1 -0
    outer loop
      vertex 49.7 -6.6 0
      vertex 28.7 -6.6 4
      vertex 49.7 -6.6 4
    endloop
  endfacet
  facet normal 0 1 0
    outer loop
      vertex 28.7 -6.6 4
      vertex 49.7 -6.6 0
      vertex 28.7 -6.6 0
    endloop
  endfacet
  facet normal 1 -0 0
    outer loop
      vertex 28.7 78.6 4
      vertex 28.7 82 0
      vertex 28.7 82 4
    endloop
  endfacet
  facet normal 1 0 0
    outer loop
      vertex 28.7 82 0
      vertex 28.7 78.6 4
      vertex 28.7 78.6 0
    endloop
  endfacet
  facet normal -1 0 0
    outer loop
      vertex 49.7 78.6 0
      vertex 49.7 82 4
      vertex 49.7 82 0
    endloop
  endfacet
  facet normal -1 -0 0
    outer loop
      vertex 49.7 82 4
      vertex 49.7 78.6 0
      vertex 49.7 78.6 4
    endloop
  endfacet
  facet normal 0 -1 0
    outer loop
      vertex 28.7 82 0
      vertex 49.7 82 4
      vertex 28.7 82 4
    endloop
  endfacet
  facet normal 0 -1 -0
    outer loop
      vertex 49.7 82 4
      vertex 28.7 82 0
      vertex 49.7 82 0
    endloop
  endfacet
  facet normal 0 1 -0
    outer loop
      vertex 49.7 78.6 0
      vertex 28.7 78.6 4
      vertex 49.7 78.6 4
    endloop
  endfacet
  facet normal 0 1 0
    outer loop
      vertex 28.7 78.6 4
      vertex 49.7 78.6 0
      vertex 28.7 78.6 0
    endloop
  endfacet
  facet normal 1 0 0
    outer loop
      vertex 9.8 10.0249 2.39
      vertex 9.8 11.2 2.4
      vertex 9.8 10.0249 2.4
    endloop
  endfacet
  facet normal 1 0 0
    outer loop
      vertex 9.8 11.2 2.4
      vertex 9.8 10.0249 2.39
      vertex 9.8 11.2 0
    endloop
  endfacet
  facet normal 1 0 0
    outer loop
      vertex 9.8 7.2 0
      vertex 9.8 10.0249 2.39
      vertex 9.8 7.2 2.39
    endloop
  endfacet
  facet normal 1 0 0
    outer loop
      vertex 9.8 10.0249 2.39
      vertex 9.8 7.2 0
      vertex 9.8 11.2 0
    endloop
  endfacet
  facet normal -1 0 0
    outer loop
      vertex 11.6 7.2 0
      vertex 11.6 11.2 2.4
      vertex 11.6 11.2 0
    endloop
  endfacet
  facet normal -1 -0 0
    outer loop
      vertex 11.6 11.2 2.4
      vertex 11.6 7.2 0
      vertex 11.6 7.2 2.4
    endloop
  endfacet
  facet normal 0 1 0
    outer loop
      vertex 11.6 7.2 2.4
      vertex 10.7317 7.2 2.39
      vertex 10.7317 7.2 2.4
    endloop
  endfacet
  facet normal 0 1 -0
    outer loop
      vertex 11.6 7.2 0
      vertex 10.7317 7.2 2.39
      vertex 11.6 7.2 2.4
    endloop
  endfacet
  facet normal 0 1 0
    outer loop
      vertex 9.8 7.2 0
      vertex 10.7317 7.2 2.39
      vertex 11.6 7.2 0
    endloop
  endfacet
  facet normal 0 1 0
    outer loop
      vertex 10.7317 7.2 2.39
      vertex 9.8 7.2 0
      vertex 9.8 7.2 2.39
    endloop
  endfacet
  facet normal 0 -1 0
    outer loop
      vertex 9.8 11.2 0
      vertex 11.6 11.2 2.4
      vertex 9.8 11.2 2.4
    endloop
  endfacet
  facet normal 0 -1 -0
    outer loop
      vertex 11.6 11.2 2.4
      vertex 9.8 11.2 0
      vertex 11.6 11.2 0
    endloop
  endfacet
  facet normal 1 -0 0
    outer loop
      vertex 9.8 24.2 2.4
      vertex 9.8 28.2 0
      vertex 9.8 28.2 2.4
    endloop
  endfacet
  facet normal 1 0 0
    outer loop
      vertex 9.8 28.2 0
      vertex 9.8 24.2 2.4
      vertex 9.8 24.2 0
    endloop
  endfacet
  facet normal -1 0 0
    outer loop
      vertex 11.6 24.2 0
      vertex 11.6 28.2 2.4
      vertex 11.6 28.2 0
    endloop
  endfacet
  facet normal -1 -0 0
    outer loop
      vertex 11.6 28.2 2.4
      vertex 11.6 24.2 0
      vertex 11.6 24.2 2.4
    endloop
  endfacet
  facet normal 0 1 -0
    outer loop
      vertex 11.6 24.2 0
      vertex 9.8 24.2 2.4
      vertex 11.6 24.2 2.4
    endloop
  endfacet
  facet normal 0 1 0
    outer loop
      vertex 9.8 24.2 2.4
      vertex 11.6 24.2 0
      vertex 9.8 24.2 0
    endloop
  endfacet
  facet normal 0 -1 0
    outer loop
      vertex 9.8 28.2 0
      vertex 11.6 28.2 2.4
      vertex 9.8 28.2 2.4
    endloop
  endfacet
  facet normal 0 -1 -0
    outer loop
      vertex 11.6 28.2 2.4
      vertex 9.8 28.2 0
      vertex 11.6 28.2 0
    endloop
  endfacet
  facet normal 0.522498 0.852641 -0
    outer loop
      vertex 1.91042 0.861584 26.1
      vertex 1.58931 1.05836 27.4
      vertex 1.91042 0.861584 27.4
    endloop
  endfacet
  facet normal 0.522498 0.852641 0
    outer loop
      vertex 1.58931 1.05836 27.4
      vertex 1.91042 0.861584 26.1
      vertex 1.58931 1.05836 26.1
    endloop
  endfacet
  facet normal -0.382578 -0.923923 0
    outer loop
      vertex 76.1416 74.6825 26.1
      vertex 76.4896 74.5384 27.4
      vertex 76.1416 74.6825 27.4
    endloop
  endfacet
  facet normal -0.382578 -0.923923 -0
    outer loop
      vertex 76.4896 74.5384 27.4
      vertex 76.1416 74.6825 26.1
      vertex 76.4896 74.5384 26.1
    endloop
  endfacet
  facet normal 1 -0 0
    outer loop
      vertex 0.599999 3 27.4
      vertex 0.599999 72.4 26.1
      vertex 0.599999 72.4 27.4
    endloop
  endfacet
  facet normal 1 0 0
    outer loop
      vertex 0.599999 72.4 26.1
      vertex 0.599999 3 27.4
      vertex 0.599999 3 26.1
    endloop
  endfacet
  facet normal -0.0786053 -0.996906 0
    outer loop
      vertex 75.4 74.8 26.1
      vertex 75.7754 74.7704 27.4
      vertex 75.4 74.8 27.4
    endloop
  endfacet
  facet normal -0.0786053 -0.996906 -0
    outer loop
      vertex 75.7754 74.7704 27.4
      vertex 75.4 74.8 26.1
      vertex 75.7754 74.7704 26.1
    endloop
  endfacet
  facet normal -0.760515 0.64932 0
    outer loop
      vertex 77.0971 1.30294 26.1
      vertex 77.3416 1.58931 27.4
      vertex 77.3416 1.58931 26.1
    endloop
  endfacet
  facet normal -0.760515 0.64932 0
    outer loop
      vertex 77.3416 1.58931 27.4
      vertex 77.0971 1.30294 26.1
      vertex 77.0971 1.30294 27.4
    endloop
  endfacet
  facet normal -0.078468 0.996917 0
    outer loop
      vertex 75.7754 0.629547 26.1
      vertex 75.4 0.599999 27.4
      vertex 75.7754 0.629547 27.4
    endloop
  endfacet
  facet normal -0.078468 0.996917 0
    outer loop
      vertex 75.4 0.599999 27.4
      vertex 75.7754 0.629547 26.1
      vertex 75.4 0.599999 26.1
    endloop
  endfacet
  facet normal -0.382626 0.923903 0
    outer loop
      vertex 76.4896 0.861584 26.1
      vertex 76.1416 0.717463 27.4
      vertex 76.4896 0.861584 27.4
    endloop
  endfacet
  facet normal -0.382626 0.923903 0
    outer loop
      vertex 76.1416 0.717463 27.4
      vertex 76.4896 0.861584 26.1
      vertex 76.1416 0.717463 26.1
    endloop
  endfacet
  facet normal 0.760444 -0.649404 0
    outer loop
      vertex 1.05836 73.8107 27.4
      vertex 1.30294 74.0971 26.1
      vertex 1.30294 74.0971 27.4
    endloop
  endfacet
  facet normal 0.760444 -0.649404 0
    outer loop
      vertex 1.30294 74.0971 26.1
      vertex 1.05836 73.8107 27.4
      vertex 1.05836 73.8107 26.1
    endloop
  endfacet
  facet normal 0 0 1
    outer loop
      vertex 76.1217 72.0944 26.1
      vertex 77.8 72.4 26.1
      vertex 77.7704 72.7754 26.1
    endloop
  endfacet
  facet normal 0 0 1
    outer loop
      vertex 77.8 72.4 26.1
      vertex 76.2 71.6 26.1
      vertex 77.8 3 26.1
    endloop
  endfacet
  facet normal 0 0 1
    outer loop
      vertex 76.0256 72.3264 26.1
      vertex 77.7704 72.7754 26.1
      vertex 77.6825 73.1416 26.1
    endloop
  endfacet
  facet normal -0 0 1
    outer loop
      vertex 76.2 3.8 26.1
      vertex 77.8 3 26.1
      vertex 76.2 71.6 26.1
    endloop
  endfacet
  facet normal 0 0 1
    outer loop
      vertex 75.8944 72.5405 26.1
      vertex 77.6825 73.1416 26.1
      vertex 77.5384 73.4896 26.1
    endloop
  endfacet
  facet normal -0 0 1
    outer loop
      vertex 76.1803 3.5497 26.1
      vertex 77.8 3 26.1
      vertex 76.2 3.8 26.1
    endloop
  endfacet
  facet normal 0 0 1
    outer loop
      vertex 75.8944 72.5405 26.1
      vertex 77.5384 73.4896 26.1
      vertex 77.3416 73.8107 26.1
    endloop
  endfacet
  facet normal -0 0 1
    outer loop
      vertex 76.1217 3.30557 26.1
      vertex 77.8 3 26.1
      vertex 76.1803 3.5497 26.1
    endloop
  endfacet
  facet normal 0 0 1
    outer loop
      vertex 75.7314 72.7314 26.1
      vertex 77.3416 73.8107 26.1
      vertex 77.0971 74.0971 26.1
    endloop
  endfacet
  facet normal 0 0 1
    outer loop
      vertex 77.8 3 26.1
      vertex 76.1217 3.30557 26.1
      vertex 77.7704 2.62456 26.1
    endloop
  endfacet
  facet normal 0 0 1
    outer loop
      vertex 75.7314 72.7314 26.1
      vertex 77.0971 74.0971 26.1
      vertex 76.8107 74.3416 26.1
    endloop
  endfacet
  facet normal -0 0 1
    outer loop
      vertex 76.0256 3.07361 26.1
      vertex 77.7704 2.62456 26.1
      vertex 76.1217 3.30557 26.1
    endloop
  endfacet
  facet normal 0 0 1
    outer loop
      vertex 75.5405 72.8944 26.1
      vertex 76.8107 74.3416 26.1
      vertex 76.4896 74.5384 26.1
    endloop
  endfacet
  facet normal 0 0 1
    outer loop
      vertex 77.7704 2.62456 26.1
      vertex 76.0256 3.07361 26.1
      vertex 77.6825 2.25836 26.1
    endloop
  endfacet
  facet normal -0 0 1
    outer loop
      vertex 75.8944 2.85954 26.1
      vertex 77.6825 2.25836 26.1
      vertex 76.0256 3.07361 26.1
    endloop
  endfacet
  facet normal 0 0 1
    outer loop
      vertex 77.8 72.4 26.1
      vertex 76.1803 71.8503 26.1
      vertex 76.2 71.6 26.1
    endloop
  endfacet
  facet normal 0 0 1
    outer loop
      vertex 75.5405 72.8944 26.1
      vertex 76.4896 74.5384 26.1
      vertex 76.1416 74.6825 26.1
    endloop
  endfacet
  facet normal 0 0 1
    outer loop
      vertex 77.8 72.4 26.1
      vertex 76.1217 72.0944 26.1
      vertex 76.1803 71.8503 26.1
    endloop
  endfacet
  facet normal 0 0 1
    outer loop
      vertex 77.7704 72.7754 26.1
      vertex 76.0256 72.3264 26.1
      vertex 76.1217 72.0944 26.1
    endloop
  endfacet
  facet normal 0 0 1
    outer loop
      vertex 77.6825 73.1416 26.1
      vertex 75.8944 72.5405 26.1
      vertex 76.0256 72.3264 26.1
    endloop
  endfacet
  facet normal 0 0 1
    outer loop
      vertex 75.3264 73.0256 26.1
      vertex 76.1416 74.6825 26.1
      vertex 75.7754 74.7704 26.1
    endloop
  endfacet
  facet normal 0 0 1
    outer loop
      vertex 77.3416 73.8107 26.1
      vertex 75.7314 72.7314 26.1
      vertex 75.8944 72.5405 26.1
    endloop
  endfacet
  facet normal 0 0 1
    outer loop
      vertex 76.8107 74.3416 26.1
      vertex 75.5405 72.8944 26.1
      vertex 75.7314 72.7314 26.1
    endloop
  endfacet
  facet normal 0 0 1
    outer loop
      vertex 75.0944 73.1217 26.1
      vertex 75.7754 74.7704 26.1
      vertex 75.4 74.8 26.1
    endloop
  endfacet
  facet normal 0 0 1
    outer loop
      vertex 76.1416 74.6825 26.1
      vertex 75.3264 73.0256 26.1
      vertex 75.5405 72.8944 26.1
    endloop
  endfacet
  facet normal 0 0 1
    outer loop
      vertex 75.7754 74.7704 26.1
      vertex 75.0944 73.1217 26.1
      vertex 75.3264 73.0256 26.1
    endloop
  endfacet
  facet normal 0 0 1
    outer loop
      vertex 75.4 74.8 26.1
      vertex 74.8503 73.1803 26.1
      vertex 75.0944 73.1217 26.1
    endloop
  endfacet
  facet normal 0 0 1
    outer loop
      vertex 75.4 74.8 26.1
      vertex 74.6 73.2 26.1
      vertex 74.8503 73.1803 26.1
    endloop
  endfacet
  facet normal 0 0 1
    outer loop
      vertex 75.4 74.8 26.1
      vertex 3.8 73.2 26.1
      vertex 74.6 73.2 26.1
    endloop
  endfacet
  facet normal -0 0 1
    outer loop
      vertex 3 74.8 26.1
      vertex 3.8 73.2 26.1
      vertex 75.4 74.8 26.1
    endloop
  endfacet
  facet normal 0 0 1
    outer loop
      vertex 3 74.8 26.1
      vertex 3.5497 73.1803 26.1
      vertex 3.8 73.2 26.1
    endloop
  endfacet
  facet normal 0 0 1
    outer loop
      vertex 3 74.8 26.1
      vertex 3.30557 73.1217 26.1
      vertex 3.5497 73.1803 26.1
    endloop
  endfacet
  facet normal -0 0 1
    outer loop
      vertex 2.62456 74.7704 26.1
      vertex 3.30557 73.1217 26.1
      vertex 3 74.8 26.1
    endloop
  endfacet
  facet normal 0 0 1
    outer loop
      vertex 3.30557 73.1217 26.1
      vertex 2.62456 74.7704 26.1
      vertex 3.07361 73.0256 26.1
    endloop
  endfacet
  facet normal -0 0 1
    outer loop
      vertex 2.25836 74.6825 26.1
      vertex 3.07361 73.0256 26.1
      vertex 2.62456 74.7704 26.1
    endloop
  endfacet
  facet normal 0 0 1
    outer loop
      vertex 3.07361 73.0256 26.1
      vertex 2.25836 74.6825 26.1
      vertex 2.85954 72.8944 26.1
    endloop
  endfacet
  facet normal -0 0 1
    outer loop
      vertex 1.91042 74.5384 26.1
      vertex 2.85954 72.8944 26.1
      vertex 2.25836 74.6825 26.1
    endloop
  endfacet
  facet normal -0 0 1
    outer loop
      vertex 1.58931 74.3416 26.1
      vertex 2.85954 72.8944 26.1
      vertex 1.91042 74.5384 26.1
    endloop
  endfacet
  facet normal 0 0 1
    outer loop
      vertex 2.85954 72.8944 26.1
      vertex 1.58931 74.3416 26.1
      vertex 2.66863 72.7314 26.1
    endloop
  endfacet
  facet normal -0 0 1
    outer loop
      vertex 1.30294 74.0971 26.1
      vertex 2.66863 72.7314 26.1
      vertex 1.58931 74.3416 26.1
    endloop
  endfacet
  facet normal -0 0 1
    outer loop
      vertex 1.05836 73.8107 26.1
      vertex 2.66863 72.7314 26.1
      vertex 1.30294 74.0971 26.1
    endloop
  endfacet
  facet normal 0 0 1
    outer loop
      vertex 2.66863 72.7314 26.1
      vertex 1.05836 73.8107 26.1
      vertex 2.50557 72.5405 26.1
    endloop
  endfacet
  facet normal -0 0 1
    outer loop
      vertex 0.717463 73.1416 26.1
      vertex 2.50557 72.5405 26.1
      vertex 0.861584 73.4896 26.1
    endloop
  endfacet
  facet normal -0 0 1
    outer loop
      vertex 0.861584 73.4896 26.1
      vertex 2.50557 72.5405 26.1
      vertex 1.05836 73.8107 26.1
    endloop
  endfacet
  facet normal 0 0 1
    outer loop
      vertex 77.6825 2.25836 26.1
      vertex 75.8944 2.85954 26.1
      vertex 77.5384 1.91042 26.1
    endloop
  endfacet
  facet normal 0 0 1
    outer loop
      vertex 77.5384 1.91042 26.1
      vertex 75.8944 2.85954 26.1
      vertex 77.3416 1.58931 26.1
    endloop
  endfacet
  facet normal -0 0 1
    outer loop
      vertex 75.7314 2.66863 26.1
      vertex 77.3416 1.58931 26.1
      vertex 75.8944 2.85954 26.1
    endloop
  endfacet
  facet normal 0 0 1
    outer loop
      vertex 77.3416 1.58931 26.1
      vertex 75.7314 2.66863 26.1
      vertex 77.0971 1.30294 26.1
    endloop
  endfacet
  facet normal 0 0 1
    outer loop
      vertex 77.0971 1.30294 26.1
      vertex 75.7314 2.66863 26.1
      vertex 76.8107 1.05836 26.1
    endloop
  endfacet
  facet normal -0 0 1
    outer loop
      vertex 75.5405 2.50557 26.1
      vertex 76.8107 1.05836 26.1
      vertex 75.7314 2.66863 26.1
    endloop
  endfacet
  facet normal 0 0 1
    outer loop
      vertex 76.8107 1.05836 26.1
      vertex 75.5405 2.50557 26.1
      vertex 76.4896 0.861584 26.1
    endloop
  endfacet
  facet normal 0 0 1
    outer loop
      vertex 76.4896 0.861584 26.1
      vertex 75.5405 2.50557 26.1
      vertex 76.1416 0.717463 26.1
    endloop
  endfacet
  facet normal -0 0 1
    outer loop
      vertex 75.3264 2.37439 26.1
      vertex 76.1416 0.717463 26.1
      vertex 75.5405 2.50557 26.1
    endloop
  endfacet
  facet normal 0 0 1
    outer loop
      vertex 76.1416 0.717463 26.1
      vertex 75.3264 2.37439 26.1
      vertex 75.7754 0.629547 26.1
    endloop
  endfacet
  facet normal -0 0 1
    outer loop
      vertex 75.0944 2.27831 26.1
      vertex 75.7754 0.629547 26.1
      vertex 75.3264 2.37439 26.1
    endloop
  endfacet
  facet normal 0 0 1
    outer loop
      vertex 75.7754 0.629547 26.1
      vertex 75.0944 2.27831 26.1
      vertex 75.4 0.599999 26.1
    endloop
  endfacet
  facet normal -0 0 1
    outer loop
      vertex 74.8503 2.2197 26.1
      vertex 75.4 0.599999 26.1
      vertex 75.0944 2.27831 26.1
    endloop
  endfacet
  facet normal -0 0 1
    outer loop
      vertex 74.6 2.2 26.1
      vertex 75.4 0.599999 26.1
      vertex 74.8503 2.2197 26.1
    endloop
  endfacet
  facet normal -0 0 1
    outer loop
      vertex 3.8 2.2 26.1
      vertex 75.4 0.599999 26.1
      vertex 74.6 2.2 26.1
    endloop
  endfacet
  facet normal 0 0 1
    outer loop
      vertex 3.8 2.2 26.1
      vertex 3 0.599999 26.1
      vertex 75.4 0.599999 26.1
    endloop
  endfacet
  facet normal 0 0 1
    outer loop
      vertex 3.5497 2.2197 26.1
      vertex 3 0.599999 26.1
      vertex 3.8 2.2 26.1
    endloop
  endfacet
  facet normal 0 0 1
    outer loop
      vertex 3.30557 2.27831 26.1
      vertex 3 0.599999 26.1
      vertex 3.5497 2.2197 26.1
    endloop
  endfacet
  facet normal 0 0 1
    outer loop
      vertex 2.62456 0.629547 26.1
      vertex 3.30557 2.27831 26.1
      vertex 3.07361 2.37439 26.1
    endloop
  endfacet
  facet normal 0 0 1
    outer loop
      vertex 2.25836 0.717463 26.1
      vertex 3.07361 2.37439 26.1
      vertex 2.85954 2.50557 26.1
    endloop
  endfacet
  facet normal 0 0 1
    outer loop
      vertex 1.58931 1.05836 26.1
      vertex 2.85954 2.50557 26.1
      vertex 2.66863 2.66863 26.1
    endloop
  endfacet
  facet normal 0 0 1
    outer loop
      vertex 3.30557 2.27831 26.1
      vertex 2.62456 0.629547 26.1
      vertex 3 0.599999 26.1
    endloop
  endfacet
  facet normal 0 0 1
    outer loop
      vertex 1.05836 1.58931 26.1
      vertex 2.66863 2.66863 26.1
      vertex 2.50557 2.85954 26.1
    endloop
  endfacet
  facet normal 0 0 1
    outer loop
      vertex 0.717463 2.25836 26.1
      vertex 2.50557 2.85954 26.1
      vertex 2.37439 3.07361 26.1
    endloop
  endfacet
  facet normal 0 0 1
    outer loop
      vertex 0.629547 2.62456 26.1
      vertex 2.37439 3.07361 26.1
      vertex 2.27831 3.30557 26.1
    endloop
  endfacet
  facet normal 0 0 1
    outer loop
      vertex 3.07361 2.37439 26.1
      vertex 2.25836 0.717463 26.1
      vertex 2.62456 0.629547 26.1
    endloop
  endfacet
  facet normal 0 0 1
    outer loop
      vertex 0.599999 3 26.1
      vertex 2.27831 3.30557 26.1
      vertex 2.2197 3.5497 26.1
    endloop
  endfacet
  facet normal 0 0 1
    outer loop
      vertex 0.599999 3 26.1
      vertex 2.2197 3.5497 26.1
      vertex 2.2 3.8 26.1
    endloop
  endfacet
  facet normal 0 0 1
    outer loop
      vertex 2.85954 2.50557 26.1
      vertex 1.91042 0.861584 26.1
      vertex 2.25836 0.717463 26.1
    endloop
  endfacet
  facet normal 0 0 1
    outer loop
      vertex 2.2 71.6 26.1
      vertex 0.599999 72.4 26.1
      vertex 2.2 3.8 26.1
    endloop
  endfacet
  facet normal 0 0 1
    outer loop
      vertex 2.50557 72.5405 26.1
      vertex 0.717463 73.1416 26.1
      vertex 2.37439 72.3264 26.1
    endloop
  endfacet
  facet normal 0 0 1
    outer loop
      vertex 0.599999 3 26.1
      vertex 2.2 3.8 26.1
      vertex 0.599999 72.4 26.1
    endloop
  endfacet
  facet normal -0 0 1
    outer loop
      vertex 0.629547 72.7754 26.1
      vertex 2.37439 72.3264 26.1
      vertex 0.717463 73.1416 26.1
    endloop
  endfacet
  facet normal 0 0 1
    outer loop
      vertex 2.27831 3.30557 26.1
      vertex 0.599999 3 26.1
      vertex 0.629547 2.62456 26.1
    endloop
  endfacet
  facet normal 0 0 1
    outer loop
      vertex 2.37439 72.3264 26.1
      vertex 0.629547 72.7754 26.1
      vertex 2.27831 72.0944 26.1
    endloop
  endfacet
  facet normal 0 0 1
    outer loop
      vertex 2.85954 2.50557 26.1
      vertex 1.58931 1.05836 26.1
      vertex 1.91042 0.861584 26.1
    endloop
  endfacet
  facet normal -0 0 1
    outer loop
      vertex 0.599999 72.4 26.1
      vertex 2.27831 72.0944 26.1
      vertex 0.629547 72.7754 26.1
    endloop
  endfacet
  facet normal 0 0 1
    outer loop
      vertex 2.66863 2.66863 26.1
      vertex 1.30294 1.30294 26.1
      vertex 1.58931 1.05836 26.1
    endloop
  endfacet
  facet normal 0 0 1
    outer loop
      vertex 2.27831 72.0944 26.1
      vertex 0.599999 72.4 26.1
      vertex 2.2197 71.8503 26.1
    endloop
  endfacet
  facet normal 0 0 1
    outer loop
      vertex 2.66863 2.66863 26.1
      vertex 1.05836 1.58931 26.1
      vertex 1.30294 1.30294 26.1
    endloop
  endfacet
  facet normal 0 0 1
    outer loop
      vertex 2.2197 71.8503 26.1
      vertex 0.599999 72.4 26.1
      vertex 2.2 71.6 26.1
    endloop
  endfacet
  facet normal 0 0 1
    outer loop
      vertex 2.50557 2.85954 26.1
      vertex 0.861584 1.91042 26.1
      vertex 1.05836 1.58931 26.1
    endloop
  endfacet
  facet normal 0 0 1
    outer loop
      vertex 2.50557 2.85954 26.1
      vertex 0.717463 2.25836 26.1
      vertex 0.861584 1.91042 26.1
    endloop
  endfacet
  facet normal 0 0 1
    outer loop
      vertex 2.37439 3.07361 26.1
      vertex 0.629547 2.62456 26.1
      vertex 0.717463 2.25836 26.1
    endloop
  endfacet
  facet normal 0.0785969 -0.996906 0
    outer loop
      vertex 2.62456 74.7704 26.1
      vertex 3 74.8 27.4
      vertex 2.62456 74.7704 27.4
    endloop
  endfacet
  facet normal 0.0785969 -0.996906 0
    outer loop
      vertex 3 74.8 27.4
      vertex 2.62456 74.7704 26.1
      vertex 3 74.8 26.1
    endloop
  endfacet
  facet normal 0 1 -0
    outer loop
      vertex 75.4 0.599999 26.1
      vertex 3 0.599999 27.4
      vertex 75.4 0.599999 27.4
    endloop
  endfacet
  facet normal 0 1 0
    outer loop
      vertex 3 0.599999 27.4
      vertex 75.4 0.599999 26.1
      vertex 3 0.599999 26.1
    endloop
  endfacet
  facet normal -0.52251 0.852633 0
    outer loop
      vertex 76.8107 1.05836 26.1
      vertex 76.4896 0.861584 27.4
      vertex 76.8107 1.05836 27.4
    endloop
  endfacet
  facet normal -0.52251 0.852633 0
    outer loop
      vertex 76.4896 0.861584 27.4
      vertex 76.8107 1.05836 26.1
      vertex 76.4896 0.861584 26.1
    endloop
  endfacet
  facet normal 0.996917 -0.078468 0
    outer loop
      vertex 0.599999 72.4 27.4
      vertex 0.629547 72.7754 26.1
      vertex 0.629547 72.7754 27.4
    endloop
  endfacet
  facet normal 0.996917 -0.078468 0
    outer loop
      vertex 0.629547 72.7754 26.1
      vertex 0.599999 72.4 27.4
      vertex 0.599999 72.4 26.1
    endloop
  endfacet
  facet normal 0.92388 0.382682 0
    outer loop
      vertex 0.861584 1.91042 27.4
      vertex 0.717463 2.25836 26.1
      vertex 0.717463 2.25836 27.4
    endloop
  endfacet
  facet normal 0.92388 0.382682 0
    outer loop
      vertex 0.717463 2.25836 26.1
      vertex 0.861584 1.91042 27.4
      vertex 0.861584 1.91042 26.1
    endloop
  endfacet
  facet normal 0.996917 0.0784597 0
    outer loop
      vertex 0.629547 2.62456 27.4
      vertex 0.599999 3 26.1
      vertex 0.599999 3 27.4
    endloop
  endfacet
  facet normal 0.996917 0.0784597 0
    outer loop
      vertex 0.599999 3 26.1
      vertex 0.629547 2.62456 27.4
      vertex 0.629547 2.62456 26.1
    endloop
  endfacet
  facet normal 0.649443 0.76041 -0
    outer loop
      vertex 1.58931 1.05836 26.1
      vertex 1.30294 1.30294 27.4
      vertex 1.58931 1.05836 27.4
    endloop
  endfacet
  facet normal 0.649443 0.76041 0
    outer loop
      vertex 1.30294 1.30294 27.4
      vertex 1.58931 1.05836 26.1
      vertex 1.30294 1.30294 26.1
    endloop
  endfacet
  facet normal 0.852641 0.522498 0
    outer loop
      vertex 1.05836 1.58931 27.4
      vertex 0.861584 1.91042 26.1
      vertex 0.861584 1.91042 27.4
    endloop
  endfacet
  facet normal 0.852641 0.522498 0
    outer loop
      vertex 0.861584 1.91042 26.1
      vertex 1.05836 1.58931 27.4
      vertex 1.05836 1.58931 26.1
    endloop
  endfacet
  facet normal -0.233403 -0.97238 0
    outer loop
      vertex 75.7754 74.7704 26.1
      vertex 76.1416 74.6825 27.4
      vertex 75.7754 74.7704 27.4
    endloop
  endfacet
  facet normal -0.233403 -0.97238 -0
    outer loop
      vertex 76.1416 74.6825 27.4
      vertex 75.7754 74.7704 26.1
      vertex 76.1416 74.6825 26.1
    endloop
  endfacet
  facet normal 0 -1 0
    outer loop
      vertex 3 74.8 26.1
      vertex 75.4 74.8 27.4
      vertex 3 74.8 27.4
    endloop
  endfacet
  facet normal 0 -1 -0
    outer loop
      vertex 75.4 74.8 27.4
      vertex 3 74.8 26.1
      vertex 75.4 74.8 26.1
    endloop
  endfacet
  facet normal -0.852605 -0.522556 0
    outer loop
      vertex 77.5384 73.4896 26.1
      vertex 77.3416 73.8107 27.4
      vertex 77.3416 73.8107 26.1
    endloop
  endfacet
  facet normal -0.852605 -0.522556 0
    outer loop
      vertex 77.3416 73.8107 27.4
      vertex 77.5384 73.4896 26.1
      vertex 77.5384 73.4896 27.4
    endloop
  endfacet
  facet normal -1 0 0
    outer loop
      vertex 77.8 3 26.1
      vertex 77.8 72.4 27.4
      vertex 77.8 72.4 26.1
    endloop
  endfacet
  facet normal -1 -0 0
    outer loop
      vertex 77.8 72.4 27.4
      vertex 77.8 3 26.1
      vertex 77.8 3 27.4
    endloop
  endfacet
  facet normal 0.233443 0.97237 -0
    outer loop
      vertex 2.62456 0.629547 26.1
      vertex 2.25836 0.717463 27.4
      vertex 2.62456 0.629547 27.4
    endloop
  endfacet
  facet normal 0.233443 0.97237 0
    outer loop
      vertex 2.25836 0.717463 27.4
      vertex 2.62456 0.629547 26.1
      vertex 2.25836 0.717463 26.1
    endloop
  endfacet
  facet normal 0.0784597 0.996917 -0
    outer loop
      vertex 3 0.599999 26.1
      vertex 2.62456 0.629547 27.4
      vertex 3 0.599999 27.4
    endloop
  endfacet
  facet normal 0.0784597 0.996917 0
    outer loop
      vertex 2.62456 0.629547 27.4
      vertex 3 0.599999 26.1
      vertex 2.62456 0.629547 26.1
    endloop
  endfacet
  facet normal -0.233443 0.97237 0
    outer loop
      vertex 76.1416 0.717463 26.1
      vertex 75.7754 0.629547 27.4
      vertex 76.1416 0.717463 27.4
    endloop
  endfacet
  facet normal -0.233443 0.97237 0
    outer loop
      vertex 75.7754 0.629547 27.4
      vertex 76.1416 0.717463 26.1
      vertex 75.7754 0.629547 26.1
    endloop
  endfacet
  facet normal -0.649404 0.760444 0
    outer loop
      vertex 77.0971 1.30294 26.1
      vertex 76.8107 1.05836 27.4
      vertex 77.0971 1.30294 27.4
    endloop
  endfacet
  facet normal -0.649404 0.760444 0
    outer loop
      vertex 76.8107 1.05836 27.4
      vertex 77.0971 1.30294 26.1
      vertex 76.8107 1.05836 26.1
    endloop
  endfacet
  facet normal 0.522544 -0.852612 0
    outer loop
      vertex 1.58931 74.3416 26.1
      vertex 1.91042 74.5384 27.4
      vertex 1.58931 74.3416 27.4
    endloop
  endfacet
  facet normal 0.522544 -0.852612 0
    outer loop
      vertex 1.91042 74.5384 27.4
      vertex 1.58931 74.3416 26.1
      vertex 1.91042 74.5384 26.1
    endloop
  endfacet
  facet normal 0.64932 -0.760515 0
    outer loop
      vertex 1.30294 74.0971 26.1
      vertex 1.58931 74.3416 27.4
      vertex 1.30294 74.0971 27.4
    endloop
  endfacet
  facet normal 0.64932 -0.760515 0
    outer loop
      vertex 1.58931 74.3416 27.4
      vertex 1.30294 74.0971 26.1
      vertex 1.58931 74.3416 26.1
    endloop
  endfacet
  facet normal 0.923903 -0.382626 0
    outer loop
      vertex 0.717463 73.1416 27.4
      vertex 0.861584 73.4896 26.1
      vertex 0.861584 73.4896 27.4
    endloop
  endfacet
  facet normal 0.923903 -0.382626 0
    outer loop
      vertex 0.861584 73.4896 26.1
      vertex 0.717463 73.1416 27.4
      vertex 0.717463 73.1416 26.1
    endloop
  endfacet
  facet normal 0.97237 -0.233443 0
    outer loop
      vertex 0.629547 72.7754 27.4
      vertex 0.717463 73.1416 26.1
      vertex 0.717463 73.1416 27.4
    endloop
  endfacet
  facet normal 0.97237 -0.233443 0
    outer loop
      vertex 0.717463 73.1416 26.1
      vertex 0.629547 72.7754 27.4
      vertex 0.629547 72.7754 26.1
    endloop
  endfacet
  facet normal 0.97237 0.233443 0
    outer loop
      vertex 0.717463 2.25836 27.4
      vertex 0.629547 2.62456 26.1
      vertex 0.629547 2.62456 27.4
    endloop
  endfacet
  facet normal 0.97237 0.233443 0
    outer loop
      vertex 0.629547 2.62456 26.1
      vertex 0.717463 2.25836 27.4
      vertex 0.717463 2.25836 26.1
    endloop
  endfacet
  facet normal 0.76041 0.649443 0
    outer loop
      vertex 1.30294 1.30294 27.4
      vertex 1.05836 1.58931 26.1
      vertex 1.05836 1.58931 27.4
    endloop
  endfacet
  facet normal 0.76041 0.649443 0
    outer loop
      vertex 1.05836 1.58931 26.1
      vertex 1.30294 1.30294 27.4
      vertex 1.30294 1.30294 26.1
    endloop
  endfacet
  facet normal -0.649281 -0.760549 0
    outer loop
      vertex 76.8107 74.3416 26.1
      vertex 77.0971 74.0971 27.4
      vertex 76.8107 74.3416 27.4
    endloop
  endfacet
  facet normal -0.649281 -0.760549 -0
    outer loop
      vertex 77.0971 74.0971 27.4
      vertex 76.8107 74.3416 26.1
      vertex 77.0971 74.0971 26.1
    endloop
  endfacet
  facet normal -0.760549 -0.649281 0
    outer loop
      vertex 77.3416 73.8107 26.1
      vertex 77.0971 74.0971 27.4
      vertex 77.0971 74.0971 26.1
    endloop
  endfacet
  facet normal -0.760549 -0.649281 0
    outer loop
      vertex 77.0971 74.0971 27.4
      vertex 77.3416 73.8107 26.1
      vertex 77.3416 73.8107 27.4
    endloop
  endfacet
  facet normal -0.9239 0.382635 0
    outer loop
      vertex 77.5384 1.91042 26.1
      vertex 77.6825 2.25836 27.4
      vertex 77.6825 2.25836 26.1
    endloop
  endfacet
  facet normal -0.9239 0.382635 0
    outer loop
      vertex 77.6825 2.25836 27.4
      vertex 77.5384 1.91042 26.1
      vertex 77.5384 1.91042 27.4
    endloop
  endfacet
  facet normal -0.923923 -0.382578 0
    outer loop
      vertex 77.6825 73.1416 26.1
      vertex 77.5384 73.4896 27.4
      vertex 77.5384 73.4896 26.1
    endloop
  endfacet
  facet normal -0.923923 -0.382578 0
    outer loop
      vertex 77.5384 73.4896 27.4
      vertex 77.6825 73.1416 26.1
      vertex 77.6825 73.1416 27.4
    endloop
  endfacet
  facet normal -0.996906 0.0785969 0
    outer loop
      vertex 77.7704 2.62456 26.1
      vertex 77.8 3 27.4
      vertex 77.8 3 26.1
    endloop
  endfacet
  facet normal -0.996906 0.0785969 0
    outer loop
      vertex 77.8 3 27.4
      vertex 77.7704 2.62456 26.1
      vertex 77.7704 2.62456 27.4
    endloop
  endfacet
  facet normal 0.382682 0.92388 -0
    outer loop
      vertex 2.25836 0.717463 26.1
      vertex 1.91042 0.861584 27.4
      vertex 2.25836 0.717463 27.4
    endloop
  endfacet
  facet normal 0.382682 0.92388 0
    outer loop
      vertex 1.91042 0.861584 27.4
      vertex 2.25836 0.717463 26.1
      vertex 1.91042 0.861584 26.1
    endloop
  endfacet
  facet normal 0.852633 -0.52251 0
    outer loop
      vertex 0.861584 73.4896 27.4
      vertex 1.05836 73.8107 26.1
      vertex 1.05836 73.8107 27.4
    endloop
  endfacet
  facet normal 0.852633 -0.52251 0
    outer loop
      vertex 1.05836 73.8107 26.1
      vertex 0.861584 73.4896 27.4
      vertex 0.861584 73.4896 26.1
    endloop
  endfacet
  facet normal -0.522556 -0.852605 0
    outer loop
      vertex 76.4896 74.5384 26.1
      vertex 76.8107 74.3416 27.4
      vertex 76.4896 74.5384 27.4
    endloop
  endfacet
  facet normal -0.522556 -0.852605 -0
    outer loop
      vertex 76.8107 74.3416 27.4
      vertex 76.4896 74.5384 26.1
      vertex 76.8107 74.3416 26.1
    endloop
  endfacet
  facet normal -0.996906 -0.0786053 0
    outer loop
      vertex 77.8 72.4 26.1
      vertex 77.7704 72.7754 27.4
      vertex 77.7704 72.7754 26.1
    endloop
  endfacet
  facet normal -0.996906 -0.0786053 0
    outer loop
      vertex 77.7704 72.7754 27.4
      vertex 77.8 72.4 26.1
      vertex 77.8 72.4 27.4
    endloop
  endfacet
  facet normal -0.97238 0.233403 0
    outer loop
      vertex 77.6825 2.25836 26.1
      vertex 77.7704 2.62456 27.4
      vertex 77.7704 2.62456 26.1
    endloop
  endfacet
  facet normal -0.97238 0.233403 0
    outer loop
      vertex 77.7704 2.62456 27.4
      vertex 77.6825 2.25836 26.1
      vertex 77.6825 2.25836 27.4
    endloop
  endfacet
  facet normal -0.852612 0.522544 0
    outer loop
      vertex 77.3416 1.58931 26.1
      vertex 77.5384 1.91042 27.4
      vertex 77.5384 1.91042 26.1
    endloop
  endfacet
  facet normal -0.852612 0.522544 0
    outer loop
      vertex 77.5384 1.91042 27.4
      vertex 77.3416 1.58931 26.1
      vertex 77.3416 1.58931 27.4
    endloop
  endfacet
  facet normal 0.382635 -0.9239 0
    outer loop
      vertex 1.91042 74.5384 26.1
      vertex 2.25836 74.6825 27.4
      vertex 1.91042 74.5384 27.4
    endloop
  endfacet
  facet normal 0.382635 -0.9239 0
    outer loop
      vertex 2.25836 74.6825 27.4
      vertex 1.91042 74.5384 26.1
      vertex 2.25836 74.6825 26.1
    endloop
  endfacet
  facet normal 0.233403 -0.97238 0
    outer loop
      vertex 2.25836 74.6825 26.1
      vertex 2.62456 74.7704 27.4
      vertex 2.25836 74.6825 27.4
    endloop
  endfacet
  facet normal 0.233403 -0.97238 0
    outer loop
      vertex 2.62456 74.7704 27.4
      vertex 2.25836 74.6825 26.1
      vertex 2.62456 74.7704 26.1
    endloop
  endfacet
  facet normal -0.97238 -0.233403 0
    outer loop
      vertex 77.7704 72.7754 26.1
      vertex 77.6825 73.1416 27.4
      vertex 77.6825 73.1416 26.1
    endloop
  endfacet
  facet normal -0.97238 -0.233403 0
    outer loop
      vertex 77.6825 73.1416 27.4
      vertex 77.7704 72.7754 26.1
      vertex 77.7704 72.7754 27.4
    endloop
  endfacet
  facet normal -0.996917 -0.0784629 0
    outer loop
      vertex 2.2197 3.5497 26.1
      vertex 2.2 3.8 27.4
      vertex 2.2 3.8 26.1
    endloop
  endfacet
  facet normal -0.996917 -0.0784629 0
    outer loop
      vertex 2.2 3.8 27.4
      vertex 2.2197 3.5497 26.1
      vertex 2.2197 3.5497 27.4
    endloop
  endfacet
  facet normal 0.996917 0.0784629 0
    outer loop
      vertex 76.2 71.6 27.4
      vertex 76.1803 71.8503 26.1
      vertex 76.1803 71.8503 27.4
    endloop
  endfacet
  facet normal 0.996917 0.0784629 0
    outer loop
      vertex 76.1803 71.8503 26.1
      vertex 76.2 71.6 27.4
      vertex 76.2 71.6 26.1
    endloop
  endfacet
  facet normal 1 -0 0
    outer loop
      vertex 76.2 3.8 27.4
      vertex 76.2 71.6 26.1
      vertex 76.2 71.6 27.4
    endloop
  endfacet
  facet normal 1 0 0
    outer loop
      vertex 76.2 71.6 26.1
      vertex 76.2 3.8 27.4
      vertex 76.2 3.8 26.1
    endloop
  endfacet
  facet normal 0 -1 0
    outer loop
      vertex 3.8 2.2 26.1
      vertex 74.6 2.2 27.4
      vertex 3.8 2.2 27.4
    endloop
  endfacet
  facet normal 0 -1 -0
    outer loop
      vertex 74.6 2.2 27.4
      vertex 3.8 2.2 26.1
      vertex 74.6 2.2 26.1
    endloop
  endfacet
  facet normal 0.852641 0.522497 0
    outer loop
      vertex 76.0256 72.3264 27.4
      vertex 75.8944 72.5405 26.1
      vertex 75.8944 72.5405 27.4
    endloop
  endfacet
  facet normal 0.852641 0.522497 0
    outer loop
      vertex 75.8944 72.5405 26.1
      vertex 76.0256 72.3264 27.4
      vertex 76.0256 72.3264 26.1
    endloop
  endfacet
  facet normal 0 1 -0
    outer loop
      vertex 74.6 73.2 26.1
      vertex 3.8 73.2 27.4
      vertex 74.6 73.2 27.4
    endloop
  endfacet
  facet normal 0 1 0
    outer loop
      vertex 3.8 73.2 27.4
      vertex 74.6 73.2 26.1
      vertex 3.8 73.2 26.1
    endloop
  endfacet
  facet normal 0.760493 0.649347 0
    outer loop
      vertex 75.8944 72.5405 27.4
      vertex 75.7314 72.7314 26.1
      vertex 75.7314 72.7314 27.4
    endloop
  endfacet
  facet normal 0.760493 0.649347 0
    outer loop
      vertex 75.7314 72.7314 26.1
      vertex 75.8944 72.5405 27.4
      vertex 75.8944 72.5405 26.1
    endloop
  endfacet
  facet normal 0.649485 -0.760374 0
    outer loop
      vertex 75.5405 2.50557 26.1
      vertex 75.7314 2.66863 27.4
      vertex 75.5405 2.50557 27.4
    endloop
  endfacet
  facet normal 0.649485 -0.760374 0
    outer loop
      vertex 75.7314 2.66863 27.4
      vertex 75.5405 2.50557 26.1
      vertex 75.7314 2.66863 26.1
    endloop
  endfacet
  facet normal -0.852644 -0.522492 0
    outer loop
      vertex 2.50557 2.85954 26.1
      vertex 2.37439 3.07361 27.4
      vertex 2.37439 3.07361 26.1
    endloop
  endfacet
  facet normal -0.852644 -0.522492 0
    outer loop
      vertex 2.37439 3.07361 27.4
      vertex 2.50557 2.85954 26.1
      vertex 2.50557 2.85954 27.4
    endloop
  endfacet
  facet normal -1 0 0
    outer loop
      vertex 2.2 3.8 26.1
      vertex 2.2 71.6 27.4
      vertex 2.2 71.6 26.1
    endloop
  endfacet
  facet normal -1 -0 0
    outer loop
      vertex 2.2 71.6 27.4
      vertex 2.2 3.8 26.1
      vertex 2.2 3.8 27.4
    endloop
  endfacet
  facet normal -0.996917 0.0784629 0
    outer loop
      vertex 2.2 71.6 26.1
      vertex 2.2197 71.8503 27.4
      vertex 2.2197 71.8503 26.1
    endloop
  endfacet
  facet normal -0.996917 0.0784629 0
    outer loop
      vertex 2.2197 71.8503 27.4
      vertex 2.2 71.6 26.1
      vertex 2.2 71.6 27.4
    endloop
  endfacet
  facet normal 0.0784629 0.996917 -0
    outer loop
      vertex 74.8503 73.1803 26.1
      vertex 74.6 73.2 27.4
      vertex 74.8503 73.1803 27.4
    endloop
  endfacet
  facet normal 0.0784629 0.996917 0
    outer loop
      vertex 74.6 73.2 27.4
      vertex 74.8503 73.1803 26.1
      vertex 74.6 73.2 26.1
    endloop
  endfacet
  facet normal 0.0784629 -0.996917 0
    outer loop
      vertex 74.6 2.2 26.1
      vertex 74.8503 2.2197 27.4
      vertex 74.6 2.2 27.4
    endloop
  endfacet
  facet normal 0.0784629 -0.996917 0
    outer loop
      vertex 74.8503 2.2197 27.4
      vertex 74.6 2.2 26.1
      vertex 74.8503 2.2197 26.1
    endloop
  endfacet
  facet normal 0.923853 -0.382748 0
    outer loop
      vertex 76.0256 3.07361 27.4
      vertex 76.1217 3.30557 26.1
      vertex 76.1217 3.30557 27.4
    endloop
  endfacet
  facet normal 0.923853 -0.382748 0
    outer loop
      vertex 76.1217 3.30557 26.1
      vertex 76.0256 3.07361 27.4
      vertex 76.0256 3.07361 26.1
    endloop
  endfacet
  facet normal 0.760509 -0.649327 0
    outer loop
      vertex 75.7314 2.66863 27.4
      vertex 75.8944 2.85954 26.1
      vertex 75.8944 2.85954 27.4
    endloop
  endfacet
  facet normal 0.760509 -0.649327 0
    outer loop
      vertex 75.8944 2.85954 26.1
      vertex 75.7314 2.66863 27.4
      vertex 75.7314 2.66863 26.1
    endloop
  endfacet
  facet normal -0.522492 -0.852644 0
    outer loop
      vertex 2.85954 2.50557 26.1
      vertex 3.07361 2.37439 27.4
      vertex 2.85954 2.50557 27.4
    endloop
  endfacet
  facet normal -0.522492 -0.852644 -0
    outer loop
      vertex 3.07361 2.37439 27.4
      vertex 2.85954 2.50557 26.1
      vertex 3.07361 2.37439 26.1
    endloop
  endfacet
  facet normal -0.852677 0.522439 0
    outer loop
      vertex 2.37439 72.3264 26.1
      vertex 2.50557 72.5405 27.4
      vertex 2.50557 72.5405 26.1
    endloop
  endfacet
  facet normal -0.852677 0.522439 0
    outer loop
      vertex 2.50557 72.5405 27.4
      vertex 2.37439 72.3264 26.1
      vertex 2.37439 72.3264 27.4
    endloop
  endfacet
  facet normal -0.760374 0.649485 0
    outer loop
      vertex 2.50557 72.5405 26.1
      vertex 2.66863 72.7314 27.4
      vertex 2.66863 72.7314 26.1
    endloop
  endfacet
  facet normal -0.760374 0.649485 0
    outer loop
      vertex 2.66863 72.7314 27.4
      vertex 2.50557 72.5405 26.1
      vertex 2.50557 72.5405 27.4
    endloop
  endfacet
  facet normal -0.649327 0.760509 0
    outer loop
      vertex 2.85954 72.8944 26.1
      vertex 2.66863 72.7314 27.4
      vertex 2.85954 72.8944 27.4
    endloop
  endfacet
  facet normal -0.649327 0.760509 0
    outer loop
      vertex 2.66863 72.7314 27.4
      vertex 2.85954 72.8944 26.1
      vertex 2.66863 72.7314 26.1
    endloop
  endfacet
  facet normal 0.649347 0.760493 -0
    outer loop
      vertex 75.7314 72.7314 26.1
      vertex 75.5405 72.8944 27.4
      vertex 75.7314 72.7314 27.4
    endloop
  endfacet
  facet normal 0.649347 0.760493 0
    outer loop
      vertex 75.5405 72.8944 27.4
      vertex 75.7314 72.7314 26.1
      vertex 75.5405 72.8944 26.1
    endloop
  endfacet
  facet normal 0.996917 -0.0784629 0
    outer loop
      vertex 76.1803 3.5497 27.4
      vertex 76.2 3.8 26.1
      vertex 76.2 3.8 27.4
    endloop
  endfacet
  facet normal 0.996917 -0.0784629 0
    outer loop
      vertex 76.2 3.8 26.1
      vertex 76.1803 3.5497 27.4
      vertex 76.1803 3.5497 26.1
    endloop
  endfacet
  facet normal 0.972379 -0.233406 0
    outer loop
      vertex 76.1217 3.30557 27.4
      vertex 76.1803 3.5497 26.1
      vertex 76.1803 3.5497 27.4
    endloop
  endfacet
  facet normal 0.972379 -0.233406 0
    outer loop
      vertex 76.1803 3.5497 26.1
      vertex 76.1217 3.30557 27.4
      vertex 76.1217 3.30557 26.1
    endloop
  endfacet
  facet normal 0.852609 -0.52255 0
    outer loop
      vertex 75.8944 2.85954 27.4
      vertex 76.0256 3.07361 26.1
      vertex 76.0256 3.07361 27.4
    endloop
  endfacet
  facet normal 0.852609 -0.52255 0
    outer loop
      vertex 76.0256 3.07361 26.1
      vertex 75.8944 2.85954 27.4
      vertex 75.8944 2.85954 26.1
    endloop
  endfacet
  facet normal -0.649465 -0.760391 0
    outer loop
      vertex 2.66863 2.66863 26.1
      vertex 2.85954 2.50557 27.4
      vertex 2.66863 2.66863 27.4
    endloop
  endfacet
  facet normal -0.649465 -0.760391 -0
    outer loop
      vertex 2.85954 2.50557 27.4
      vertex 2.66863 2.66863 26.1
      vertex 2.85954 2.50557 26.1
    endloop
  endfacet
  facet normal -0.97237 -0.233444 0
    outer loop
      vertex 2.27831 3.30557 26.1
      vertex 2.2197 3.5497 27.4
      vertex 2.2197 3.5497 26.1
    endloop
  endfacet
  facet normal -0.97237 -0.233444 0
    outer loop
      vertex 2.2197 3.5497 27.4
      vertex 2.27831 3.30557 26.1
      vertex 2.27831 3.30557 27.4
    endloop
  endfacet
  facet normal -0.760391 -0.649465 0
    outer loop
      vertex 2.66863 2.66863 26.1
      vertex 2.50557 2.85954 27.4
      vertex 2.50557 2.85954 26.1
    endloop
  endfacet
  facet normal -0.760391 -0.649465 0
    outer loop
      vertex 2.50557 2.85954 27.4
      vertex 2.66863 2.66863 26.1
      vertex 2.66863 2.66863 27.4
    endloop
  endfacet
  facet normal -0.38268 -0.923881 0
    outer loop
      vertex 3.07361 2.37439 26.1
      vertex 3.30557 2.27831 27.4
      vertex 3.07361 2.37439 27.4
    endloop
  endfacet
  facet normal -0.38268 -0.923881 -0
    outer loop
      vertex 3.30557 2.27831 27.4
      vertex 3.07361 2.37439 26.1
      vertex 3.30557 2.27831 26.1
    endloop
  endfacet
  facet normal -0.972364 0.233471 0
    outer loop
      vertex 2.2197 71.8503 26.1
      vertex 2.27831 72.0944 27.4
      vertex 2.27831 72.0944 26.1
    endloop
  endfacet
  facet normal -0.972364 0.233471 0
    outer loop
      vertex 2.27831 72.0944 27.4
      vertex 2.2197 71.8503 26.1
      vertex 2.2197 71.8503 27.4
    endloop
  endfacet
  facet normal -0.923904 0.382624 0
    outer loop
      vertex 2.27831 72.0944 26.1
      vertex 2.37439 72.3264 27.4
      vertex 2.37439 72.3264 26.1
    endloop
  endfacet
  facet normal -0.923904 0.382624 0
    outer loop
      vertex 2.37439 72.3264 27.4
      vertex 2.27831 72.0944 26.1
      vertex 2.27831 72.0944 27.4
    endloop
  endfacet
  facet normal -0.382748 0.923853 0
    outer loop
      vertex 3.30557 73.1217 26.1
      vertex 3.07361 73.0256 27.4
      vertex 3.30557 73.1217 27.4
    endloop
  endfacet
  facet normal -0.382748 0.923853 0
    outer loop
      vertex 3.07361 73.0256 27.4
      vertex 3.30557 73.1217 26.1
      vertex 3.07361 73.0256 26.1
    endloop
  endfacet
  facet normal -0.0784629 0.996917 0
    outer loop
      vertex 3.8 73.2 26.1
      vertex 3.5497 73.1803 27.4
      vertex 3.8 73.2 27.4
    endloop
  endfacet
  facet normal -0.0784629 0.996917 0
    outer loop
      vertex 3.5497 73.1803 27.4
      vertex 3.8 73.2 26.1
      vertex 3.5497 73.1803 26.1
    endloop
  endfacet
  facet normal -0.52255 0.852609 0
    outer loop
      vertex 3.07361 73.0256 26.1
      vertex 2.85954 72.8944 27.4
      vertex 3.07361 73.0256 27.4
    endloop
  endfacet
  facet normal -0.52255 0.852609 0
    outer loop
      vertex 2.85954 72.8944 27.4
      vertex 3.07361 73.0256 26.1
      vertex 2.85954 72.8944 26.1
    endloop
  endfacet
  facet normal 0.382692 0.923876 -0
    outer loop
      vertex 75.3264 73.0256 26.1
      vertex 75.0944 73.1217 27.4
      vertex 75.3264 73.0256 27.4
    endloop
  endfacet
  facet normal 0.382692 0.923876 0
    outer loop
      vertex 75.0944 73.1217 27.4
      vertex 75.3264 73.0256 26.1
      vertex 75.0944 73.1217 26.1
    endloop
  endfacet
  facet normal 0.522497 0.852641 -0
    outer loop
      vertex 75.5405 72.8944 26.1
      vertex 75.3264 73.0256 27.4
      vertex 75.5405 72.8944 27.4
    endloop
  endfacet
  facet normal 0.522497 0.852641 0
    outer loop
      vertex 75.3264 73.0256 27.4
      vertex 75.5405 72.8944 26.1
      vertex 75.3264 73.0256 26.1
    endloop
  endfacet
  facet normal 0.233433 0.972373 -0
    outer loop
      vertex 75.0944 73.1217 26.1
      vertex 74.8503 73.1803 27.4
      vertex 75.0944 73.1217 27.4
    endloop
  endfacet
  facet normal 0.233433 0.972373 0
    outer loop
      vertex 74.8503 73.1803 27.4
      vertex 75.0944 73.1217 26.1
      vertex 74.8503 73.1803 26.1
    endloop
  endfacet
  facet normal 0.923876 0.382692 0
    outer loop
      vertex 76.1217 72.0944 27.4
      vertex 76.0256 72.3264 26.1
      vertex 76.0256 72.3264 27.4
    endloop
  endfacet
  facet normal 0.923876 0.382692 0
    outer loop
      vertex 76.0256 72.3264 26.1
      vertex 76.1217 72.0944 27.4
      vertex 76.1217 72.0944 26.1
    endloop
  endfacet
  facet normal 0.972373 0.233433 0
    outer loop
      vertex 76.1803 71.8503 27.4
      vertex 76.1217 72.0944 26.1
      vertex 76.1217 72.0944 27.4
    endloop
  endfacet
  facet normal 0.972373 0.233433 0
    outer loop
      vertex 76.1217 72.0944 26.1
      vertex 76.1803 71.8503 27.4
      vertex 76.1803 71.8503 26.1
    endloop
  endfacet
  facet normal 0.522439 -0.852677 0
    outer loop
      vertex 75.3264 2.37439 26.1
      vertex 75.5405 2.50557 27.4
      vertex 75.3264 2.37439 27.4
    endloop
  endfacet
  facet normal 0.522439 -0.852677 0
    outer loop
      vertex 75.5405 2.50557 27.4
      vertex 75.3264 2.37439 26.1
      vertex 75.5405 2.50557 26.1
    endloop
  endfacet
  facet normal 0.233471 -0.972364 0
    outer loop
      vertex 74.8503 2.2197 26.1
      vertex 75.0944 2.27831 27.4
      vertex 74.8503 2.2197 27.4
    endloop
  endfacet
  facet normal 0.233471 -0.972364 0
    outer loop
      vertex 75.0944 2.27831 27.4
      vertex 74.8503 2.2197 26.1
      vertex 75.0944 2.27831 26.1
    endloop
  endfacet
  facet normal -0.923881 -0.38268 0
    outer loop
      vertex 2.37439 3.07361 26.1
      vertex 2.27831 3.30557 27.4
      vertex 2.27831 3.30557 26.1
    endloop
  endfacet
  facet normal -0.923881 -0.38268 0
    outer loop
      vertex 2.27831 3.30557 27.4
      vertex 2.37439 3.07361 26.1
      vertex 2.37439 3.07361 27.4
    endloop
  endfacet
  facet normal -0.0784629 -0.996917 0
    outer loop
      vertex 3.5497 2.2197 26.1
      vertex 3.8 2.2 27.4
      vertex 3.5497 2.2197 27.4
    endloop
  endfacet
  facet normal -0.0784629 -0.996917 -0
    outer loop
      vertex 3.8 2.2 27.4
      vertex 3.5497 2.2197 26.1
      vertex 3.8 2.2 26.1
    endloop
  endfacet
  facet normal -0.233406 0.972379 0
    outer loop
      vertex 3.5497 73.1803 26.1
      vertex 3.30557 73.1217 27.4
      vertex 3.5497 73.1803 27.4
    endloop
  endfacet
  facet normal -0.233406 0.972379 0
    outer loop
      vertex 3.30557 73.1217 27.4
      vertex 3.5497 73.1803 26.1
      vertex 3.30557 73.1217 26.1
    endloop
  endfacet
  facet normal 0.382624 -0.923904 0
    outer loop
      vertex 75.0944 2.27831 26.1
      vertex 75.3264 2.37439 27.4
      vertex 75.0944 2.27831 27.4
    endloop
  endfacet
  facet normal 0.382624 -0.923904 0
    outer loop
      vertex 75.3264 2.37439 27.4
      vertex 75.0944 2.27831 26.1
      vertex 75.3264 2.37439 26.1
    endloop
  endfacet
  facet normal -0.233444 -0.97237 0
    outer loop
      vertex 3.30557 2.27831 26.1
      vertex 3.5497 2.2197 27.4
      vertex 3.30557 2.27831 27.4
    endloop
  endfacet
  facet normal -0.233444 -0.97237 -0
    outer loop
      vertex 3.5497 2.2197 27.4
      vertex 3.30557 2.27831 26.1
      vertex 3.5497 2.2197 26.1
    endloop
  endfacet
  facet normal 1 0 0
    outer loop
      vertex 2.8 71.1 27.4
      vertex 2.8 24.7 18.4
      vertex 2.8 71.1 2.4
    endloop
  endfacet
  facet normal 1 -0 0
    outer loop
      vertex 2.8 4.3 27.4
      vertex 2.8 24.7 18.4
      vertex 2.8 71.1 27.4
    endloop
  endfacet
  facet normal 1 0 0
    outer loop
      vertex 2.8 4.3 2.4
      vertex 2.8 10.7 18.4
      vertex 2.8 4.3 27.4
    endloop
  endfacet
  facet normal 1 0 0
    outer loop
      vertex 2.8 24.7 18.4
      vertex 2.8 4.3 27.4
      vertex 2.8 10.7 18.4
    endloop
  endfacet
  facet normal 1 -0 0
    outer loop
      vertex 2.8 24.7 8.4
      vertex 2.8 71.1 2.4
      vertex 2.8 24.7 18.4
    endloop
  endfacet
  facet normal 1 0 0
    outer loop
      vertex 2.8 4.3 2.4
      vertex 2.8 24.7 8.4
      vertex 2.8 10.7 8.4
    endloop
  endfacet
  facet normal 1 0 0
    outer loop
      vertex 2.8 24.7 8.4
      vertex 2.8 4.3 2.4
      vertex 2.8 71.1 2.4
    endloop
  endfacet
  facet normal 1 0 0
    outer loop
      vertex 2.8 10.7 18.4
      vertex 2.8 4.3 2.4
      vertex 2.8 10.7 8.4
    endloop
  endfacet
  facet normal 0.0784703 0.996916 -0
    outer loop
      vertex 4.3 2.8 2.4
      vertex 4.06535 2.81847 27.4
      vertex 4.3 2.8 27.4
    endloop
  endfacet
  facet normal 0.0784703 0.996916 0
    outer loop
      vertex 4.06535 2.81847 27.4
      vertex 4.3 2.8 2.4
      vertex 4.06535 2.81847 2.4
    endloop
  endfacet
  facet normal 0 -1 0
    outer loop
      vertex 38.5 72.6 2.4
      vertex 58.5 72.6 5.89
      vertex 38.5 72.6 5.89
    endloop
  endfacet
  facet normal 0 -1 -0
    outer loop
      vertex 58.5 72.6 5.89
      vertex 38.5 72.6 2.4
      vertex 58.5 72.6 2.4
    endloop
  endfacet
  facet normal 0 -1 0
    outer loop
      vertex 38.5 72.6 5.89
      vertex 4.3 72.6 27.4
      vertex 23.1 72.6 5.89
    endloop
  endfacet
  facet normal 0 -1 0
    outer loop
      vertex 4.3 72.6 2.4
      vertex 23.1 72.6 5.89
      vertex 4.3 72.6 27.4
    endloop
  endfacet
  facet normal 0 -1 -0
    outer loop
      vertex 23.1 72.6 5.89
      vertex 4.3 72.6 2.4
      vertex 23.1 72.6 2.4
    endloop
  endfacet
  facet normal 0 -1 0
    outer loop
      vertex 4.3 72.6 27.4
      vertex 38.5 72.6 5.89
      vertex 74.1 72.6 27.4
    endloop
  endfacet
  facet normal 0 -1 0
    outer loop
      vertex 58.5 72.6 5.89
      vertex 74.1 72.6 27.4
      vertex 38.5 72.6 5.89
    endloop
  endfacet
  facet normal 0 -1 0
    outer loop
      vertex 73.9 72.6 5.89
      vertex 74.1 72.6 27.4
      vertex 58.5 72.6 5.89
    endloop
  endfacet
  facet normal 0 -1 0
    outer loop
      vertex 74.1 72.6 2.4
      vertex 73.9 72.6 5.89
      vertex 73.9 72.6 2.4
    endloop
  endfacet
  facet normal 0 -1 0
    outer loop
      vertex 73.9 72.6 5.89
      vertex 74.1 72.6 2.4
      vertex 74.1 72.6 27.4
    endloop
  endfacet
  facet normal 0.852657 -0.52247 0
    outer loop
      vertex 2.96349 71.781 27.4
      vertex 3.08647 71.9817 2.4
      vertex 3.08647 71.9817 27.4
    endloop
  endfacet
  facet normal 0.852657 -0.52247 0
    outer loop
      vertex 3.08647 71.9817 2.4
      vertex 2.96349 71.781 27.4
      vertex 2.96349 71.781 2.4
    endloop
  endfacet
  facet normal 0.0785969 -0.996906 0
    outer loop
      vertex 4.06535 72.5815 2.4
      vertex 4.3 72.6 27.4
      vertex 4.06535 72.5815 27.4
    endloop
  endfacet
  facet normal 0.0785969 -0.996906 0
    outer loop
      vertex 4.3 72.6 27.4
      vertex 4.06535 72.5815 2.4
      vertex 4.3 72.6 2.4
    endloop
  endfacet
  facet normal -1 0 0
    outer loop
      vertex 75.6 4.3 2.4
      vertex 75.6 71.1 27.4
      vertex 75.6 71.1 2.4
    endloop
  endfacet
  facet normal -1 -0 0
    outer loop
      vertex 75.6 71.1 27.4
      vertex 75.6 4.3 2.4
      vertex 75.6 4.3 27.4
    endloop
  endfacet
  facet normal 0.760392 0.649464 0
    outer loop
      vertex 3.23934 3.23934 27.4
      vertex 3.08647 3.41832 2.4
      vertex 3.08647 3.41832 27.4
    endloop
  endfacet
  facet normal 0.760392 0.649464 0
    outer loop
      vertex 3.08647 3.41832 2.4
      vertex 3.23934 3.23934 27.4
      vertex 3.23934 3.23934 2.4
    endloop
  endfacet
  facet normal 0.760428 -0.649422 0
    outer loop
      vertex 3.08647 71.9817 27.4
      vertex 3.23934 72.1607 2.4
      vertex 3.23934 72.1607 27.4
    endloop
  endfacet
  facet normal 0.760428 -0.649422 0
    outer loop
      vertex 3.23934 72.1607 2.4
      vertex 3.08647 71.9817 27.4
      vertex 3.08647 71.9817 2.4
    endloop
  endfacet
  facet normal 0.996915 -0.0784869 0
    outer loop
      vertex 2.8 71.1 27.4
      vertex 2.81847 71.3346 2.4
      vertex 2.81847 71.3346 27.4
    endloop
  endfacet
  facet normal 0.996915 -0.0784869 0
    outer loop
      vertex 2.81847 71.3346 2.4
      vertex 2.8 71.1 27.4
      vertex 2.8 71.1 2.4
    endloop
  endfacet
  facet normal -0.64925 -0.760575 0
    outer loop
      vertex 74.9817 72.3135 2.4
      vertex 75.1607 72.1607 27.4
      vertex 74.9817 72.3135 27.4
    endloop
  endfacet
  facet normal -0.64925 -0.760575 -0
    outer loop
      vertex 75.1607 72.1607 27.4
      vertex 74.9817 72.3135 2.4
      vertex 75.1607 72.1607 2.4
    endloop
  endfacet
  facet normal 0 1 -0
    outer loop
      vertex 57.2 2.8 2.4
      vertex 37.2 2.8 5.89
      vertex 57.2 2.8 5.89
    endloop
  endfacet
  facet normal 0 1 0
    outer loop
      vertex 37.2 2.8 5.89
      vertex 57.2 2.8 2.4
      vertex 37.2 2.8 2.4
    endloop
  endfacet
  facet normal 0 1 0
    outer loop
      vertex 57.2 2.8 5.89
      vertex 74.1 2.8 27.4
      vertex 74.1 2.8 5.89
    endloop
  endfacet
  facet normal 0 1 0
    outer loop
      vertex 37.2 2.8 5.89
      vertex 74.1 2.8 27.4
      vertex 57.2 2.8 5.89
    endloop
  endfacet
  facet normal 0 1 0
    outer loop
      vertex 74.1 2.8 27.4
      vertex 37.2 2.8 5.89
      vertex 4.3 2.8 27.4
    endloop
  endfacet
  facet normal 0 1 -0
    outer loop
      vertex 19.8 2.8 5.89
      vertex 4.3 2.8 27.4
      vertex 37.2 2.8 5.89
    endloop
  endfacet
  facet normal 0 1 0
    outer loop
      vertex 4.3 2.8 2.4
      vertex 19.8 2.8 5.89
      vertex 19.8 2.8 2.4
    endloop
  endfacet
  facet normal 0 1 0
    outer loop
      vertex 19.8 2.8 5.89
      vertex 4.3 2.8 2.4
      vertex 4.3 2.8 27.4
    endloop
  endfacet
  facet normal -0.972417 0.233248 0
    outer loop
      vertex 75.5266 3.83647 2.4
      vertex 75.5815 4.06535 27.4
      vertex 75.5815 4.06535 2.4
    endloop
  endfacet
  facet normal -0.972417 0.233248 0
    outer loop
      vertex 75.5815 4.06535 27.4
      vertex 75.5266 3.83647 2.4
      vertex 75.5266 3.83647 27.4
    endloop
  endfacet
  facet normal 0.522489 0.852646 -0
    outer loop
      vertex 3.61901 2.96349 2.4
      vertex 3.41832 3.08647 27.4
      vertex 3.61901 2.96349 27.4
    endloop
  endfacet
  facet normal 0.522489 0.852646 0
    outer loop
      vertex 3.41832 3.08647 27.4
      vertex 3.61901 2.96349 2.4
      vertex 3.41832 3.08647 2.4
    endloop
  endfacet
  facet normal 0.996916 0.0784703 0
    outer loop
      vertex 2.81847 4.06535 27.4
      vertex 2.8 4.3 2.4
      vertex 2.8 4.3 27.4
    endloop
  endfacet
  facet normal 0.996916 0.0784703 0
    outer loop
      vertex 2.8 4.3 2.4
      vertex 2.81847 4.06535 27.4
      vertex 2.81847 4.06535 2.4
    endloop
  endfacet
  facet normal 0.972379 0.233408 0
    outer loop
      vertex 2.87341 3.83647 27.4
      vertex 2.81847 4.06535 2.4
      vertex 2.81847 4.06535 27.4
    endloop
  endfacet
  facet normal 0.972379 0.233408 0
    outer loop
      vertex 2.81847 4.06535 2.4
      vertex 2.87341 3.83647 27.4
      vertex 2.87341 3.83647 2.4
    endloop
  endfacet
  facet normal 0.852646 0.522489 0
    outer loop
      vertex 3.08647 3.41832 27.4
      vertex 2.96349 3.61901 2.4
      vertex 2.96349 3.61901 27.4
    endloop
  endfacet
  facet normal 0.852646 0.522489 0
    outer loop
      vertex 2.96349 3.61901 2.4
      vertex 3.08647 3.41832 27.4
      vertex 3.08647 3.41832 2.4
    endloop
  endfacet
  facet normal 0.972383 -0.233389 0
    outer loop
      vertex 2.81847 71.3346 27.4
      vertex 2.87341 71.5635 2.4
      vertex 2.87341 71.5635 27.4
    endloop
  endfacet
  facet normal 0.972383 -0.233389 0
    outer loop
      vertex 2.87341 71.5635 2.4
      vertex 2.81847 71.3346 27.4
      vertex 2.81847 71.3346 2.4
    endloop
  endfacet
  facet normal 0.923897 -0.382642 0
    outer loop
      vertex 2.87341 71.5635 27.4
      vertex 2.96349 71.781 2.4
      vertex 2.96349 71.781 27.4
    endloop
  endfacet
  facet normal 0.923897 -0.382642 0
    outer loop
      vertex 2.96349 71.781 2.4
      vertex 2.87341 71.5635 27.4
      vertex 2.87341 71.5635 2.4
    endloop
  endfacet
  facet normal -0.649422 0.760428 0
    outer loop
      vertex 75.1607 3.23934 2.4
      vertex 74.9817 3.08647 27.4
      vertex 75.1607 3.23934 27.4
    endloop
  endfacet
  facet normal -0.649422 0.760428 0
    outer loop
      vertex 74.9817 3.08647 27.4
      vertex 75.1607 3.23934 2.4
      vertex 74.9817 3.08647 2.4
    endloop
  endfacet
  facet normal -0.0784869 0.996915 0
    outer loop
      vertex 74.3346 2.81847 5.89
      vertex 74.1 2.8 27.4
      vertex 74.3346 2.81847 27.4
    endloop
  endfacet
  facet normal -0.0784869 0.996915 0
    outer loop
      vertex 74.1 2.8 27.4
      vertex 74.3346 2.81847 5.89
      vertex 74.1 2.8 5.89
    endloop
  endfacet
  facet normal -0.852608 0.522551 0
    outer loop
      vertex 75.3135 3.41832 2.4
      vertex 75.4365 3.61901 27.4
      vertex 75.4365 3.61901 2.4
    endloop
  endfacet
  facet normal -0.852608 0.522551 0
    outer loop
      vertex 75.4365 3.61901 27.4
      vertex 75.3135 3.41832 2.4
      vertex 75.3135 3.41832 27.4
    endloop
  endfacet
  facet normal -0.923842 0.382775 0
    outer loop
      vertex 75.4365 3.61901 2.4
      vertex 75.5266 3.83647 27.4
      vertex 75.5266 3.83647 2.4
    endloop
  endfacet
  facet normal -0.923842 0.382775 0
    outer loop
      vertex 75.5266 3.83647 27.4
      vertex 75.4365 3.61901 2.4
      vertex 75.4365 3.61901 27.4
    endloop
  endfacet
  facet normal 0.382702 0.923872 -0
    outer loop
      vertex 3.83647 2.87341 2.4
      vertex 3.61901 2.96349 27.4
      vertex 3.83647 2.87341 27.4
    endloop
  endfacet
  facet normal 0.382702 0.923872 0
    outer loop
      vertex 3.61901 2.96349 27.4
      vertex 3.83647 2.87341 2.4
      vertex 3.61901 2.96349 2.4
    endloop
  endfacet
  facet normal -0 0 1
    outer loop
      vertex 9.8 24.2 2.4
      vertex 11.6 11.2 2.4
      vertex 11.6 24.2 2.4
    endloop
  endfacet
  facet normal 0 0 1
    outer loop
      vertex 11.6 11.2 2.4
      vertex 9.8 24.2 2.4
      vertex 9.8 11.2 2.4
    endloop
  endfacet
  facet normal -0 0 1
    outer loop
      vertex 10.2271 65.8366 2.4
      vertex 23.1 39.8 2.4
      vertex 23.1 72.6 2.4
    endloop
  endfacet
  facet normal 0 0 1
    outer loop
      vertex 11.6 24.2 2.4
      vertex 19.8 33.6 2.4
      vertex 11.6 28.2 2.4
    endloop
  endfacet
  facet normal -0 0 1
    outer loop
      vertex 9.56336 65.173 2.4
      vertex 23.1 39.8 2.4
      vertex 9.92132 65.4787 2.4
    endloop
  endfacet
  facet normal 0 0 1
    outer loop
      vertex 10.7631 67.1307 2.4
      vertex 23.1 72.6 2.4
      vertex 10.8 67.6 2.4
    endloop
  endfacet
  facet normal 0 0 1
    outer loop
      vertex 23.1 72.6 2.4
      vertex 10.7631 68.0693 2.4
      vertex 10.8 67.6 2.4
    endloop
  endfacet
  facet normal 0 0 1
    outer loop
      vertex 23.1 72.6 2.4
      vertex 10.6532 68.5271 2.4
      vertex 10.7631 68.0693 2.4
    endloop
  endfacet
  facet normal 0 0 1
    outer loop
      vertex 23.1 72.6 2.4
      vertex 10.473 68.962 2.4
      vertex 10.6532 68.5271 2.4
    endloop
  endfacet
  facet normal 0 0 1
    outer loop
      vertex 23.1 72.6 2.4
      vertex 10.2271 69.3634 2.4
      vertex 10.473 68.962 2.4
    endloop
  endfacet
  facet normal 0 0 1
    outer loop
      vertex 23.1 72.6 2.4
      vertex 9.92132 69.7213 2.4
      vertex 10.2271 69.3634 2.4
    endloop
  endfacet
  facet normal 0 0 1
    outer loop
      vertex 23.1 72.6 2.4
      vertex 9.56336 70.0271 2.4
      vertex 9.92132 69.7213 2.4
    endloop
  endfacet
  facet normal 0 0 1
    outer loop
      vertex 23.1 72.6 2.4
      vertex 9.16197 70.273 2.4
      vertex 9.56336 70.0271 2.4
    endloop
  endfacet
  facet normal 0 0 1
    outer loop
      vertex 23.1 72.6 2.4
      vertex 8.72705 70.4532 2.4
      vertex 9.16197 70.273 2.4
    endloop
  endfacet
  facet normal -0 0 1
    outer loop
      vertex 4.3 72.6 2.4
      vertex 8.72705 70.4532 2.4
      vertex 23.1 72.6 2.4
    endloop
  endfacet
  facet normal 0 0 1
    outer loop
      vertex 8.72705 70.4532 2.4
      vertex 4.3 72.6 2.4
      vertex 8.2693 70.5631 2.4
    endloop
  endfacet
  facet normal 0 0 1
    outer loop
      vertex 8.2693 70.5631 2.4
      vertex 4.3 72.6 2.4
      vertex 7.8 70.6 2.4
    endloop
  endfacet
  facet normal 0 0 1
    outer loop
      vertex 5.12698 9.16197 2.4
      vertex 2.8 4.3 2.4
      vertex 4.94683 8.72705 2.4
    endloop
  endfacet
  facet normal 0 0 1
    outer loop
      vertex 4.94683 68.5271 2.4
      vertex 2.8 71.1 2.4
      vertex 4.83694 68.0693 2.4
    endloop
  endfacet
  facet normal 0 0 1
    outer loop
      vertex 5.12698 68.962 2.4
      vertex 2.8 71.1 2.4
      vertex 4.94683 68.5271 2.4
    endloop
  endfacet
  facet normal 0 0 1
    outer loop
      vertex 5.37295 69.3634 2.4
      vertex 2.8 71.1 2.4
      vertex 5.12698 68.962 2.4
    endloop
  endfacet
  facet normal 0 0 1
    outer loop
      vertex 5.67868 69.7213 2.4
      vertex 2.8 71.1 2.4
      vertex 5.37295 69.3634 2.4
    endloop
  endfacet
  facet normal -0 0 1
    outer loop
      vertex 2.8 71.1 2.4
      vertex 5.67868 69.7213 2.4
      vertex 4.3 72.6 2.4
    endloop
  endfacet
  facet normal 0 0 1
    outer loop
      vertex 6.03664 70.0271 2.4
      vertex 4.3 72.6 2.4
      vertex 5.67868 69.7213 2.4
    endloop
  endfacet
  facet normal 0 0 1
    outer loop
      vertex 6.43803 70.273 2.4
      vertex 4.3 72.6 2.4
      vertex 6.03664 70.0271 2.4
    endloop
  endfacet
  facet normal 0 0 1
    outer loop
      vertex 6.87295 70.4532 2.4
      vertex 4.3 72.6 2.4
      vertex 6.43803 70.273 2.4
    endloop
  endfacet
  facet normal 0 0 1
    outer loop
      vertex 7.3307 70.5631 2.4
      vertex 4.3 72.6 2.4
      vertex 6.87295 70.4532 2.4
    endloop
  endfacet
  facet normal 0 0 1
    outer loop
      vertex 7.8 70.6 2.4
      vertex 4.3 72.6 2.4
      vertex 7.3307 70.5631 2.4
    endloop
  endfacet
  facet normal -0 0 1
    outer loop
      vertex 21.2 32.2 2.4
      vertex 37.2 3.2 2.4
      vertex 37.2 32.2 2.4
    endloop
  endfacet
  facet normal 0 0 1
    outer loop
      vertex 37.2 3.2 2.4
      vertex 21.2 32.2 2.4
      vertex 21.2 3.2 2.4
    endloop
  endfacet
  facet normal -0 0 1
    outer loop
      vertex 23.1 39.8 2.4
      vertex 37.2 33.6 2.4
      vertex 38.5 39.8 2.4
    endloop
  endfacet
  facet normal 0 0 1
    outer loop
      vertex 37.2 33.6 2.4
      vertex 23.1 39.8 2.4
      vertex 19.8 33.6 2.4
    endloop
  endfacet
  facet normal -0 0 1
    outer loop
      vertex 24.5 72.2 2.4
      vertex 38.5 41.2 2.4
      vertex 38.5 72.2 2.4
    endloop
  endfacet
  facet normal 0 0 1
    outer loop
      vertex 38.5 41.2 2.4
      vertex 24.5 72.2 2.4
      vertex 24.5 41.2 2.4
    endloop
  endfacet
  facet normal 0 0 1
    outer loop
      vertex 38.5 72.2 2.4
      vertex 58.5 72.2 2.4
      vertex 58.5 72.6 2.4
    endloop
  endfacet
  facet normal 0 0 1
    outer loop
      vertex 58.5 72.2 2.4
      vertex 38.5 72.2 2.4
      vertex 58.5 41.2 2.4
    endloop
  endfacet
  facet normal 0 0 1
    outer loop
      vertex 58.5 41.2 2.4
      vertex 38.5 41.2 2.4
      vertex 58.5 39.8 2.4
    endloop
  endfacet
  facet normal 0 0 1
    outer loop
      vertex 37.2 32.2 2.4
      vertex 57.2 32.2 2.4
      vertex 57.2 33.6 2.4
    endloop
  endfacet
  facet normal 0 0 1
    outer loop
      vertex 57.2 32.2 2.4
      vertex 37.2 32.2 2.4
      vertex 57.2 3.2 2.4
    endloop
  endfacet
  facet normal 0 0 1
    outer loop
      vertex 38.5 72.2 2.4
      vertex 58.5 72.6 2.4
      vertex 38.5 72.6 2.4
    endloop
  endfacet
  facet normal 0 0 1
    outer loop
      vertex 58.5 41.2 2.4
      vertex 38.5 72.2 2.4
      vertex 38.5 41.2 2.4
    endloop
  endfacet
  facet normal 0 0 1
    outer loop
      vertex 38.5 39.8 2.4
      vertex 58.5 39.8 2.4
      vertex 38.5 41.2 2.4
    endloop
  endfacet
  facet normal 0 0 1
    outer loop
      vertex 58.5 39.8 2.4
      vertex 38.5 39.8 2.4
      vertex 57.2 33.6 2.4
    endloop
  endfacet
  facet normal 0 0 1
    outer loop
      vertex 37.2 33.6 2.4
      vertex 57.2 33.6 2.4
      vertex 38.5 39.8 2.4
    endloop
  endfacet
  facet normal 0 0 1
    outer loop
      vertex 57.2 33.6 2.4
      vertex 37.2 33.6 2.4
      vertex 37.2 32.2 2.4
    endloop
  endfacet
  facet normal 0 0 1
    outer loop
      vertex 37.2 3.2 2.4
      vertex 57.2 3.2 2.4
      vertex 37.2 32.2 2.4
    endloop
  endfacet
  facet normal 0 0 1
    outer loop
      vertex 57.2 3.2 2.4
      vertex 37.2 3.2 2.4
      vertex 57.2 2.8 2.4
    endloop
  endfacet
  facet normal 0 0 1
    outer loop
      vertex 57.2 2.8 2.4
      vertex 37.2 3.2 2.4
      vertex 37.2 2.8 2.4
    endloop
  endfacet
  facet normal -0 0 1
    outer loop
      vertex 58.5 72.2 2.4
      vertex 72.5 41.2 2.4
      vertex 72.5 72.2 2.4
    endloop
  endfacet
  facet normal 0 0 1
    outer loop
      vertex 72.5 41.2 2.4
      vertex 58.5 72.2 2.4
      vertex 58.5 41.2 2.4
    endloop
  endfacet
  facet normal -0 0 1
    outer loop
      vertex 57.2 32.2 2.4
      vertex 73.2 3.2 2.4
      vertex 73.2 32.2 2.4
    endloop
  endfacet
  facet normal 0 0 1
    outer loop
      vertex 73.2 3.2 2.4
      vertex 57.2 32.2 2.4
      vertex 57.2 3.2 2.4
    endloop
  endfacet
  facet normal 0 0 1
    outer loop
      vertex 19.8 33.6 2.4
      vertex 11.6 24.2 2.4
      vertex 19.8 2.8 2.4
    endloop
  endfacet
  facet normal -0 0 1
    outer loop
      vertex 11.6 11.2 2.4
      vertex 19.8 2.8 2.4
      vertex 11.6 24.2 2.4
    endloop
  endfacet
  facet normal -0 0 1
    outer loop
      vertex 11.6 7.2 2.4
      vertex 19.8 2.8 2.4
      vertex 11.6 11.2 2.4
    endloop
  endfacet
  facet normal 0 0 1
    outer loop
      vertex 10.6532 6.87295 2.4
      vertex 11.6 7.2 2.4
      vertex 10.7317 7.2 2.4
    endloop
  endfacet
  facet normal 0 0 1
    outer loop
      vertex 10.473 6.43803 2.4
      vertex 11.6 7.2 2.4
      vertex 10.6532 6.87295 2.4
    endloop
  endfacet
  facet normal 0 0 1
    outer loop
      vertex 10.2271 6.03664 2.4
      vertex 11.6 7.2 2.4
      vertex 10.473 6.43803 2.4
    endloop
  endfacet
  facet normal 0 0 1
    outer loop
      vertex 11.6 7.2 2.4
      vertex 10.2271 6.03664 2.4
      vertex 19.8 2.8 2.4
    endloop
  endfacet
  facet normal -0 0 1
    outer loop
      vertex 9.92132 5.67868 2.4
      vertex 19.8 2.8 2.4
      vertex 10.2271 6.03664 2.4
    endloop
  endfacet
  facet normal -0 0 1
    outer loop
      vertex 9.56336 5.37295 2.4
      vertex 19.8 2.8 2.4
      vertex 9.92132 5.67868 2.4
    endloop
  endfacet
  facet normal -0 0 1
    outer loop
      vertex 9.16197 5.12698 2.4
      vertex 19.8 2.8 2.4
      vertex 9.56336 5.37295 2.4
    endloop
  endfacet
  facet normal -0 0 1
    outer loop
      vertex 8.72705 4.94683 2.4
      vertex 19.8 2.8 2.4
      vertex 9.16197 5.12698 2.4
    endloop
  endfacet
  facet normal 0 0 1
    outer loop
      vertex 4.3 2.8 2.4
      vertex 8.72705 4.94683 2.4
      vertex 8.2693 4.83694 2.4
    endloop
  endfacet
  facet normal 0 0 1
    outer loop
      vertex 4.3 2.8 2.4
      vertex 8.2693 4.83694 2.4
      vertex 7.8 4.8 2.4
    endloop
  endfacet
  facet normal 0 0 1
    outer loop
      vertex 4.3 2.8 2.4
      vertex 7.8 4.8 2.4
      vertex 7.3307 4.83694 2.4
    endloop
  endfacet
  facet normal 0 0 1
    outer loop
      vertex 8.72705 4.94683 2.4
      vertex 4.3 2.8 2.4
      vertex 19.8 2.8 2.4
    endloop
  endfacet
  facet normal 0 0 1
    outer loop
      vertex 6.87295 4.94683 2.4
      vertex 4.3 2.8 2.4
      vertex 7.3307 4.83694 2.4
    endloop
  endfacet
  facet normal 0 0 1
    outer loop
      vertex 6.43803 5.12698 2.4
      vertex 4.3 2.8 2.4
      vertex 6.87295 4.94683 2.4
    endloop
  endfacet
  facet normal 0 0 1
    outer loop
      vertex 6.03664 5.37295 2.4
      vertex 4.3 2.8 2.4
      vertex 6.43803 5.12698 2.4
    endloop
  endfacet
  facet normal 0 0 1
    outer loop
      vertex 5.67868 5.67868 2.4
      vertex 4.3 2.8 2.4
      vertex 6.03664 5.37295 2.4
    endloop
  endfacet
  facet normal 0 0 1
    outer loop
      vertex 2.8 4.3 2.4
      vertex 5.67868 5.67868 2.4
      vertex 5.37295 6.03664 2.4
    endloop
  endfacet
  facet normal 0 0 1
    outer loop
      vertex 2.8 4.3 2.4
      vertex 5.37295 6.03664 2.4
      vertex 5.12698 6.43803 2.4
    endloop
  endfacet
  facet normal 0 0 1
    outer loop
      vertex 2.8 4.3 2.4
      vertex 5.12698 6.43803 2.4
      vertex 4.94683 6.87295 2.4
    endloop
  endfacet
  facet normal 0 0 1
    outer loop
      vertex 2.8 4.3 2.4
      vertex 4.94683 6.87295 2.4
      vertex 4.83694 7.3307 2.4
    endloop
  endfacet
  facet normal 0 0 1
    outer loop
      vertex 2.8 4.3 2.4
      vertex 4.83694 7.3307 2.4
      vertex 4.8 7.8 2.4
    endloop
  endfacet
  facet normal 0 0 1
    outer loop
      vertex 4.94683 8.72705 2.4
      vertex 2.8 4.3 2.4
      vertex 4.83694 8.2693 2.4
    endloop
  endfacet
  facet normal 0 0 1
    outer loop
      vertex 2.8 71.1 2.4
      vertex 4.3 72.6 2.4
      vertex 4.06535 72.5815 2.4
    endloop
  endfacet
  facet normal 0 0 1
    outer loop
      vertex 4.83694 8.2693 2.4
      vertex 2.8 4.3 2.4
      vertex 4.8 7.8 2.4
    endloop
  endfacet
  facet normal 0 0 1
    outer loop
      vertex 2.8 71.1 2.4
      vertex 4.06535 72.5815 2.4
      vertex 3.83647 72.5266 2.4
    endloop
  endfacet
  facet normal 0 0 1
    outer loop
      vertex 5.67868 5.67868 2.4
      vertex 2.8 4.3 2.4
      vertex 4.3 2.8 2.4
    endloop
  endfacet
  facet normal 0 0 1
    outer loop
      vertex 2.8 71.1 2.4
      vertex 3.83647 72.5266 2.4
      vertex 3.61901 72.4365 2.4
    endloop
  endfacet
  facet normal 0 0 1
    outer loop
      vertex 4.3 2.8 2.4
      vertex 2.8 4.3 2.4
      vertex 4.06535 2.81847 2.4
    endloop
  endfacet
  facet normal 0 0 1
    outer loop
      vertex 2.8 71.1 2.4
      vertex 3.61901 72.4365 2.4
      vertex 3.41832 72.3135 2.4
    endloop
  endfacet
  facet normal 0 0 1
    outer loop
      vertex 4.06535 2.81847 2.4
      vertex 2.8 4.3 2.4
      vertex 3.83647 2.87341 2.4
    endloop
  endfacet
  facet normal 0 0 1
    outer loop
      vertex 2.8 71.1 2.4
      vertex 3.41832 72.3135 2.4
      vertex 3.23934 72.1607 2.4
    endloop
  endfacet
  facet normal 0 0 1
    outer loop
      vertex 3.83647 2.87341 2.4
      vertex 2.8 4.3 2.4
      vertex 3.61901 2.96349 2.4
    endloop
  endfacet
  facet normal 0 0 1
    outer loop
      vertex 2.8 71.1 2.4
      vertex 3.23934 72.1607 2.4
      vertex 3.08647 71.9817 2.4
    endloop
  endfacet
  facet normal 0 0 1
    outer loop
      vertex 3.61901 2.96349 2.4
      vertex 2.8 4.3 2.4
      vertex 3.41832 3.08647 2.4
    endloop
  endfacet
  facet normal 0 0 1
    outer loop
      vertex 2.8 71.1 2.4
      vertex 3.08647 71.9817 2.4
      vertex 2.96349 71.781 2.4
    endloop
  endfacet
  facet normal 0 0 1
    outer loop
      vertex 3.41832 3.08647 2.4
      vertex 2.8 4.3 2.4
      vertex 3.23934 3.23934 2.4
    endloop
  endfacet
  facet normal 0 0 1
    outer loop
      vertex 2.8 71.1 2.4
      vertex 2.96349 71.781 2.4
      vertex 2.87341 71.5635 2.4
    endloop
  endfacet
  facet normal 0 0 1
    outer loop
      vertex 3.23934 3.23934 2.4
      vertex 2.8 4.3 2.4
      vertex 3.08647 3.41832 2.4
    endloop
  endfacet
  facet normal 0 0 1
    outer loop
      vertex 2.8 71.1 2.4
      vertex 2.87341 71.5635 2.4
      vertex 2.81847 71.3346 2.4
    endloop
  endfacet
  facet normal 0 0 1
    outer loop
      vertex 3.08647 3.41832 2.4
      vertex 2.8 4.3 2.4
      vertex 2.96349 3.61901 2.4
    endloop
  endfacet
  facet normal 0 0 1
    outer loop
      vertex 2.96349 3.61901 2.4
      vertex 2.8 4.3 2.4
      vertex 2.87341 3.83647 2.4
    endloop
  endfacet
  facet normal 0 0 1
    outer loop
      vertex 2.87341 3.83647 2.4
      vertex 2.8 4.3 2.4
      vertex 2.81847 4.06535 2.4
    endloop
  endfacet
  facet normal 0 0 1
    outer loop
      vertex 10.6532 66.673 2.4
      vertex 23.1 72.6 2.4
      vertex 10.7631 67.1307 2.4
    endloop
  endfacet
  facet normal 0 0 1
    outer loop
      vertex 10.473 66.238 2.4
      vertex 23.1 72.6 2.4
      vertex 10.6532 66.673 2.4
    endloop
  endfacet
  facet normal 0 0 1
    outer loop
      vertex 10.2271 65.8366 2.4
      vertex 23.1 72.6 2.4
      vertex 10.473 66.238 2.4
    endloop
  endfacet
  facet normal 0 0 1
    outer loop
      vertex 23.1 39.8 2.4
      vertex 10.2271 65.8366 2.4
      vertex 9.92132 65.4787 2.4
    endloop
  endfacet
  facet normal -0 0 1
    outer loop
      vertex 9.16197 64.927 2.4
      vertex 23.1 39.8 2.4
      vertex 9.56336 65.173 2.4
    endloop
  endfacet
  facet normal -0 0 1
    outer loop
      vertex 8.72705 64.7468 2.4
      vertex 23.1 39.8 2.4
      vertex 9.16197 64.927 2.4
    endloop
  endfacet
  facet normal 0 0 1
    outer loop
      vertex 5.12698 9.16197 2.4
      vertex 9.8 24.2 2.4
      vertex 9.8 28.2 2.4
    endloop
  endfacet
  facet normal 0 0 1
    outer loop
      vertex 9.8 24.2 2.4
      vertex 7.8 10.8 2.4
      vertex 9.8 11.2 2.4
    endloop
  endfacet
  facet normal -0 0 1
    outer loop
      vertex 8.2693 64.6369 2.4
      vertex 23.1 39.8 2.4
      vertex 8.72705 64.7468 2.4
    endloop
  endfacet
  facet normal -0 0 1
    outer loop
      vertex 7.8 64.6 2.4
      vertex 23.1 39.8 2.4
      vertex 8.2693 64.6369 2.4
    endloop
  endfacet
  facet normal 0 0 1
    outer loop
      vertex 9.8 11.2 2.4
      vertex 9.56336 10.2271 2.4
      vertex 9.8 10.0249 2.4
    endloop
  endfacet
  facet normal 0 0 1
    outer loop
      vertex 7.3307 64.6369 2.4
      vertex 23.1 39.8 2.4
      vertex 7.8 64.6 2.4
    endloop
  endfacet
  facet normal 0 0 1
    outer loop
      vertex 9.8 11.2 2.4
      vertex 9.16197 10.473 2.4
      vertex 9.56336 10.2271 2.4
    endloop
  endfacet
  facet normal 0 0 1
    outer loop
      vertex 19.8 33.6 2.4
      vertex 9.8 28.2 2.4
      vertex 11.6 28.2 2.4
    endloop
  endfacet
  facet normal 0 0 1
    outer loop
      vertex 9.8 11.2 2.4
      vertex 8.72705 10.6532 2.4
      vertex 9.16197 10.473 2.4
    endloop
  endfacet
  facet normal 0 0 1
    outer loop
      vertex 23.1 39.8 2.4
      vertex 9.8 28.2 2.4
      vertex 19.8 33.6 2.4
    endloop
  endfacet
  facet normal 0 0 1
    outer loop
      vertex 9.8 11.2 2.4
      vertex 8.2693 10.7631 2.4
      vertex 8.72705 10.6532 2.4
    endloop
  endfacet
  facet normal 0 0 1
    outer loop
      vertex 23.1 39.8 2.4
      vertex 7.3307 64.6369 2.4
      vertex 9.8 28.2 2.4
    endloop
  endfacet
  facet normal 0 0 1
    outer loop
      vertex 9.8 11.2 2.4
      vertex 7.8 10.8 2.4
      vertex 8.2693 10.7631 2.4
    endloop
  endfacet
  facet normal 0 0 1
    outer loop
      vertex 6.87295 64.7468 2.4
      vertex 9.8 28.2 2.4
      vertex 7.3307 64.6369 2.4
    endloop
  endfacet
  facet normal 0 0 1
    outer loop
      vertex 9.8 24.2 2.4
      vertex 7.3307 10.7631 2.4
      vertex 7.8 10.8 2.4
    endloop
  endfacet
  facet normal 0 0 1
    outer loop
      vertex 6.43803 64.927 2.4
      vertex 9.8 28.2 2.4
      vertex 6.87295 64.7468 2.4
    endloop
  endfacet
  facet normal 0 0 1
    outer loop
      vertex 9.8 24.2 2.4
      vertex 6.87295 10.6532 2.4
      vertex 7.3307 10.7631 2.4
    endloop
  endfacet
  facet normal 0 0 1
    outer loop
      vertex 6.03664 65.173 2.4
      vertex 9.8 28.2 2.4
      vertex 6.43803 64.927 2.4
    endloop
  endfacet
  facet normal 0 0 1
    outer loop
      vertex 9.8 24.2 2.4
      vertex 6.43803 10.473 2.4
      vertex 6.87295 10.6532 2.4
    endloop
  endfacet
  facet normal 0 0 1
    outer loop
      vertex 5.67868 65.4787 2.4
      vertex 9.8 28.2 2.4
      vertex 6.03664 65.173 2.4
    endloop
  endfacet
  facet normal 0 0 1
    outer loop
      vertex 9.8 24.2 2.4
      vertex 6.03664 10.2271 2.4
      vertex 6.43803 10.473 2.4
    endloop
  endfacet
  facet normal 0 0 1
    outer loop
      vertex 5.37295 65.8366 2.4
      vertex 9.8 28.2 2.4
      vertex 5.67868 65.4787 2.4
    endloop
  endfacet
  facet normal 0 0 1
    outer loop
      vertex 9.8 24.2 2.4
      vertex 5.67868 9.92132 2.4
      vertex 6.03664 10.2271 2.4
    endloop
  endfacet
  facet normal 0 0 1
    outer loop
      vertex 5.12698 66.238 2.4
      vertex 9.8 28.2 2.4
      vertex 5.37295 65.8366 2.4
    endloop
  endfacet
  facet normal 0 0 1
    outer loop
      vertex 9.8 24.2 2.4
      vertex 5.37295 9.56336 2.4
      vertex 5.67868 9.92132 2.4
    endloop
  endfacet
  facet normal 0 0 1
    outer loop
      vertex 2.8 71.1 2.4
      vertex 5.12698 66.238 2.4
      vertex 4.94683 66.673 2.4
    endloop
  endfacet
  facet normal 0 0 1
    outer loop
      vertex 9.8 24.2 2.4
      vertex 5.12698 9.16197 2.4
      vertex 5.37295 9.56336 2.4
    endloop
  endfacet
  facet normal 0 0 1
    outer loop
      vertex 5.12698 66.238 2.4
      vertex 2.8 71.1 2.4
      vertex 9.8 28.2 2.4
    endloop
  endfacet
  facet normal 0 0 1
    outer loop
      vertex 2.8 4.3 2.4
      vertex 5.12698 9.16197 2.4
      vertex 9.8 28.2 2.4
    endloop
  endfacet
  facet normal 0 0 1
    outer loop
      vertex 2.8 71.1 2.4
      vertex 4.94683 66.673 2.4
      vertex 4.83694 67.1307 2.4
    endloop
  endfacet
  facet normal 0 0 1
    outer loop
      vertex 2.8 4.3 2.4
      vertex 9.8 28.2 2.4
      vertex 2.8 71.1 2.4
    endloop
  endfacet
  facet normal 0 0 1
    outer loop
      vertex 4.83694 68.0693 2.4
      vertex 2.8 71.1 2.4
      vertex 4.8 67.6 2.4
    endloop
  endfacet
  facet normal 0 0 1
    outer loop
      vertex 4.8 67.6 2.4
      vertex 2.8 71.1 2.4
      vertex 4.83694 67.1307 2.4
    endloop
  endfacet
  facet normal 0 0 1
    outer loop
      vertex 74.6 33.6 2.4
      vertex 74.0631 37.1693 2.4
      vertex 74.1 36.7 2.4
    endloop
  endfacet
  facet normal 0 0 1
    outer loop
      vertex 75.6 71.1 2.4
      vertex 73.9 39.8 2.4
      vertex 74.0631 37.1693 2.4
    endloop
  endfacet
  facet normal 0 0 1
    outer loop
      vertex 75.6 71.1 2.4
      vertex 73.9 72.6 2.4
      vertex 73.9 39.8 2.4
    endloop
  endfacet
  facet normal 0 0 1
    outer loop
      vertex 74.0631 37.1693 2.4
      vertex 73.9 39.8 2.4
      vertex 73.9532 37.6271 2.4
    endloop
  endfacet
  facet normal 0 0 1
    outer loop
      vertex 73.9 39.8 2.4
      vertex 73.773 38.062 2.4
      vertex 73.9532 37.6271 2.4
    endloop
  endfacet
  facet normal 0 0 1
    outer loop
      vertex 73.9 39.8 2.4
      vertex 73.5271 38.4634 2.4
      vertex 73.773 38.062 2.4
    endloop
  endfacet
  facet normal 0 0 1
    outer loop
      vertex 73.9 39.8 2.4
      vertex 73.2213 38.8213 2.4
      vertex 73.5271 38.4634 2.4
    endloop
  endfacet
  facet normal 0 0 1
    outer loop
      vertex 73.9 39.8 2.4
      vertex 72.8634 39.1271 2.4
      vertex 73.2213 38.8213 2.4
    endloop
  endfacet
  facet normal 0 0 1
    outer loop
      vertex 73.9 39.8 2.4
      vertex 72.462 39.373 2.4
      vertex 72.8634 39.1271 2.4
    endloop
  endfacet
  facet normal 0 0 1
    outer loop
      vertex 73.9 39.8 2.4
      vertex 72.0271 39.5532 2.4
      vertex 72.462 39.373 2.4
    endloop
  endfacet
  facet normal 0 0 1
    outer loop
      vertex 73.9 39.8 2.4
      vertex 71.5693 39.6631 2.4
      vertex 72.0271 39.5532 2.4
    endloop
  endfacet
  facet normal 0 0 1
    outer loop
      vertex 73.9 39.8 2.4
      vertex 71.1 39.7 2.4
      vertex 71.5693 39.6631 2.4
    endloop
  endfacet
  facet normal 0 0 1
    outer loop
      vertex 68.1369 37.1693 2.4
      vertex 58.5 39.8 2.4
      vertex 68.1 36.7 2.4
    endloop
  endfacet
  facet normal 0 0 1
    outer loop
      vertex 68.2468 37.6271 2.4
      vertex 58.5 39.8 2.4
      vertex 68.1369 37.1693 2.4
    endloop
  endfacet
  facet normal 0 0 1
    outer loop
      vertex 68.427 38.062 2.4
      vertex 58.5 39.8 2.4
      vertex 68.2468 37.6271 2.4
    endloop
  endfacet
  facet normal 0 0 1
    outer loop
      vertex 68.673 38.4634 2.4
      vertex 58.5 39.8 2.4
      vertex 68.427 38.062 2.4
    endloop
  endfacet
  facet normal 0 0 1
    outer loop
      vertex 68.9787 38.8213 2.4
      vertex 58.5 39.8 2.4
      vertex 68.673 38.4634 2.4
    endloop
  endfacet
  facet normal 0 0 1
    outer loop
      vertex 69.3366 39.1271 2.4
      vertex 58.5 39.8 2.4
      vertex 68.9787 38.8213 2.4
    endloop
  endfacet
  facet normal 0 0 1
    outer loop
      vertex 69.738 39.373 2.4
      vertex 58.5 39.8 2.4
      vertex 69.3366 39.1271 2.4
    endloop
  endfacet
  facet normal 0 0 1
    outer loop
      vertex 70.173 39.5532 2.4
      vertex 58.5 39.8 2.4
      vertex 69.738 39.373 2.4
    endloop
  endfacet
  facet normal 0 0 1
    outer loop
      vertex 70.6307 39.6631 2.4
      vertex 58.5 39.8 2.4
      vertex 70.173 39.5532 2.4
    endloop
  endfacet
  facet normal 0 0 1
    outer loop
      vertex 71.1 39.7 2.4
      vertex 58.5 39.8 2.4
      vertex 70.6307 39.6631 2.4
    endloop
  endfacet
  facet normal -0 0 1
    outer loop
      vertex 58.5 39.8 2.4
      vertex 71.1 39.7 2.4
      vertex 73.9 39.8 2.4
    endloop
  endfacet
  facet normal 0 0 1
    outer loop
      vertex 74.1 72.6 2.4
      vertex 75.6 71.1 2.4
      vertex 75.5815 71.3346 2.4
    endloop
  endfacet
  facet normal 0 0 1
    outer loop
      vertex 75.6 71.1 2.4
      vertex 74.6 33.6 2.4
      vertex 75.6 4.3 2.4
    endloop
  endfacet
  facet normal 0 0 1
    outer loop
      vertex 74.1 72.6 2.4
      vertex 75.5815 71.3346 2.4
      vertex 75.5266 71.5635 2.4
    endloop
  endfacet
  facet normal 0 0 1
    outer loop
      vertex 74.6 2.88852 2.4
      vertex 75.6 4.3 2.4
      vertex 74.6 33.6 2.4
    endloop
  endfacet
  facet normal 0 0 1
    outer loop
      vertex 74.1 72.6 2.4
      vertex 75.5266 71.5635 2.4
      vertex 75.4365 71.781 2.4
    endloop
  endfacet
  facet normal 0 0 1
    outer loop
      vertex 75.6 4.3 2.4
      vertex 74.6 2.88852 2.4
      vertex 75.5815 4.06535 2.4
    endloop
  endfacet
  facet normal 0 0 1
    outer loop
      vertex 74.1 72.6 2.4
      vertex 75.4365 71.781 2.4
      vertex 75.3135 71.9817 2.4
    endloop
  endfacet
  facet normal 0 0 1
    outer loop
      vertex 75.5815 4.06535 2.4
      vertex 74.6 2.88852 2.4
      vertex 75.5266 3.83647 2.4
    endloop
  endfacet
  facet normal 0 0 1
    outer loop
      vertex 74.1 72.6 2.4
      vertex 75.3135 71.9817 2.4
      vertex 75.1607 72.1607 2.4
    endloop
  endfacet
  facet normal 0 0 1
    outer loop
      vertex 75.5266 3.83647 2.4
      vertex 74.6 2.88852 2.4
      vertex 75.4365 3.61901 2.4
    endloop
  endfacet
  facet normal 0 0 1
    outer loop
      vertex 74.1 72.6 2.4
      vertex 75.1607 72.1607 2.4
      vertex 74.9817 72.3135 2.4
    endloop
  endfacet
  facet normal 0 0 1
    outer loop
      vertex 75.4365 3.61901 2.4
      vertex 74.6 2.88852 2.4
      vertex 75.3135 3.41832 2.4
    endloop
  endfacet
  facet normal 0 0 1
    outer loop
      vertex 74.1 72.6 2.4
      vertex 74.9817 72.3135 2.4
      vertex 74.781 72.4365 2.4
    endloop
  endfacet
  facet normal 0 0 1
    outer loop
      vertex 75.3135 3.41832 2.4
      vertex 74.6 2.88852 2.4
      vertex 75.1607 3.23934 2.4
    endloop
  endfacet
  facet normal 0 0 1
    outer loop
      vertex 75.1607 3.23934 2.4
      vertex 74.6 2.88852 2.4
      vertex 74.9817 3.08647 2.4
    endloop
  endfacet
  facet normal 0 0 1
    outer loop
      vertex 74.1 72.6 2.4
      vertex 74.781 72.4365 2.4
      vertex 74.5635 72.5266 2.4
    endloop
  endfacet
  facet normal 0 0 1
    outer loop
      vertex 74.1 72.6 2.4
      vertex 74.5635 72.5266 2.4
      vertex 74.3346 72.5815 2.4
    endloop
  endfacet
  facet normal -0 0 1
    outer loop
      vertex 73.9 72.6 2.4
      vertex 75.6 71.1 2.4
      vertex 74.1 72.6 2.4
    endloop
  endfacet
  facet normal -0 0 1
    outer loop
      vertex 74.0631 37.1693 2.4
      vertex 74.6 33.6 2.4
      vertex 75.6 71.1 2.4
    endloop
  endfacet
  facet normal -0 0 1
    outer loop
      vertex 74.0631 36.2307 2.4
      vertex 74.6 33.6 2.4
      vertex 74.1 36.7 2.4
    endloop
  endfacet
  facet normal -0 0 1
    outer loop
      vertex 73.9532 35.7729 2.4
      vertex 74.6 33.6 2.4
      vertex 74.0631 36.2307 2.4
    endloop
  endfacet
  facet normal -0 0 1
    outer loop
      vertex 73.773 35.338 2.4
      vertex 74.6 33.6 2.4
      vertex 73.9532 35.7729 2.4
    endloop
  endfacet
  facet normal -0 0 1
    outer loop
      vertex 73.5271 34.9366 2.4
      vertex 74.6 33.6 2.4
      vertex 73.773 35.338 2.4
    endloop
  endfacet
  facet normal -0 0 1
    outer loop
      vertex 73.2213 34.5787 2.4
      vertex 74.6 33.6 2.4
      vertex 73.5271 34.9366 2.4
    endloop
  endfacet
  facet normal -0 0 1
    outer loop
      vertex 72.8634 34.2729 2.4
      vertex 74.6 33.6 2.4
      vertex 73.2213 34.5787 2.4
    endloop
  endfacet
  facet normal -0 0 1
    outer loop
      vertex 72.462 34.027 2.4
      vertex 74.6 33.6 2.4
      vertex 72.8634 34.2729 2.4
    endloop
  endfacet
  facet normal -0 0 1
    outer loop
      vertex 72.0271 33.8468 2.4
      vertex 74.6 33.6 2.4
      vertex 72.462 34.027 2.4
    endloop
  endfacet
  facet normal -0 0 1
    outer loop
      vertex 71.5693 33.7369 2.4
      vertex 74.6 33.6 2.4
      vertex 72.0271 33.8468 2.4
    endloop
  endfacet
  facet normal -0 0 1
    outer loop
      vertex 71.1 33.7 2.4
      vertex 74.6 33.6 2.4
      vertex 71.5693 33.7369 2.4
    endloop
  endfacet
  facet normal 0 0 1
    outer loop
      vertex 58.5 39.8 2.4
      vertex 68.1369 36.2307 2.4
      vertex 68.1 36.7 2.4
    endloop
  endfacet
  facet normal 0 0 1
    outer loop
      vertex 57.2 33.6 2.4
      vertex 68.1369 36.2307 2.4
      vertex 58.5 39.8 2.4
    endloop
  endfacet
  facet normal 0 0 1
    outer loop
      vertex 68.1369 36.2307 2.4
      vertex 57.2 33.6 2.4
      vertex 68.2468 35.7729 2.4
    endloop
  endfacet
  facet normal 0 0 1
    outer loop
      vertex 68.2468 35.7729 2.4
      vertex 57.2 33.6 2.4
      vertex 68.427 35.338 2.4
    endloop
  endfacet
  facet normal 0 0 1
    outer loop
      vertex 68.427 35.338 2.4
      vertex 57.2 33.6 2.4
      vertex 68.673 34.9366 2.4
    endloop
  endfacet
  facet normal 0 0 1
    outer loop
      vertex 68.673 34.9366 2.4
      vertex 57.2 33.6 2.4
      vertex 68.9787 34.5787 2.4
    endloop
  endfacet
  facet normal 0 0 1
    outer loop
      vertex 68.9787 34.5787 2.4
      vertex 57.2 33.6 2.4
      vertex 69.3366 34.2729 2.4
    endloop
  endfacet
  facet normal 0 0 1
    outer loop
      vertex 71.1 33.7 2.4
      vertex 57.2 33.6 2.4
      vertex 74.6 33.6 2.4
    endloop
  endfacet
  facet normal 0 0 1
    outer loop
      vertex 70.6307 33.7369 2.4
      vertex 57.2 33.6 2.4
      vertex 71.1 33.7 2.4
    endloop
  endfacet
  facet normal 0 0 1
    outer loop
      vertex 70.173 33.8468 2.4
      vertex 57.2 33.6 2.4
      vertex 70.6307 33.7369 2.4
    endloop
  endfacet
  facet normal 0 0 1
    outer loop
      vertex 69.738 34.027 2.4
      vertex 57.2 33.6 2.4
      vertex 70.173 33.8468 2.4
    endloop
  endfacet
  facet normal 0 0 1
    outer loop
      vertex 69.3366 34.2729 2.4
      vertex 57.2 33.6 2.4
      vertex 69.738 34.027 2.4
    endloop
  endfacet
  facet normal 0 0 1
    outer loop
      vertex 74.9817 3.08647 2.4
      vertex 74.6 2.88852 2.4
      vertex 74.781 2.96349 2.4
    endloop
  endfacet
  facet normal 0.649292 -0.760539 0
    outer loop
      vertex 3.23934 72.1607 2.4
      vertex 3.41832 72.3135 27.4
      vertex 3.23934 72.1607 27.4
    endloop
  endfacet
  facet normal 0.649292 -0.760539 0
    outer loop
      vertex 3.41832 72.3135 27.4
      vertex 3.23934 72.1607 2.4
      vertex 3.41832 72.3135 2.4
    endloop
  endfacet
  facet normal 0.233248 -0.972417 0
    outer loop
      vertex 3.83647 72.5266 2.4
      vertex 4.06535 72.5815 27.4
      vertex 3.83647 72.5266 27.4
    endloop
  endfacet
  facet normal 0.233248 -0.972417 0
    outer loop
      vertex 4.06535 72.5815 27.4
      vertex 3.83647 72.5266 2.4
      vertex 4.06535 72.5815 2.4
    endloop
  endfacet
  facet normal -0.972422 -0.233228 0
    outer loop
      vertex 75.5815 71.3346 2.4
      vertex 75.5266 71.5635 27.4
      vertex 75.5266 71.5635 2.4
    endloop
  endfacet
  facet normal -0.972422 -0.233228 0
    outer loop
      vertex 75.5266 71.5635 27.4
      vertex 75.5815 71.3346 2.4
      vertex 75.5815 71.3346 27.4
    endloop
  endfacet
  facet normal -0.923867 -0.382714 0
    outer loop
      vertex 75.5266 71.5635 2.4
      vertex 75.4365 71.781 27.4
      vertex 75.4365 71.781 2.4
    endloop
  endfacet
  facet normal -0.923867 -0.382714 0
    outer loop
      vertex 75.4365 71.781 27.4
      vertex 75.5266 71.5635 2.4
      vertex 75.5266 71.5635 27.4
    endloop
  endfacet
  facet normal -0.760575 -0.64925 0
    outer loop
      vertex 75.3135 71.9817 2.4
      vertex 75.1607 72.1607 27.4
      vertex 75.1607 72.1607 2.4
    endloop
  endfacet
  facet normal -0.760575 -0.64925 0
    outer loop
      vertex 75.1607 72.1607 27.4
      vertex 75.3135 71.9817 2.4
      vertex 75.3135 71.9817 27.4
    endloop
  endfacet
  facet normal -0.382714 -0.923867 0
    outer loop
      vertex 74.5635 72.5266 2.4
      vertex 74.781 72.4365 27.4
      vertex 74.5635 72.5266 27.4
    endloop
  endfacet
  facet normal -0.382714 -0.923867 -0
    outer loop
      vertex 74.781 72.4365 27.4
      vertex 74.5635 72.5266 2.4
      vertex 74.781 72.4365 2.4
    endloop
  endfacet
  facet normal -0.0786136 -0.996905 0
    outer loop
      vertex 74.1 72.6 2.4
      vertex 74.3346 72.5815 27.4
      vertex 74.1 72.6 27.4
    endloop
  endfacet
  facet normal -0.0786136 -0.996905 -0
    outer loop
      vertex 74.3346 72.5815 27.4
      vertex 74.1 72.6 2.4
      vertex 74.3346 72.5815 2.4
    endloop
  endfacet
  facet normal -0.760539 0.649292 0
    outer loop
      vertex 75.1607 3.23934 2.4
      vertex 75.3135 3.41832 27.4
      vertex 75.3135 3.41832 2.4
    endloop
  endfacet
  facet normal -0.760539 0.649292 0
    outer loop
      vertex 75.3135 3.41832 27.4
      vertex 75.1607 3.23934 2.4
      vertex 75.1607 3.23934 27.4
    endloop
  endfacet
  facet normal -0.233389 0.972383 0
    outer loop
      vertex 74.5635 2.87341 5.89
      vertex 74.3346 2.81847 27.4
      vertex 74.5635 2.87341 27.4
    endloop
  endfacet
  facet normal -0.233389 0.972383 0
    outer loop
      vertex 74.3346 2.81847 27.4
      vertex 74.5635 2.87341 5.89
      vertex 74.3346 2.81847 5.89
    endloop
  endfacet
  facet normal -0.996906 0.0785969 0
    outer loop
      vertex 75.5815 4.06535 2.4
      vertex 75.6 4.3 27.4
      vertex 75.6 4.3 2.4
    endloop
  endfacet
  facet normal -0.996906 0.0785969 0
    outer loop
      vertex 75.6 4.3 27.4
      vertex 75.5815 4.06535 2.4
      vertex 75.5815 4.06535 27.4
    endloop
  endfacet
  facet normal 0.233408 0.972379 -0
    outer loop
      vertex 4.06535 2.81847 2.4
      vertex 3.83647 2.87341 27.4
      vertex 4.06535 2.81847 27.4
    endloop
  endfacet
  facet normal 0.233408 0.972379 0
    outer loop
      vertex 3.83647 2.87341 27.4
      vertex 4.06535 2.81847 2.4
      vertex 3.83647 2.87341 2.4
    endloop
  endfacet
  facet normal 0.649464 0.760392 -0
    outer loop
      vertex 3.41832 3.08647 2.4
      vertex 3.23934 3.23934 27.4
      vertex 3.41832 3.08647 27.4
    endloop
  endfacet
  facet normal 0.649464 0.760392 0
    outer loop
      vertex 3.23934 3.23934 27.4
      vertex 3.41832 3.08647 2.4
      vertex 3.23934 3.23934 2.4
    endloop
  endfacet
  facet normal 0.923872 0.382702 0
    outer loop
      vertex 2.96349 3.61901 27.4
      vertex 2.87341 3.83647 2.4
      vertex 2.87341 3.83647 27.4
    endloop
  endfacet
  facet normal 0.923872 0.382702 0
    outer loop
      vertex 2.87341 3.83647 2.4
      vertex 2.96349 3.61901 27.4
      vertex 2.96349 3.61901 2.4
    endloop
  endfacet
  facet normal 0.382775 -0.923842 0
    outer loop
      vertex 3.61901 72.4365 2.4
      vertex 3.83647 72.5266 27.4
      vertex 3.61901 72.4365 27.4
    endloop
  endfacet
  facet normal 0.382775 -0.923842 0
    outer loop
      vertex 3.83647 72.5266 27.4
      vertex 3.61901 72.4365 2.4
      vertex 3.83647 72.5266 2.4
    endloop
  endfacet
  facet normal 0.522551 -0.852608 0
    outer loop
      vertex 3.41832 72.3135 2.4
      vertex 3.61901 72.4365 27.4
      vertex 3.41832 72.3135 27.4
    endloop
  endfacet
  facet normal 0.522551 -0.852608 0
    outer loop
      vertex 3.61901 72.4365 27.4
      vertex 3.41832 72.3135 2.4
      vertex 3.61901 72.4365 2.4
    endloop
  endfacet
  facet normal -0.996905 -0.0786136 0
    outer loop
      vertex 75.6 71.1 2.4
      vertex 75.5815 71.3346 27.4
      vertex 75.5815 71.3346 2.4
    endloop
  endfacet
  facet normal -0.996905 -0.0786136 0
    outer loop
      vertex 75.5815 71.3346 27.4
      vertex 75.6 71.1 2.4
      vertex 75.6 71.1 27.4
    endloop
  endfacet
  facet normal -0.85262 -0.522532 0
    outer loop
      vertex 75.4365 71.781 2.4
      vertex 75.3135 71.9817 27.4
      vertex 75.3135 71.9817 2.4
    endloop
  endfacet
  facet normal -0.85262 -0.522532 0
    outer loop
      vertex 75.3135 71.9817 27.4
      vertex 75.4365 71.781 2.4
      vertex 75.4365 71.781 27.4
    endloop
  endfacet
  facet normal -0.522532 -0.85262 0
    outer loop
      vertex 74.781 72.4365 2.4
      vertex 74.9817 72.3135 27.4
      vertex 74.781 72.4365 27.4
    endloop
  endfacet
  facet normal -0.522532 -0.85262 -0
    outer loop
      vertex 74.9817 72.3135 27.4
      vertex 74.781 72.4365 2.4
      vertex 74.9817 72.3135 2.4
    endloop
  endfacet
  facet normal -0.233228 -0.972422 0
    outer loop
      vertex 74.3346 72.5815 2.4
      vertex 74.5635 72.5266 27.4
      vertex 74.3346 72.5815 27.4
    endloop
  endfacet
  facet normal -0.233228 -0.972422 -0
    outer loop
      vertex 74.5635 72.5266 27.4
      vertex 74.3346 72.5815 2.4
      vertex 74.5635 72.5266 2.4
    endloop
  endfacet
  facet normal -0.52247 0.852657 0
    outer loop
      vertex 74.9817 3.08647 2.4
      vertex 74.781 2.96349 27.4
      vertex 74.9817 3.08647 27.4
    endloop
  endfacet
  facet normal -0.52247 0.852657 0
    outer loop
      vertex 74.781 2.96349 27.4
      vertex 74.9817 3.08647 2.4
      vertex 74.781 2.96349 2.4
    endloop
  endfacet
  facet normal -0.382642 0.923897 -2.95233e-07
    outer loop
      vertex 74.781 2.96349 27.4
      vertex 74.6 2.88852 5.89
      vertex 74.5635 2.87341 27.4
    endloop
  endfacet
  facet normal -0.382672 0.923884 0
    outer loop
      vertex 74.781 2.96349 2.4
      vertex 74.6 2.88852 5.89
      vertex 74.781 2.96349 27.4
    endloop
  endfacet
  facet normal -0.382672 0.923884 0
    outer loop
      vertex 74.6 2.88852 5.89
      vertex 74.781 2.96349 2.4
      vertex 74.6 2.88852 2.4
    endloop
  endfacet
  facet normal -0.382493 0.923958 0
    outer loop
      vertex 74.5635 2.87341 27.4
      vertex 74.6 2.88852 5.89
      vertex 74.5635 2.87341 5.89
    endloop
  endfacet
  facet normal 0 0 -1
    outer loop
      vertex 0 10.7 18.4
      vertex 2.8 24.7 18.4
      vertex 2.8 10.7 18.4
    endloop
  endfacet
  facet normal -0 0 -1
    outer loop
      vertex 2.8 24.7 18.4
      vertex 0 10.7 18.4
      vertex 0 24.7 18.4
    endloop
  endfacet
  facet normal -0 0 1
    outer loop
      vertex 0 24.7 8.4
      vertex 2.8 10.7 8.4
      vertex 2.8 24.7 8.4
    endloop
  endfacet
  facet normal 0 0 1
    outer loop
      vertex 2.8 10.7 8.4
      vertex 0 24.7 8.4
      vertex 0 10.7 8.4
    endloop
  endfacet
  facet normal 0 1 -0
    outer loop
      vertex 2.8 10.7 8.4
      vertex 0 10.7 18.4
      vertex 2.8 10.7 18.4
    endloop
  endfacet
  facet normal 0 1 0
    outer loop
      vertex 0 10.7 18.4
      vertex 2.8 10.7 8.4
      vertex 0 10.7 8.4
    endloop
  endfacet
  facet normal 0 -1 0
    outer loop
      vertex 0 24.7 8.4
      vertex 2.8 24.7 18.4
      vertex 0 24.7 18.4
    endloop
  endfacet
  facet normal 0 -1 -0
    outer loop
      vertex 2.8 24.7 18.4
      vertex 0 24.7 8.4
      vertex 2.8 24.7 8.4
    endloop
  endfacet
  facet normal 0.522387 0.852708 -0
    outer loop
      vertex 9.56336 10.2271 2.4
      vertex 9.16197 10.473 26.09
      vertex 9.56336 10.2271 26.09
    endloop
  endfacet
  facet normal 0.522387 0.852708 0
    outer loop
      vertex 9.16197 10.473 26.09
      vertex 9.56336 10.2271 2.4
      vertex 9.16197 10.473 2.4
    endloop
  endfacet
  facet normal -0.923879 0.382684 0
    outer loop
      vertex 4.94683 8.72705 2.4
      vertex 5.12698 9.16197 26.09
      vertex 5.12698 9.16197 2.4
    endloop
  endfacet
  facet normal -0.923879 0.382684 0
    outer loop
      vertex 5.12698 9.16197 26.09
      vertex 4.94683 8.72705 2.4
      vertex 4.94683 8.72705 26.09
    endloop
  endfacet
  facet normal -0.382684 -0.923879 0
    outer loop
      vertex 6.43803 5.12698 2.4
      vertex 6.87295 4.94683 26.09
      vertex 6.43803 5.12698 26.09
    endloop
  endfacet
  facet normal -0.382684 -0.923879 -0
    outer loop
      vertex 6.87295 4.94683 26.09
      vertex 6.43803 5.12698 2.4
      vertex 6.87295 4.94683 2.4
    endloop
  endfacet
  facet normal -0.382775 0.923842 0
    outer loop
      vertex 6.87295 10.6532 2.4
      vertex 6.43803 10.473 26.09
      vertex 6.87295 10.6532 26.09
    endloop
  endfacet
  facet normal -0.382775 0.923842 0
    outer loop
      vertex 6.43803 10.473 26.09
      vertex 6.87295 10.6532 2.4
      vertex 6.43803 10.473 2.4
    endloop
  endfacet
  facet normal -0.852642 0.522495 0
    outer loop
      vertex 5.12698 9.16197 2.4
      vertex 5.37295 9.56336 26.09
      vertex 5.37295 9.56336 2.4
    endloop
  endfacet
  facet normal -0.852642 0.522495 0
    outer loop
      vertex 5.37295 9.56336 26.09
      vertex 5.12698 9.16197 2.4
      vertex 5.12698 9.16197 26.09
    endloop
  endfacet
  facet normal 0.923842 0.382775 0
    outer loop
      vertex 10.6532 8.72705 26.09
      vertex 10.473 9.16197 2.39
      vertex 10.473 9.16197 26.09
    endloop
  endfacet
  facet normal 0.923842 0.382775 0
    outer loop
      vertex 10.473 9.16197 2.39
      vertex 10.6532 8.72705 26.09
      vertex 10.6532 8.72705 2.39
    endloop
  endfacet
  facet normal 0.852708 0.522387 0
    outer loop
      vertex 10.473 9.16197 26.09
      vertex 10.2271 9.56336 2.39
      vertex 10.2271 9.56336 26.09
    endloop
  endfacet
  facet normal 0.852708 0.522387 0
    outer loop
      vertex 10.2271 9.56336 2.39
      vertex 10.473 9.16197 26.09
      vertex 10.473 9.16197 2.39
    endloop
  endfacet
  facet normal 0.382775 0.923842 -0
    outer loop
      vertex 9.16197 10.473 2.4
      vertex 8.72705 10.6532 26.09
      vertex 9.16197 10.473 26.09
    endloop
  endfacet
  facet normal 0.382775 0.923842 0
    outer loop
      vertex 8.72705 10.6532 26.09
      vertex 9.16197 10.473 2.4
      vertex 8.72705 10.6532 2.4
    endloop
  endfacet
  facet normal 0.0783858 0.996923 -0
    outer loop
      vertex 8.2693 10.7631 2.4
      vertex 7.8 10.8 26.09
      vertex 8.2693 10.7631 26.09
    endloop
  endfacet
  facet normal 0.0783858 0.996923 0
    outer loop
      vertex 7.8 10.8 26.09
      vertex 8.2693 10.7631 2.4
      vertex 7.8 10.8 2.4
    endloop
  endfacet
  facet normal 0.233453 0.972368 -0
    outer loop
      vertex 8.72705 10.6532 2.4
      vertex 8.2693 10.7631 26.09
      vertex 8.72705 10.6532 26.09
    endloop
  endfacet
  facet normal 0.233453 0.972368 0
    outer loop
      vertex 8.2693 10.7631 26.09
      vertex 8.72705 10.6532 2.4
      vertex 8.2693 10.7631 2.4
    endloop
  endfacet
  facet normal -0.760403 0.649452 0
    outer loop
      vertex 5.37295 9.56336 2.4
      vertex 5.67868 9.92132 26.09
      vertex 5.67868 9.92132 2.4
    endloop
  endfacet
  facet normal -0.760403 0.649452 0
    outer loop
      vertex 5.67868 9.92132 26.09
      vertex 5.37295 9.56336 2.4
      vertex 5.37295 9.56336 26.09
    endloop
  endfacet
  facet normal -0.522387 0.852708 0
    outer loop
      vertex 6.43803 10.473 2.4
      vertex 6.03664 10.2271 26.09
      vertex 6.43803 10.473 26.09
    endloop
  endfacet
  facet normal -0.522387 0.852708 0
    outer loop
      vertex 6.03664 10.2271 26.09
      vertex 6.43803 10.473 2.4
      vertex 6.03664 10.2271 2.4
    endloop
  endfacet
  facet normal -0.233453 0.972368 0
    outer loop
      vertex 7.3307 10.7631 2.4
      vertex 6.87295 10.6532 26.09
      vertex 7.3307 10.7631 26.09
    endloop
  endfacet
  facet normal -0.233453 0.972368 0
    outer loop
      vertex 6.87295 10.6532 26.09
      vertex 7.3307 10.7631 2.4
      vertex 6.87295 10.6532 2.4
    endloop
  endfacet
  facet normal -0.649513 0.76035 0
    outer loop
      vertex 6.03664 10.2271 2.4
      vertex 5.67868 9.92132 26.09
      vertex 6.03664 10.2271 26.09
    endloop
  endfacet
  facet normal -0.649513 0.76035 0
    outer loop
      vertex 5.67868 9.92132 26.09
      vertex 6.03664 10.2271 2.4
      vertex 5.67868 9.92132 2.4
    endloop
  endfacet
  facet normal 0.996923 0.0783858 0
    outer loop
      vertex 10.8 7.8 26.09
      vertex 10.7631 8.2693 2.39
      vertex 10.7631 8.2693 26.09
    endloop
  endfacet
  facet normal 0.996923 0.0783858 0
    outer loop
      vertex 10.7631 8.2693 2.39
      vertex 10.8 7.8 26.09
      vertex 10.8 7.8 2.39
    endloop
  endfacet
  facet normal 0.382684 -0.923879 0
    outer loop
      vertex 8.72705 4.94683 2.4
      vertex 9.16197 5.12698 26.09
      vertex 8.72705 4.94683 26.09
    endloop
  endfacet
  facet normal 0.382684 -0.923879 0
    outer loop
      vertex 9.16197 5.12698 26.09
      vertex 8.72705 4.94683 2.4
      vertex 9.16197 5.12698 2.4
    endloop
  endfacet
  facet normal 0.522495 -0.852642 0
    outer loop
      vertex 9.16197 5.12698 2.4
      vertex 9.56336 5.37295 26.09
      vertex 9.16197 5.12698 26.09
    endloop
  endfacet
  facet normal 0.522495 -0.852642 0
    outer loop
      vertex 9.56336 5.37295 26.09
      vertex 9.16197 5.12698 2.4
      vertex 9.56336 5.37295 2.4
    endloop
  endfacet
  facet normal 0.852708 -0.522387 0
    outer loop
      vertex 10.2271 6.03664 26.09
      vertex 10.473 6.43803 2.4
      vertex 10.473 6.43803 26.09
    endloop
  endfacet
  facet normal 0.852708 -0.522387 0
    outer loop
      vertex 10.473 6.43803 2.4
      vertex 10.2271 6.03664 26.09
      vertex 10.2271 6.03664 2.4
    endloop
  endfacet
  facet normal -0.233433 -0.972373 0
    outer loop
      vertex 6.87295 4.94683 2.4
      vertex 7.3307 4.83694 26.09
      vertex 6.87295 4.94683 26.09
    endloop
  endfacet
  facet normal -0.233433 -0.972373 -0
    outer loop
      vertex 7.3307 4.83694 26.09
      vertex 6.87295 4.94683 2.4
      vertex 7.3307 4.83694 2.4
    endloop
  endfacet
  facet normal -0.649452 -0.760403 0
    outer loop
      vertex 5.67868 5.67868 2.4
      vertex 6.03664 5.37295 26.09
      vertex 5.67868 5.67868 26.09
    endloop
  endfacet
  facet normal -0.649452 -0.760403 -0
    outer loop
      vertex 6.03664 5.37295 26.09
      vertex 5.67868 5.67868 2.4
      vertex 6.03664 5.37295 2.4
    endloop
  endfacet
  facet normal -0.852642 -0.522495 0
    outer loop
      vertex 5.37295 6.03664 2.4
      vertex 5.12698 6.43803 26.09
      vertex 5.12698 6.43803 2.4
    endloop
  endfacet
  facet normal -0.852642 -0.522495 0
    outer loop
      vertex 5.12698 6.43803 26.09
      vertex 5.37295 6.03664 2.4
      vertex 5.37295 6.03664 26.09
    endloop
  endfacet
  facet normal -0.972373 -0.233433 0
    outer loop
      vertex 4.94683 6.87295 2.4
      vertex 4.83694 7.3307 26.09
      vertex 4.83694 7.3307 2.4
    endloop
  endfacet
  facet normal -0.972373 -0.233433 0
    outer loop
      vertex 4.83694 7.3307 26.09
      vertex 4.94683 6.87295 2.4
      vertex 4.94683 6.87295 26.09
    endloop
  endfacet
  facet normal 0 0 -1
    outer loop
      vertex 9.8 7.2 2.39
      vertex 10.8 7.8 2.39
      vertex 10.7631 7.3307 2.39
    endloop
  endfacet
  facet normal 0 0 -1
    outer loop
      vertex 9.8 7.2 2.39
      vertex 10.7631 7.3307 2.39
      vertex 10.7317 7.2 2.39
    endloop
  endfacet
  facet normal -0 0 -1
    outer loop
      vertex 10.8 7.8 2.39
      vertex 9.8 7.2 2.39
      vertex 10.7631 8.2693 2.39
    endloop
  endfacet
  facet normal -0 0 -1
    outer loop
      vertex 10.7631 8.2693 2.39
      vertex 9.8 7.2 2.39
      vertex 10.6532 8.72705 2.39
    endloop
  endfacet
  facet normal -0 0 -1
    outer loop
      vertex 10.6532 8.72705 2.39
      vertex 9.8 7.2 2.39
      vertex 10.473 9.16197 2.39
    endloop
  endfacet
  facet normal -0 0 -1
    outer loop
      vertex 10.473 9.16197 2.39
      vertex 9.8 7.2 2.39
      vertex 10.2271 9.56336 2.39
    endloop
  endfacet
  facet normal -0 0 -1
    outer loop
      vertex 10.2271 9.56336 2.39
      vertex 9.8 7.2 2.39
      vertex 9.92132 9.92132 2.39
    endloop
  endfacet
  facet normal -0 0 -1
    outer loop
      vertex 9.92132 9.92132 2.39
      vertex 9.8 7.2 2.39
      vertex 9.8 10.0249 2.39
    endloop
  endfacet
  facet normal 0.972368 0.233453 0
    outer loop
      vertex 10.7631 8.2693 26.09
      vertex 10.6532 8.72705 2.39
      vertex 10.6532 8.72705 26.09
    endloop
  endfacet
  facet normal 0.972368 0.233453 0
    outer loop
      vertex 10.6532 8.72705 2.39
      vertex 10.7631 8.2693 26.09
      vertex 10.7631 8.2693 2.39
    endloop
  endfacet
  facet normal 0.76035 0.649513 0
    outer loop
      vertex 10.2271 9.56336 26.09
      vertex 9.92132 9.92132 2.39
      vertex 9.92132 9.92132 26.09
    endloop
  endfacet
  facet normal 0.76035 0.649513 0
    outer loop
      vertex 9.92132 9.92132 2.39
      vertex 10.2271 9.56336 26.09
      vertex 10.2271 9.56336 2.39
    endloop
  endfacet
  facet normal 0.649513 0.76035 -1.76931e-06
    outer loop
      vertex 9.92132 9.92132 26.09
      vertex 9.8 10.0249 2.4
      vertex 9.56336 10.2271 26.09
    endloop
  endfacet
  facet normal 0.649314 0.760521 -0
    outer loop
      vertex 9.92132 9.92132 2.39
      vertex 9.8 10.0249 2.4
      vertex 9.92132 9.92132 26.09
    endloop
  endfacet
  facet normal 0.649314 0.760521 0
    outer loop
      vertex 9.8 10.0249 2.4
      vertex 9.92132 9.92132 2.39
      vertex 9.8 10.0249 2.39
    endloop
  endfacet
  facet normal 0.649616 0.760263 0
    outer loop
      vertex 9.56336 10.2271 26.09
      vertex 9.8 10.0249 2.4
      vertex 9.56336 10.2271 2.4
    endloop
  endfacet
  facet normal -0.996916 0.0784703 0
    outer loop
      vertex 4.8 7.8 2.4
      vertex 4.83694 8.2693 26.09
      vertex 4.83694 8.2693 2.4
    endloop
  endfacet
  facet normal -0.996916 0.0784703 0
    outer loop
      vertex 4.83694 8.2693 26.09
      vertex 4.8 7.8 2.4
      vertex 4.8 7.8 26.09
    endloop
  endfacet
  facet normal -0.0783858 0.996923 0
    outer loop
      vertex 7.8 10.8 2.4
      vertex 7.3307 10.7631 26.09
      vertex 7.8 10.8 26.09
    endloop
  endfacet
  facet normal -0.0783858 0.996923 0
    outer loop
      vertex 7.3307 10.7631 26.09
      vertex 7.8 10.8 2.4
      vertex 7.3307 10.7631 2.4
    endloop
  endfacet
  facet normal 0.972333 -0.233598 0
    outer loop
      vertex 10.7631 7.3307 26.09
      vertex 10.7317 7.2 2.4
      vertex 10.7631 7.3307 2.39
    endloop
  endfacet
  facet normal 0.972368 -0.233453 -8.44672e-07
    outer loop
      vertex 10.6532 6.87295 26.09
      vertex 10.7317 7.2 2.4
      vertex 10.7631 7.3307 26.09
    endloop
  endfacet
  facet normal 0.972382 -0.233395 0
    outer loop
      vertex 10.7317 7.2 2.4
      vertex 10.6532 6.87295 26.09
      vertex 10.6532 6.87295 2.4
    endloop
  endfacet
  facet normal 0.972333 -0.233598 0
    outer loop
      vertex 10.7631 7.3307 2.39
      vertex 10.7317 7.2 2.4
      vertex 10.7317 7.2 2.39
    endloop
  endfacet
  facet normal 0.0784703 -0.996916 0
    outer loop
      vertex 7.8 4.8 2.4
      vertex 8.2693 4.83694 26.09
      vertex 7.8 4.8 26.09
    endloop
  endfacet
  facet normal 0.0784703 -0.996916 0
    outer loop
      vertex 8.2693 4.83694 26.09
      vertex 7.8 4.8 2.4
      vertex 8.2693 4.83694 2.4
    endloop
  endfacet
  facet normal 0.233433 -0.972373 0
    outer loop
      vertex 8.2693 4.83694 2.4
      vertex 8.72705 4.94683 26.09
      vertex 8.2693 4.83694 26.09
    endloop
  endfacet
  facet normal 0.233433 -0.972373 0
    outer loop
      vertex 8.72705 4.94683 26.09
      vertex 8.2693 4.83694 2.4
      vertex 8.72705 4.94683 2.4
    endloop
  endfacet
  facet normal 0.76035 -0.649513 0
    outer loop
      vertex 9.92132 5.67868 26.09
      vertex 10.2271 6.03664 2.4
      vertex 10.2271 6.03664 26.09
    endloop
  endfacet
  facet normal 0.76035 -0.649513 0
    outer loop
      vertex 10.2271 6.03664 2.4
      vertex 9.92132 5.67868 26.09
      vertex 9.92132 5.67868 2.4
    endloop
  endfacet
  facet normal 0.649452 -0.760403 0
    outer loop
      vertex 9.56336 5.37295 2.4
      vertex 9.92132 5.67868 26.09
      vertex 9.56336 5.37295 26.09
    endloop
  endfacet
  facet normal 0.649452 -0.760403 0
    outer loop
      vertex 9.92132 5.67868 26.09
      vertex 9.56336 5.37295 2.4
      vertex 9.92132 5.67868 2.4
    endloop
  endfacet
  facet normal 0.923842 -0.382775 0
    outer loop
      vertex 10.473 6.43803 26.09
      vertex 10.6532 6.87295 2.4
      vertex 10.6532 6.87295 26.09
    endloop
  endfacet
  facet normal 0.923842 -0.382775 0
    outer loop
      vertex 10.6532 6.87295 2.4
      vertex 10.473 6.43803 26.09
      vertex 10.473 6.43803 2.4
    endloop
  endfacet
  facet normal -0.0784703 -0.996916 0
    outer loop
      vertex 7.3307 4.83694 2.4
      vertex 7.8 4.8 26.09
      vertex 7.3307 4.83694 26.09
    endloop
  endfacet
  facet normal -0.0784703 -0.996916 -0
    outer loop
      vertex 7.8 4.8 26.09
      vertex 7.3307 4.83694 2.4
      vertex 7.8 4.8 2.4
    endloop
  endfacet
  facet normal -0.522495 -0.852642 0
    outer loop
      vertex 6.03664 5.37295 2.4
      vertex 6.43803 5.12698 26.09
      vertex 6.03664 5.37295 26.09
    endloop
  endfacet
  facet normal -0.522495 -0.852642 -0
    outer loop
      vertex 6.43803 5.12698 26.09
      vertex 6.03664 5.37295 2.4
      vertex 6.43803 5.12698 2.4
    endloop
  endfacet
  facet normal -0.923879 -0.382684 0
    outer loop
      vertex 5.12698 6.43803 2.4
      vertex 4.94683 6.87295 26.09
      vertex 4.94683 6.87295 2.4
    endloop
  endfacet
  facet normal -0.923879 -0.382684 0
    outer loop
      vertex 4.94683 6.87295 26.09
      vertex 5.12698 6.43803 2.4
      vertex 5.12698 6.43803 26.09
    endloop
  endfacet
  facet normal -0.996916 -0.0784703 0
    outer loop
      vertex 4.83694 7.3307 2.4
      vertex 4.8 7.8 26.09
      vertex 4.8 7.8 2.4
    endloop
  endfacet
  facet normal -0.996916 -0.0784703 0
    outer loop
      vertex 4.8 7.8 26.09
      vertex 4.83694 7.3307 2.4
      vertex 4.83694 7.3307 26.09
    endloop
  endfacet
  facet normal -0.760403 -0.649452 0
    outer loop
      vertex 5.67868 5.67868 2.4
      vertex 5.37295 6.03664 26.09
      vertex 5.37295 6.03664 2.4
    endloop
  endfacet
  facet normal -0.760403 -0.649452 0
    outer loop
      vertex 5.37295 6.03664 26.09
      vertex 5.67868 5.67868 2.4
      vertex 5.67868 5.67868 26.09
    endloop
  endfacet
  facet normal 0 0 1
    outer loop
      vertex 9.2 7.8 26.09
      vertex 10.8 7.8 26.09
      vertex 10.7631 8.2693 26.09
    endloop
  endfacet
  facet normal 0 0 1
    outer loop
      vertex 9.18276 8.01901 26.09
      vertex 10.7631 8.2693 26.09
      vertex 10.6532 8.72705 26.09
    endloop
  endfacet
  facet normal 0 0 1
    outer loop
      vertex 10.8 7.8 26.09
      vertex 9.2 7.8 26.09
      vertex 10.7631 7.3307 26.09
    endloop
  endfacet
  facet normal 0 0 1
    outer loop
      vertex 9.13148 8.23262 26.09
      vertex 10.6532 8.72705 26.09
      vertex 10.473 9.16197 26.09
    endloop
  endfacet
  facet normal -0 0 1
    outer loop
      vertex 9.18276 7.58099 26.09
      vertex 10.7631 7.3307 26.09
      vertex 9.2 7.8 26.09
    endloop
  endfacet
  facet normal 0 0 1
    outer loop
      vertex 9.04741 8.43559 26.09
      vertex 10.473 9.16197 26.09
      vertex 10.2271 9.56336 26.09
    endloop
  endfacet
  facet normal 0 0 1
    outer loop
      vertex 10.7631 7.3307 26.09
      vertex 9.18276 7.58099 26.09
      vertex 10.6532 6.87295 26.09
    endloop
  endfacet
  facet normal 0 0 1
    outer loop
      vertex 8.93262 8.6229 26.09
      vertex 10.2271 9.56336 26.09
      vertex 9.92132 9.92132 26.09
    endloop
  endfacet
  facet normal -0 0 1
    outer loop
      vertex 9.13148 7.36738 26.09
      vertex 10.6532 6.87295 26.09
      vertex 9.18276 7.58099 26.09
    endloop
  endfacet
  facet normal 0 0 1
    outer loop
      vertex 8.78995 8.78995 26.09
      vertex 9.92132 9.92132 26.09
      vertex 9.56336 10.2271 26.09
    endloop
  endfacet
  facet normal 0 0 1
    outer loop
      vertex 10.6532 6.87295 26.09
      vertex 9.13148 7.36738 26.09
      vertex 10.473 6.43803 26.09
    endloop
  endfacet
  facet normal -0 0 1
    outer loop
      vertex 9.04741 7.16441 26.09
      vertex 10.473 6.43803 26.09
      vertex 9.13148 7.36738 26.09
    endloop
  endfacet
  facet normal 0 0 1
    outer loop
      vertex 10.7631 8.2693 26.09
      vertex 9.18276 8.01901 26.09
      vertex 9.2 7.8 26.09
    endloop
  endfacet
  facet normal 0 0 1
    outer loop
      vertex 8.6229 8.93262 26.09
      vertex 9.56336 10.2271 26.09
      vertex 9.16197 10.473 26.09
    endloop
  endfacet
  facet normal 0 0 1
    outer loop
      vertex 10.6532 8.72705 26.09
      vertex 9.13148 8.23262 26.09
      vertex 9.18276 8.01901 26.09
    endloop
  endfacet
  facet normal 0 0 1
    outer loop
      vertex 10.473 9.16197 26.09
      vertex 9.04741 8.43559 26.09
      vertex 9.13148 8.23262 26.09
    endloop
  endfacet
  facet normal 0 0 1
    outer loop
      vertex 10.2271 9.56336 26.09
      vertex 8.93262 8.6229 26.09
      vertex 9.04741 8.43559 26.09
    endloop
  endfacet
  facet normal 0 0 1
    outer loop
      vertex 9.92132 9.92132 26.09
      vertex 8.78995 8.78995 26.09
      vertex 8.93262 8.6229 26.09
    endloop
  endfacet
  facet normal 0 0 1
    outer loop
      vertex 8.43559 9.04741 26.09
      vertex 9.16197 10.473 26.09
      vertex 8.72705 10.6532 26.09
    endloop
  endfacet
  facet normal 0 0 1
    outer loop
      vertex 9.56336 10.2271 26.09
      vertex 8.6229 8.93262 26.09
      vertex 8.78995 8.78995 26.09
    endloop
  endfacet
  facet normal 0 0 1
    outer loop
      vertex 9.16197 10.473 26.09
      vertex 8.43559 9.04741 26.09
      vertex 8.6229 8.93262 26.09
    endloop
  endfacet
  facet normal 0 0 1
    outer loop
      vertex 8.23262 9.13148 26.09
      vertex 8.72705 10.6532 26.09
      vertex 8.2693 10.7631 26.09
    endloop
  endfacet
  facet normal 0 0 1
    outer loop
      vertex 8.72705 10.6532 26.09
      vertex 8.23262 9.13148 26.09
      vertex 8.43559 9.04741 26.09
    endloop
  endfacet
  facet normal 0 0 1
    outer loop
      vertex 8.2693 10.7631 26.09
      vertex 8.01901 9.18276 26.09
      vertex 8.23262 9.13148 26.09
    endloop
  endfacet
  facet normal 0 0 1
    outer loop
      vertex 7.8 10.8 26.09
      vertex 8.01901 9.18276 26.09
      vertex 8.2693 10.7631 26.09
    endloop
  endfacet
  facet normal 0 0 1
    outer loop
      vertex 7.8 10.8 26.09
      vertex 7.8 9.2 26.09
      vertex 8.01901 9.18276 26.09
    endloop
  endfacet
  facet normal 0 0 1
    outer loop
      vertex 7.8 10.8 26.09
      vertex 7.58099 9.18276 26.09
      vertex 7.8 9.2 26.09
    endloop
  endfacet
  facet normal -0 0 1
    outer loop
      vertex 7.3307 10.7631 26.09
      vertex 7.58099 9.18276 26.09
      vertex 7.8 10.8 26.09
    endloop
  endfacet
  facet normal 0 0 1
    outer loop
      vertex 7.58099 9.18276 26.09
      vertex 7.3307 10.7631 26.09
      vertex 7.36738 9.13148 26.09
    endloop
  endfacet
  facet normal -0 0 1
    outer loop
      vertex 6.87295 10.6532 26.09
      vertex 7.36738 9.13148 26.09
      vertex 7.3307 10.7631 26.09
    endloop
  endfacet
  facet normal 0 0 1
    outer loop
      vertex 7.36738 9.13148 26.09
      vertex 6.87295 10.6532 26.09
      vertex 7.16441 9.04741 26.09
    endloop
  endfacet
  facet normal -0 0 1
    outer loop
      vertex 6.43803 10.473 26.09
      vertex 7.16441 9.04741 26.09
      vertex 6.87295 10.6532 26.09
    endloop
  endfacet
  facet normal 0 0 1
    outer loop
      vertex 7.16441 9.04741 26.09
      vertex 6.43803 10.473 26.09
      vertex 6.9771 8.93262 26.09
    endloop
  endfacet
  facet normal -0 0 1
    outer loop
      vertex 6.03664 10.2271 26.09
      vertex 6.9771 8.93262 26.09
      vertex 6.43803 10.473 26.09
    endloop
  endfacet
  facet normal 0 0 1
    outer loop
      vertex 6.9771 8.93262 26.09
      vertex 6.03664 10.2271 26.09
      vertex 6.81005 8.78995 26.09
    endloop
  endfacet
  facet normal -0 0 1
    outer loop
      vertex 5.67868 9.92132 26.09
      vertex 6.81005 8.78995 26.09
      vertex 6.03664 10.2271 26.09
    endloop
  endfacet
  facet normal 0 0 1
    outer loop
      vertex 6.81005 8.78995 26.09
      vertex 5.67868 9.92132 26.09
      vertex 6.66738 8.6229 26.09
    endloop
  endfacet
  facet normal -0 0 1
    outer loop
      vertex 5.37295 9.56336 26.09
      vertex 6.66738 8.6229 26.09
      vertex 5.67868 9.92132 26.09
    endloop
  endfacet
  facet normal 0 0 1
    outer loop
      vertex 6.66738 8.6229 26.09
      vertex 5.37295 9.56336 26.09
      vertex 6.55259 8.43559 26.09
    endloop
  endfacet
  facet normal -0 0 1
    outer loop
      vertex 5.12698 9.16197 26.09
      vertex 6.55259 8.43559 26.09
      vertex 5.37295 9.56336 26.09
    endloop
  endfacet
  facet normal 0 0 1
    outer loop
      vertex 10.473 6.43803 26.09
      vertex 9.04741 7.16441 26.09
      vertex 10.2271 6.03664 26.09
    endloop
  endfacet
  facet normal -0 0 1
    outer loop
      vertex 8.93262 6.9771 26.09
      vertex 10.2271 6.03664 26.09
      vertex 9.04741 7.16441 26.09
    endloop
  endfacet
  facet normal 0 0 1
    outer loop
      vertex 10.2271 6.03664 26.09
      vertex 8.93262 6.9771 26.09
      vertex 9.92132 5.67868 26.09
    endloop
  endfacet
  facet normal -0 0 1
    outer loop
      vertex 8.78995 6.81005 26.09
      vertex 9.92132 5.67868 26.09
      vertex 8.93262 6.9771 26.09
    endloop
  endfacet
  facet normal 0 0 1
    outer loop
      vertex 9.92132 5.67868 26.09
      vertex 8.78995 6.81005 26.09
      vertex 9.56336 5.37295 26.09
    endloop
  endfacet
  facet normal -0 0 1
    outer loop
      vertex 8.6229 6.66738 26.09
      vertex 9.56336 5.37295 26.09
      vertex 8.78995 6.81005 26.09
    endloop
  endfacet
  facet normal 0 0 1
    outer loop
      vertex 9.56336 5.37295 26.09
      vertex 8.6229 6.66738 26.09
      vertex 9.16197 5.12698 26.09
    endloop
  endfacet
  facet normal -0 0 1
    outer loop
      vertex 8.43559 6.55259 26.09
      vertex 9.16197 5.12698 26.09
      vertex 8.6229 6.66738 26.09
    endloop
  endfacet
  facet normal 0 0 1
    outer loop
      vertex 9.16197 5.12698 26.09
      vertex 8.43559 6.55259 26.09
      vertex 8.72705 4.94683 26.09
    endloop
  endfacet
  facet normal -0 0 1
    outer loop
      vertex 8.23262 6.46852 26.09
      vertex 8.72705 4.94683 26.09
      vertex 8.43559 6.55259 26.09
    endloop
  endfacet
  facet normal 0 0 1
    outer loop
      vertex 8.72705 4.94683 26.09
      vertex 8.23262 6.46852 26.09
      vertex 8.2693 4.83694 26.09
    endloop
  endfacet
  facet normal -0 0 1
    outer loop
      vertex 8.01901 6.41724 26.09
      vertex 8.2693 4.83694 26.09
      vertex 8.23262 6.46852 26.09
    endloop
  endfacet
  facet normal -0 0 1
    outer loop
      vertex 7.8 6.4 26.09
      vertex 8.2693 4.83694 26.09
      vertex 8.01901 6.41724 26.09
    endloop
  endfacet
  facet normal 0 0 1
    outer loop
      vertex 7.8 6.4 26.09
      vertex 7.8 4.8 26.09
      vertex 8.2693 4.83694 26.09
    endloop
  endfacet
  facet normal 0 0 1
    outer loop
      vertex 7.58099 6.41724 26.09
      vertex 7.8 4.8 26.09
      vertex 7.8 6.4 26.09
    endloop
  endfacet
  facet normal 0 0 1
    outer loop
      vertex 7.3307 4.83694 26.09
      vertex 7.58099 6.41724 26.09
      vertex 7.36738 6.46852 26.09
    endloop
  endfacet
  facet normal 0 0 1
    outer loop
      vertex 7.58099 6.41724 26.09
      vertex 7.3307 4.83694 26.09
      vertex 7.8 4.8 26.09
    endloop
  endfacet
  facet normal 0 0 1
    outer loop
      vertex 6.87295 4.94683 26.09
      vertex 7.36738 6.46852 26.09
      vertex 7.16441 6.55259 26.09
    endloop
  endfacet
  facet normal 0 0 1
    outer loop
      vertex 6.43803 5.12698 26.09
      vertex 7.16441 6.55259 26.09
      vertex 6.9771 6.66738 26.09
    endloop
  endfacet
  facet normal 0 0 1
    outer loop
      vertex 7.36738 6.46852 26.09
      vertex 6.87295 4.94683 26.09
      vertex 7.3307 4.83694 26.09
    endloop
  endfacet
  facet normal 0 0 1
    outer loop
      vertex 6.03664 5.37295 26.09
      vertex 6.9771 6.66738 26.09
      vertex 6.81005 6.81005 26.09
    endloop
  endfacet
  facet normal 0 0 1
    outer loop
      vertex 5.67868 5.67868 26.09
      vertex 6.81005 6.81005 26.09
      vertex 6.66738 6.9771 26.09
    endloop
  endfacet
  facet normal 0 0 1
    outer loop
      vertex 5.37295 6.03664 26.09
      vertex 6.66738 6.9771 26.09
      vertex 6.55259 7.16441 26.09
    endloop
  endfacet
  facet normal 0 0 1
    outer loop
      vertex 5.12698 6.43803 26.09
      vertex 6.55259 7.16441 26.09
      vertex 6.46852 7.36738 26.09
    endloop
  endfacet
  facet normal 0 0 1
    outer loop
      vertex 7.16441 6.55259 26.09
      vertex 6.43803 5.12698 26.09
      vertex 6.87295 4.94683 26.09
    endloop
  endfacet
  facet normal 0 0 1
    outer loop
      vertex 4.94683 6.87295 26.09
      vertex 6.46852 7.36738 26.09
      vertex 6.41724 7.58099 26.09
    endloop
  endfacet
  facet normal 0 0 1
    outer loop
      vertex 4.83694 7.3307 26.09
      vertex 6.41724 7.58099 26.09
      vertex 6.4 7.8 26.09
    endloop
  endfacet
  facet normal 0 0 1
    outer loop
      vertex 6.55259 8.43559 26.09
      vertex 5.12698 9.16197 26.09
      vertex 6.46852 8.23262 26.09
    endloop
  endfacet
  facet normal 0 0 1
    outer loop
      vertex 6.9771 6.66738 26.09
      vertex 6.03664 5.37295 26.09
      vertex 6.43803 5.12698 26.09
    endloop
  endfacet
  facet normal -0 0 1
    outer loop
      vertex 4.94683 8.72705 26.09
      vertex 6.46852 8.23262 26.09
      vertex 5.12698 9.16197 26.09
    endloop
  endfacet
  facet normal 0 0 1
    outer loop
      vertex 6.81005 6.81005 26.09
      vertex 5.67868 5.67868 26.09
      vertex 6.03664 5.37295 26.09
    endloop
  endfacet
  facet normal 0 0 1
    outer loop
      vertex 6.46852 8.23262 26.09
      vertex 4.94683 8.72705 26.09
      vertex 6.41724 8.01901 26.09
    endloop
  endfacet
  facet normal 0 0 1
    outer loop
      vertex 6.66738 6.9771 26.09
      vertex 5.37295 6.03664 26.09
      vertex 5.67868 5.67868 26.09
    endloop
  endfacet
  facet normal -0 0 1
    outer loop
      vertex 4.83694 8.2693 26.09
      vertex 6.41724 8.01901 26.09
      vertex 4.94683 8.72705 26.09
    endloop
  endfacet
  facet normal 0 0 1
    outer loop
      vertex 6.55259 7.16441 26.09
      vertex 5.12698 6.43803 26.09
      vertex 5.37295 6.03664 26.09
    endloop
  endfacet
  facet normal 0 0 1
    outer loop
      vertex 6.41724 8.01901 26.09
      vertex 4.83694 8.2693 26.09
      vertex 6.4 7.8 26.09
    endloop
  endfacet
  facet normal 0 0 1
    outer loop
      vertex 6.46852 7.36738 26.09
      vertex 4.94683 6.87295 26.09
      vertex 5.12698 6.43803 26.09
    endloop
  endfacet
  facet normal 0 0 1
    outer loop
      vertex 4.8 7.8 26.09
      vertex 6.4 7.8 26.09
      vertex 4.83694 8.2693 26.09
    endloop
  endfacet
  facet normal 0 0 1
    outer loop
      vertex 6.41724 7.58099 26.09
      vertex 4.83694 7.3307 26.09
      vertex 4.94683 6.87295 26.09
    endloop
  endfacet
  facet normal 0 0 1
    outer loop
      vertex 6.4 7.8 26.09
      vertex 4.8 7.8 26.09
      vertex 4.83694 7.3307 26.09
    endloop
  endfacet
  facet normal -0.972373 0.233433 0
    outer loop
      vertex 4.83694 8.2693 2.4
      vertex 4.94683 8.72705 26.09
      vertex 4.94683 8.72705 2.4
    endloop
  endfacet
  facet normal -0.972373 0.233433 0
    outer loop
      vertex 4.94683 8.72705 26.09
      vertex 4.83694 8.2693 2.4
      vertex 4.83694 8.2693 26.09
    endloop
  endfacet
  facet normal 0.996923 -0.0783858 0
    outer loop
      vertex 10.7631 7.3307 26.09
      vertex 10.8 7.8 2.39
      vertex 10.8 7.8 26.09
    endloop
  endfacet
  facet normal 0.996923 -0.0783858 0
    outer loop
      vertex 10.8 7.8 2.39
      vertex 10.7631 7.3307 26.09
      vertex 10.7631 7.3307 2.39
    endloop
  endfacet
  facet normal -0.649437 -0.760415 0
    outer loop
      vertex 8.6229 8.93262 12.11
      vertex 8.78995 8.78995 26.09
      vertex 8.6229 8.93262 26.09
    endloop
  endfacet
  facet normal -0.649437 -0.760415 -0
    outer loop
      vertex 8.78995 8.78995 26.09
      vertex 8.6229 8.93262 12.11
      vertex 8.78995 8.78995 12.11
    endloop
  endfacet
  facet normal 0.972373 -0.233431 0
    outer loop
      vertex 6.41724 8.01901 26.09
      vertex 6.46852 8.23262 12.11
      vertex 6.46852 8.23262 26.09
    endloop
  endfacet
  facet normal 0.972373 -0.233431 0
    outer loop
      vertex 6.46852 8.23262 12.11
      vertex 6.41724 8.01901 26.09
      vertex 6.41724 8.01901 12.11
    endloop
  endfacet
  facet normal 0.233431 0.972373 -0
    outer loop
      vertex 7.58099 6.41724 12.11
      vertex 7.36738 6.46852 26.09
      vertex 7.58099 6.41724 26.09
    endloop
  endfacet
  facet normal 0.233431 0.972373 0
    outer loop
      vertex 7.36738 6.46852 26.09
      vertex 7.58099 6.41724 12.11
      vertex 7.36738 6.46852 12.11
    endloop
  endfacet
  facet normal 0.233431 -0.972373 0
    outer loop
      vertex 7.36738 9.13148 12.11
      vertex 7.58099 9.18276 26.09
      vertex 7.36738 9.13148 26.09
    endloop
  endfacet
  facet normal 0.233431 -0.972373 0
    outer loop
      vertex 7.58099 9.18276 26.09
      vertex 7.36738 9.13148 12.11
      vertex 7.58099 9.18276 12.11
    endloop
  endfacet
  facet normal 0.923884 -0.382672 0
    outer loop
      vertex 6.46852 8.23262 26.09
      vertex 6.55259 8.43559 12.11
      vertex 6.55259 8.43559 26.09
    endloop
  endfacet
  facet normal 0.923884 -0.382672 0
    outer loop
      vertex 6.55259 8.43559 12.11
      vertex 6.46852 8.23262 26.09
      vertex 6.46852 8.23262 12.11
    endloop
  endfacet
  facet normal -0.923884 0.382672 0
    outer loop
      vertex 9.04741 7.16441 12.11
      vertex 9.13148 7.36738 26.09
      vertex 9.13148 7.36738 12.11
    endloop
  endfacet
  facet normal -0.923884 0.382672 0
    outer loop
      vertex 9.13148 7.36738 26.09
      vertex 9.04741 7.16441 12.11
      vertex 9.04741 7.16441 26.09
    endloop
  endfacet
  facet normal 0.382672 0.923884 -0
    outer loop
      vertex 7.36738 6.46852 12.11
      vertex 7.16441 6.55259 26.09
      vertex 7.36738 6.46852 26.09
    endloop
  endfacet
  facet normal 0.382672 0.923884 0
    outer loop
      vertex 7.16441 6.55259 26.09
      vertex 7.36738 6.46852 12.11
      vertex 7.16441 6.55259 12.11
    endloop
  endfacet
  facet normal -0.923884 -0.382672 0
    outer loop
      vertex 9.13148 8.23262 12.11
      vertex 9.04741 8.43559 26.09
      vertex 9.04741 8.43559 12.11
    endloop
  endfacet
  facet normal -0.923884 -0.382672 0
    outer loop
      vertex 9.04741 8.43559 26.09
      vertex 9.13148 8.23262 12.11
      vertex 9.13148 8.23262 26.09
    endloop
  endfacet
  facet normal -0.852627 -0.522519 0
    outer loop
      vertex 9.04741 8.43559 12.11
      vertex 8.93262 8.6229 26.09
      vertex 8.93262 8.6229 12.11
    endloop
  endfacet
  facet normal -0.852627 -0.522519 0
    outer loop
      vertex 8.93262 8.6229 26.09
      vertex 9.04741 8.43559 12.11
      vertex 9.04741 8.43559 26.09
    endloop
  endfacet
  facet normal -0.760415 -0.649437 0
    outer loop
      vertex 8.93262 8.6229 12.11
      vertex 8.78995 8.78995 26.09
      vertex 8.78995 8.78995 12.11
    endloop
  endfacet
  facet normal -0.760415 -0.649437 0
    outer loop
      vertex 8.78995 8.78995 26.09
      vertex 8.93262 8.6229 12.11
      vertex 8.93262 8.6229 26.09
    endloop
  endfacet
  facet normal -0.382672 -0.923884 0
    outer loop
      vertex 8.23262 9.13148 12.11
      vertex 8.43559 9.04741 26.09
      vertex 8.23262 9.13148 26.09
    endloop
  endfacet
  facet normal -0.382672 -0.923884 -0
    outer loop
      vertex 8.43559 9.04741 26.09
      vertex 8.23262 9.13148 12.11
      vertex 8.43559 9.04741 12.11
    endloop
  endfacet
  facet normal -0.0784751 -0.996916 0
    outer loop
      vertex 7.8 9.2 12.11
      vertex 8.01901 9.18276 26.09
      vertex 7.8 9.2 26.09
    endloop
  endfacet
  facet normal -0.0784751 -0.996916 -0
    outer loop
      vertex 8.01901 9.18276 26.09
      vertex 7.8 9.2 12.11
      vertex 8.01901 9.18276 12.11
    endloop
  endfacet
  facet normal -0.233431 -0.972373 0
    outer loop
      vertex 8.01901 9.18276 12.11
      vertex 8.23262 9.13148 26.09
      vertex 8.01901 9.18276 26.09
    endloop
  endfacet
  facet normal -0.233431 -0.972373 -0
    outer loop
      vertex 8.23262 9.13148 26.09
      vertex 8.01901 9.18276 12.11
      vertex 8.23262 9.13148 12.11
    endloop
  endfacet
  facet normal 0.996916 -0.0784751 0
    outer loop
      vertex 6.4 7.8 26.09
      vertex 6.41724 8.01901 12.11
      vertex 6.41724 8.01901 26.09
    endloop
  endfacet
  facet normal 0.996916 -0.0784751 0
    outer loop
      vertex 6.41724 8.01901 12.11
      vertex 6.4 7.8 26.09
      vertex 6.4 7.8 12.11
    endloop
  endfacet
  facet normal 0.760415 -0.649437 0
    outer loop
      vertex 6.66738 8.6229 26.09
      vertex 6.81005 8.78995 12.11
      vertex 6.81005 8.78995 26.09
    endloop
  endfacet
  facet normal 0.760415 -0.649437 0
    outer loop
      vertex 6.81005 8.78995 12.11
      vertex 6.66738 8.6229 26.09
      vertex 6.66738 8.6229 12.11
    endloop
  endfacet
  facet normal 0.0784751 -0.996916 0
    outer loop
      vertex 7.58099 9.18276 12.11
      vertex 7.8 9.2 26.09
      vertex 7.58099 9.18276 26.09
    endloop
  endfacet
  facet normal 0.0784751 -0.996916 0
    outer loop
      vertex 7.8 9.2 26.09
      vertex 7.58099 9.18276 12.11
      vertex 7.8 9.2 12.11
    endloop
  endfacet
  facet normal 0.649437 -0.760415 0
    outer loop
      vertex 6.81005 8.78995 12.11
      vertex 6.9771 8.93262 26.09
      vertex 6.81005 8.78995 26.09
    endloop
  endfacet
  facet normal 0.649437 -0.760415 0
    outer loop
      vertex 6.9771 8.93262 26.09
      vertex 6.81005 8.78995 12.11
      vertex 6.9771 8.93262 12.11
    endloop
  endfacet
  facet normal -0.996916 -0.0784751 0
    outer loop
      vertex 9.2 7.8 12.11
      vertex 9.18276 8.01901 26.09
      vertex 9.18276 8.01901 12.11
    endloop
  endfacet
  facet normal -0.996916 -0.0784751 0
    outer loop
      vertex 9.18276 8.01901 26.09
      vertex 9.2 7.8 12.11
      vertex 9.2 7.8 26.09
    endloop
  endfacet
  facet normal -0.0784751 0.996916 0
    outer loop
      vertex 8.01901 6.41724 12.11
      vertex 7.8 6.4 26.09
      vertex 8.01901 6.41724 26.09
    endloop
  endfacet
  facet normal -0.0784751 0.996916 0
    outer loop
      vertex 7.8 6.4 26.09
      vertex 8.01901 6.41724 12.11
      vertex 7.8 6.4 12.11
    endloop
  endfacet
  facet normal -0.233431 0.972373 0
    outer loop
      vertex 8.23262 6.46852 12.11
      vertex 8.01901 6.41724 26.09
      vertex 8.23262 6.46852 26.09
    endloop
  endfacet
  facet normal -0.233431 0.972373 0
    outer loop
      vertex 8.01901 6.41724 26.09
      vertex 8.23262 6.46852 12.11
      vertex 8.01901 6.41724 12.11
    endloop
  endfacet
  facet normal -0.760415 0.649437 0
    outer loop
      vertex 8.78995 6.81005 12.11
      vertex 8.93262 6.9771 26.09
      vertex 8.93262 6.9771 12.11
    endloop
  endfacet
  facet normal -0.760415 0.649437 0
    outer loop
      vertex 8.93262 6.9771 26.09
      vertex 8.78995 6.81005 12.11
      vertex 8.78995 6.81005 26.09
    endloop
  endfacet
  facet normal 0.0784751 0.996916 -0
    outer loop
      vertex 7.8 6.4 12.11
      vertex 7.58099 6.41724 26.09
      vertex 7.8 6.4 26.09
    endloop
  endfacet
  facet normal 0.0784751 0.996916 0
    outer loop
      vertex 7.58099 6.41724 26.09
      vertex 7.8 6.4 12.11
      vertex 7.58099 6.41724 12.11
    endloop
  endfacet
  facet normal 0.649437 0.760415 -0
    outer loop
      vertex 6.9771 6.66738 12.11
      vertex 6.81005 6.81005 26.09
      vertex 6.9771 6.66738 26.09
    endloop
  endfacet
  facet normal 0.649437 0.760415 0
    outer loop
      vertex 6.81005 6.81005 26.09
      vertex 6.9771 6.66738 12.11
      vertex 6.81005 6.81005 12.11
    endloop
  endfacet
  facet normal 0.996916 0.0784751 0
    outer loop
      vertex 6.41724 7.58099 26.09
      vertex 6.4 7.8 12.11
      vertex 6.4 7.8 26.09
    endloop
  endfacet
  facet normal 0.996916 0.0784751 0
    outer loop
      vertex 6.4 7.8 12.11
      vertex 6.41724 7.58099 26.09
      vertex 6.41724 7.58099 12.11
    endloop
  endfacet
  facet normal 0 0 1
    outer loop
      vertex 9.18276 8.01901 12.11
      vertex 9.18276 7.58099 12.11
      vertex 9.2 7.8 12.11
    endloop
  endfacet
  facet normal 0 0 1
    outer loop
      vertex 9.13148 8.23262 12.11
      vertex 9.18276 7.58099 12.11
      vertex 9.18276 8.01901 12.11
    endloop
  endfacet
  facet normal 0 0 1
    outer loop
      vertex 9.13148 8.23262 12.11
      vertex 9.13148 7.36738 12.11
      vertex 9.18276 7.58099 12.11
    endloop
  endfacet
  facet normal 0 0 1
    outer loop
      vertex 9.04741 8.43559 12.11
      vertex 9.13148 7.36738 12.11
      vertex 9.13148 8.23262 12.11
    endloop
  endfacet
  facet normal 0 0 1
    outer loop
      vertex 9.04741 8.43559 12.11
      vertex 9.04741 7.16441 12.11
      vertex 9.13148 7.36738 12.11
    endloop
  endfacet
  facet normal 0 0 1
    outer loop
      vertex 8.93262 8.6229 12.11
      vertex 9.04741 7.16441 12.11
      vertex 9.04741 8.43559 12.11
    endloop
  endfacet
  facet normal 0 0 1
    outer loop
      vertex 8.93262 8.6229 12.11
      vertex 8.93262 6.9771 12.11
      vertex 9.04741 7.16441 12.11
    endloop
  endfacet
  facet normal 0 0 1
    outer loop
      vertex 8.78995 8.78995 12.11
      vertex 8.93262 6.9771 12.11
      vertex 8.93262 8.6229 12.11
    endloop
  endfacet
  facet normal 0 0 1
    outer loop
      vertex 8.78995 8.78995 12.11
      vertex 8.78995 6.81005 12.11
      vertex 8.93262 6.9771 12.11
    endloop
  endfacet
  facet normal 0 0 1
    outer loop
      vertex 8.6229 8.93262 12.11
      vertex 8.78995 6.81005 12.11
      vertex 8.78995 8.78995 12.11
    endloop
  endfacet
  facet normal 0 0 1
    outer loop
      vertex 8.6229 8.93262 12.11
      vertex 8.6229 6.66738 12.11
      vertex 8.78995 6.81005 12.11
    endloop
  endfacet
  facet normal 0 0 1
    outer loop
      vertex 8.43559 9.04741 12.11
      vertex 8.6229 6.66738 12.11
      vertex 8.6229 8.93262 12.11
    endloop
  endfacet
  facet normal 0 0 1
    outer loop
      vertex 8.43559 9.04741 12.11
      vertex 8.43559 6.55259 12.11
      vertex 8.6229 6.66738 12.11
    endloop
  endfacet
  facet normal 0 0 1
    outer loop
      vertex 8.23262 9.13148 12.11
      vertex 8.43559 6.55259 12.11
      vertex 8.43559 9.04741 12.11
    endloop
  endfacet
  facet normal 0 0 1
    outer loop
      vertex 8.23262 9.13148 12.11
      vertex 8.23262 6.46852 12.11
      vertex 8.43559 6.55259 12.11
    endloop
  endfacet
  facet normal 0 0 1
    outer loop
      vertex 8.01901 9.18276 12.11
      vertex 8.23262 6.46852 12.11
      vertex 8.23262 9.13148 12.11
    endloop
  endfacet
  facet normal 0 0 1
    outer loop
      vertex 8.01901 9.18276 12.11
      vertex 8.01901 6.41724 12.11
      vertex 8.23262 6.46852 12.11
    endloop
  endfacet
  facet normal 0 0 1
    outer loop
      vertex 7.8 9.2 12.11
      vertex 8.01901 6.41724 12.11
      vertex 8.01901 9.18276 12.11
    endloop
  endfacet
  facet normal 0 0 1
    outer loop
      vertex 7.8 9.2 12.11
      vertex 7.8 6.4 12.11
      vertex 8.01901 6.41724 12.11
    endloop
  endfacet
  facet normal -0 0 1
    outer loop
      vertex 7.58099 9.18276 12.11
      vertex 7.8 6.4 12.11
      vertex 7.8 9.2 12.11
    endloop
  endfacet
  facet normal 0 0 1
    outer loop
      vertex 7.58099 9.18276 12.11
      vertex 7.58099 6.41724 12.11
      vertex 7.8 6.4 12.11
    endloop
  endfacet
  facet normal -0 0 1
    outer loop
      vertex 7.36738 9.13148 12.11
      vertex 7.58099 6.41724 12.11
      vertex 7.58099 9.18276 12.11
    endloop
  endfacet
  facet normal 0 0 1
    outer loop
      vertex 7.36738 9.13148 12.11
      vertex 7.36738 6.46852 12.11
      vertex 7.58099 6.41724 12.11
    endloop
  endfacet
  facet normal -0 0 1
    outer loop
      vertex 7.16441 9.04741 12.11
      vertex 7.36738 6.46852 12.11
      vertex 7.36738 9.13148 12.11
    endloop
  endfacet
  facet normal 0 0 1
    outer loop
      vertex 7.16441 9.04741 12.11
      vertex 7.16441 6.55259 12.11
      vertex 7.36738 6.46852 12.11
    endloop
  endfacet
  facet normal -0 0 1
    outer loop
      vertex 6.9771 8.93262 12.11
      vertex 7.16441 6.55259 12.11
      vertex 7.16441 9.04741 12.11
    endloop
  endfacet
  facet normal 0 0 1
    outer loop
      vertex 6.9771 8.93262 12.11
      vertex 6.9771 6.66738 12.11
      vertex 7.16441 6.55259 12.11
    endloop
  endfacet
  facet normal -0 0 1
    outer loop
      vertex 6.81005 8.78995 12.11
      vertex 6.9771 6.66738 12.11
      vertex 6.9771 8.93262 12.11
    endloop
  endfacet
  facet normal 0 0 1
    outer loop
      vertex 6.81005 8.78995 12.11
      vertex 6.81005 6.81005 12.11
      vertex 6.9771 6.66738 12.11
    endloop
  endfacet
  facet normal -0 0 1
    outer loop
      vertex 6.66738 8.6229 12.11
      vertex 6.81005 6.81005 12.11
      vertex 6.81005 8.78995 12.11
    endloop
  endfacet
  facet normal 0 0 1
    outer loop
      vertex 6.66738 8.6229 12.11
      vertex 6.66738 6.9771 12.11
      vertex 6.81005 6.81005 12.11
    endloop
  endfacet
  facet normal -0 0 1
    outer loop
      vertex 6.55259 8.43559 12.11
      vertex 6.66738 6.9771 12.11
      vertex 6.66738 8.6229 12.11
    endloop
  endfacet
  facet normal 0 0 1
    outer loop
      vertex 6.55259 8.43559 12.11
      vertex 6.55259 7.16441 12.11
      vertex 6.66738 6.9771 12.11
    endloop
  endfacet
  facet normal -0 0 1
    outer loop
      vertex 6.46852 8.23262 12.11
      vertex 6.55259 7.16441 12.11
      vertex 6.55259 8.43559 12.11
    endloop
  endfacet
  facet normal 0 0 1
    outer loop
      vertex 6.46852 8.23262 12.11
      vertex 6.46852 7.36738 12.11
      vertex 6.55259 7.16441 12.11
    endloop
  endfacet
  facet normal -0 0 1
    outer loop
      vertex 6.41724 8.01901 12.11
      vertex 6.46852 7.36738 12.11
      vertex 6.46852 8.23262 12.11
    endloop
  endfacet
  facet normal 0 0 1
    outer loop
      vertex 6.41724 8.01901 12.11
      vertex 6.41724 7.58099 12.11
      vertex 6.46852 7.36738 12.11
    endloop
  endfacet
  facet normal 0 -0 1
    outer loop
      vertex 6.41724 7.58099 12.11
      vertex 6.41724 8.01901 12.11
      vertex 6.4 7.8 12.11
    endloop
  endfacet
  facet normal -0.972373 -0.233431 0
    outer loop
      vertex 9.18276 8.01901 12.11
      vertex 9.13148 8.23262 26.09
      vertex 9.13148 8.23262 12.11
    endloop
  endfacet
  facet normal -0.972373 -0.233431 0
    outer loop
      vertex 9.13148 8.23262 26.09
      vertex 9.18276 8.01901 12.11
      vertex 9.18276 8.01901 26.09
    endloop
  endfacet
  facet normal -0.522519 -0.852627 0
    outer loop
      vertex 8.43559 9.04741 12.11
      vertex 8.6229 8.93262 26.09
      vertex 8.43559 9.04741 26.09
    endloop
  endfacet
  facet normal -0.522519 -0.852627 -0
    outer loop
      vertex 8.6229 8.93262 26.09
      vertex 8.43559 9.04741 12.11
      vertex 8.6229 8.93262 12.11
    endloop
  endfacet
  facet normal 0.852627 -0.522519 0
    outer loop
      vertex 6.55259 8.43559 26.09
      vertex 6.66738 8.6229 12.11
      vertex 6.66738 8.6229 26.09
    endloop
  endfacet
  facet normal 0.852627 -0.522519 0
    outer loop
      vertex 6.66738 8.6229 12.11
      vertex 6.55259 8.43559 26.09
      vertex 6.55259 8.43559 12.11
    endloop
  endfacet
  facet normal 0.522519 -0.852627 0
    outer loop
      vertex 6.9771 8.93262 12.11
      vertex 7.16441 9.04741 26.09
      vertex 6.9771 8.93262 26.09
    endloop
  endfacet
  facet normal 0.522519 -0.852627 0
    outer loop
      vertex 7.16441 9.04741 26.09
      vertex 6.9771 8.93262 12.11
      vertex 7.16441 9.04741 12.11
    endloop
  endfacet
  facet normal 0.382672 -0.923884 0
    outer loop
      vertex 7.16441 9.04741 12.11
      vertex 7.36738 9.13148 26.09
      vertex 7.16441 9.04741 26.09
    endloop
  endfacet
  facet normal 0.382672 -0.923884 0
    outer loop
      vertex 7.36738 9.13148 26.09
      vertex 7.16441 9.04741 12.11
      vertex 7.36738 9.13148 12.11
    endloop
  endfacet
  facet normal -0.972373 0.233431 0
    outer loop
      vertex 9.13148 7.36738 12.11
      vertex 9.18276 7.58099 26.09
      vertex 9.18276 7.58099 12.11
    endloop
  endfacet
  facet normal -0.972373 0.233431 0
    outer loop
      vertex 9.18276 7.58099 26.09
      vertex 9.13148 7.36738 12.11
      vertex 9.13148 7.36738 26.09
    endloop
  endfacet
  facet normal -0.649437 0.760415 0
    outer loop
      vertex 8.78995 6.81005 12.11
      vertex 8.6229 6.66738 26.09
      vertex 8.78995 6.81005 26.09
    endloop
  endfacet
  facet normal -0.649437 0.760415 0
    outer loop
      vertex 8.6229 6.66738 26.09
      vertex 8.78995 6.81005 12.11
      vertex 8.6229 6.66738 12.11
    endloop
  endfacet
  facet normal -0.382672 0.923884 0
    outer loop
      vertex 8.43559 6.55259 12.11
      vertex 8.23262 6.46852 26.09
      vertex 8.43559 6.55259 26.09
    endloop
  endfacet
  facet normal -0.382672 0.923884 0
    outer loop
      vertex 8.23262 6.46852 26.09
      vertex 8.43559 6.55259 12.11
      vertex 8.23262 6.46852 12.11
    endloop
  endfacet
  facet normal -0.852627 0.522519 0
    outer loop
      vertex 8.93262 6.9771 12.11
      vertex 9.04741 7.16441 26.09
      vertex 9.04741 7.16441 12.11
    endloop
  endfacet
  facet normal -0.852627 0.522519 0
    outer loop
      vertex 9.04741 7.16441 26.09
      vertex 8.93262 6.9771 12.11
      vertex 8.93262 6.9771 26.09
    endloop
  endfacet
  facet normal 0.522519 0.852627 -0
    outer loop
      vertex 7.16441 6.55259 12.11
      vertex 6.9771 6.66738 26.09
      vertex 7.16441 6.55259 26.09
    endloop
  endfacet
  facet normal 0.522519 0.852627 0
    outer loop
      vertex 6.9771 6.66738 26.09
      vertex 7.16441 6.55259 12.11
      vertex 6.9771 6.66738 12.11
    endloop
  endfacet
  facet normal 0.972373 0.233431 0
    outer loop
      vertex 6.46852 7.36738 26.09
      vertex 6.41724 7.58099 12.11
      vertex 6.41724 7.58099 26.09
    endloop
  endfacet
  facet normal 0.972373 0.233431 0
    outer loop
      vertex 6.41724 7.58099 12.11
      vertex 6.46852 7.36738 26.09
      vertex 6.46852 7.36738 12.11
    endloop
  endfacet
  facet normal 0.760415 0.649437 0
    outer loop
      vertex 6.81005 6.81005 26.09
      vertex 6.66738 6.9771 12.11
      vertex 6.66738 6.9771 26.09
    endloop
  endfacet
  facet normal 0.760415 0.649437 0
    outer loop
      vertex 6.66738 6.9771 12.11
      vertex 6.81005 6.81005 26.09
      vertex 6.81005 6.81005 12.11
    endloop
  endfacet
  facet normal 0.923884 0.382672 0
    outer loop
      vertex 6.55259 7.16441 26.09
      vertex 6.46852 7.36738 12.11
      vertex 6.46852 7.36738 26.09
    endloop
  endfacet
  facet normal 0.923884 0.382672 0
    outer loop
      vertex 6.46852 7.36738 12.11
      vertex 6.55259 7.16441 26.09
      vertex 6.55259 7.16441 12.11
    endloop
  endfacet
  facet normal -0.996916 0.0784751 0
    outer loop
      vertex 9.18276 7.58099 12.11
      vertex 9.2 7.8 26.09
      vertex 9.2 7.8 12.11
    endloop
  endfacet
  facet normal -0.996916 0.0784751 0
    outer loop
      vertex 9.2 7.8 26.09
      vertex 9.18276 7.58099 12.11
      vertex 9.18276 7.58099 26.09
    endloop
  endfacet
  facet normal -0.522519 0.852627 0
    outer loop
      vertex 8.6229 6.66738 12.11
      vertex 8.43559 6.55259 26.09
      vertex 8.6229 6.66738 26.09
    endloop
  endfacet
  facet normal -0.522519 0.852627 0
    outer loop
      vertex 8.43559 6.55259 26.09
      vertex 8.6229 6.66738 12.11
      vertex 8.43559 6.55259 12.11
    endloop
  endfacet
  facet normal 0.852627 0.522519 0
    outer loop
      vertex 6.66738 6.9771 26.09
      vertex 6.55259 7.16441 12.11
      vertex 6.55259 7.16441 26.09
    endloop
  endfacet
  facet normal 0.852627 0.522519 0
    outer loop
      vertex 6.55259 7.16441 12.11
      vertex 6.66738 6.9771 26.09
      vertex 6.66738 6.9771 12.11
    endloop
  endfacet
  facet normal 0.522387 0.852708 -0
    outer loop
      vertex 9.56336 70.0271 2.4
      vertex 9.16197 70.273 26.09
      vertex 9.56336 70.0271 26.09
    endloop
  endfacet
  facet normal 0.522387 0.852708 0
    outer loop
      vertex 9.16197 70.273 26.09
      vertex 9.56336 70.0271 2.4
      vertex 9.16197 70.273 2.4
    endloop
  endfacet
  facet normal -0.923873 0.382699 0
    outer loop
      vertex 4.94683 68.5271 2.4
      vertex 5.12698 68.962 26.09
      vertex 5.12698 68.962 2.4
    endloop
  endfacet
  facet normal -0.923873 0.382699 0
    outer loop
      vertex 5.12698 68.962 26.09
      vertex 4.94683 68.5271 2.4
      vertex 4.94683 68.5271 26.09
    endloop
  endfacet
  facet normal -0.382775 -0.923842 0
    outer loop
      vertex 6.43803 64.927 2.4
      vertex 6.87295 64.7468 26.09
      vertex 6.43803 64.927 26.09
    endloop
  endfacet
  facet normal -0.382775 -0.923842 -0
    outer loop
      vertex 6.87295 64.7468 26.09
      vertex 6.43803 64.927 2.4
      vertex 6.87295 64.7468 2.4
    endloop
  endfacet
  facet normal -0.382775 0.923842 0
    outer loop
      vertex 6.87295 70.4532 2.4
      vertex 6.43803 70.273 26.09
      vertex 6.87295 70.4532 26.09
    endloop
  endfacet
  facet normal -0.382775 0.923842 0
    outer loop
      vertex 6.43803 70.273 26.09
      vertex 6.87295 70.4532 2.4
      vertex 6.43803 70.273 2.4
    endloop
  endfacet
  facet normal -0.852648 0.522486 0
    outer loop
      vertex 5.12698 68.962 2.4
      vertex 5.37295 69.3634 26.09
      vertex 5.37295 69.3634 2.4
    endloop
  endfacet
  facet normal -0.852648 0.522486 0
    outer loop
      vertex 5.37295 69.3634 26.09
      vertex 5.12698 68.962 2.4
      vertex 5.12698 68.962 26.09
    endloop
  endfacet
  facet normal 0.923836 0.38279 0
    outer loop
      vertex 10.6532 68.5271 26.09
      vertex 10.473 68.962 2.4
      vertex 10.473 68.962 26.09
    endloop
  endfacet
  facet normal 0.923836 0.38279 0
    outer loop
      vertex 10.473 68.962 2.4
      vertex 10.6532 68.5271 26.09
      vertex 10.6532 68.5271 2.4
    endloop
  endfacet
  facet normal 0.852714 0.522378 0
    outer loop
      vertex 10.473 68.962 26.09
      vertex 10.2271 69.3634 2.4
      vertex 10.2271 69.3634 26.09
    endloop
  endfacet
  facet normal 0.852714 0.522378 0
    outer loop
      vertex 10.2271 69.3634 2.4
      vertex 10.473 68.962 26.09
      vertex 10.473 68.962 2.4
    endloop
  endfacet
  facet normal 0.382775 0.923842 -0
    outer loop
      vertex 9.16197 70.273 2.4
      vertex 8.72705 70.4532 26.09
      vertex 9.16197 70.273 26.09
    endloop
  endfacet
  facet normal 0.382775 0.923842 0
    outer loop
      vertex 8.72705 70.4532 26.09
      vertex 9.16197 70.273 2.4
      vertex 8.72705 70.4532 2.4
    endloop
  endfacet
  facet normal 0.0783858 0.996923 -0
    outer loop
      vertex 8.2693 70.5631 2.4
      vertex 7.8 70.6 26.09
      vertex 8.2693 70.5631 26.09
    endloop
  endfacet
  facet normal 0.0783858 0.996923 0
    outer loop
      vertex 7.8 70.6 26.09
      vertex 8.2693 70.5631 2.4
      vertex 7.8 70.6 2.4
    endloop
  endfacet
  facet normal 0.233453 0.972368 -0
    outer loop
      vertex 8.72705 70.4532 2.4
      vertex 8.2693 70.5631 26.09
      vertex 8.72705 70.4532 26.09
    endloop
  endfacet
  facet normal 0.233453 0.972368 0
    outer loop
      vertex 8.2693 70.5631 26.09
      vertex 8.72705 70.4532 2.4
      vertex 8.2693 70.5631 2.4
    endloop
  endfacet
  facet normal -0.760349 0.649515 0
    outer loop
      vertex 5.37295 69.3634 2.4
      vertex 5.67868 69.7213 26.09
      vertex 5.67868 69.7213 2.4
    endloop
  endfacet
  facet normal -0.760349 0.649515 0
    outer loop
      vertex 5.67868 69.7213 26.09
      vertex 5.37295 69.3634 2.4
      vertex 5.37295 69.3634 26.09
    endloop
  endfacet
  facet normal -0.522387 0.852708 0
    outer loop
      vertex 6.43803 70.273 2.4
      vertex 6.03664 70.0271 26.09
      vertex 6.43803 70.273 26.09
    endloop
  endfacet
  facet normal -0.522387 0.852708 0
    outer loop
      vertex 6.03664 70.0271 26.09
      vertex 6.43803 70.273 2.4
      vertex 6.03664 70.0271 2.4
    endloop
  endfacet
  facet normal -0.233453 0.972368 0
    outer loop
      vertex 7.3307 70.5631 2.4
      vertex 6.87295 70.4532 26.09
      vertex 7.3307 70.5631 26.09
    endloop
  endfacet
  facet normal -0.233453 0.972368 0
    outer loop
      vertex 6.87295 70.4532 26.09
      vertex 7.3307 70.5631 2.4
      vertex 6.87295 70.4532 2.4
    endloop
  endfacet
  facet normal -0.649538 0.760329 0
    outer loop
      vertex 6.03664 70.0271 2.4
      vertex 5.67868 69.7213 26.09
      vertex 6.03664 70.0271 26.09
    endloop
  endfacet
  facet normal -0.649538 0.760329 0
    outer loop
      vertex 5.67868 69.7213 26.09
      vertex 6.03664 70.0271 2.4
      vertex 5.67868 69.7213 2.4
    endloop
  endfacet
  facet normal 0.996923 0.0783858 0
    outer loop
      vertex 10.8 67.6 26.09
      vertex 10.7631 68.0693 2.4
      vertex 10.7631 68.0693 26.09
    endloop
  endfacet
  facet normal 0.996923 0.0783858 0
    outer loop
      vertex 10.7631 68.0693 2.4
      vertex 10.8 67.6 26.09
      vertex 10.8 67.6 2.4
    endloop
  endfacet
  facet normal 0.382775 -0.923842 0
    outer loop
      vertex 8.72705 64.7468 2.4
      vertex 9.16197 64.927 26.09
      vertex 8.72705 64.7468 26.09
    endloop
  endfacet
  facet normal 0.382775 -0.923842 0
    outer loop
      vertex 9.16197 64.927 26.09
      vertex 8.72705 64.7468 2.4
      vertex 9.16197 64.927 2.4
    endloop
  endfacet
  facet normal 0.522542 -0.852614 0
    outer loop
      vertex 9.16197 64.927 2.4
      vertex 9.56336 65.173 26.09
      vertex 9.16197 64.927 26.09
    endloop
  endfacet
  facet normal 0.522542 -0.852614 0
    outer loop
      vertex 9.56336 65.173 26.09
      vertex 9.16197 64.927 2.4
      vertex 9.56336 65.173 2.4
    endloop
  endfacet
  facet normal 0.852714 -0.522378 0
    outer loop
      vertex 10.2271 65.8366 26.09
      vertex 10.473 66.238 2.4
      vertex 10.473 66.238 26.09
    endloop
  endfacet
  facet normal 0.852714 -0.522378 0
    outer loop
      vertex 10.473 66.238 2.4
      vertex 10.2271 65.8366 26.09
      vertex 10.2271 65.8366 2.4
    endloop
  endfacet
  facet normal -0.233453 -0.972368 0
    outer loop
      vertex 6.87295 64.7468 2.4
      vertex 7.3307 64.6369 26.09
      vertex 6.87295 64.7468 26.09
    endloop
  endfacet
  facet normal -0.233453 -0.972368 -0
    outer loop
      vertex 7.3307 64.6369 26.09
      vertex 6.87295 64.7468 2.4
      vertex 7.3307 64.6369 2.4
    endloop
  endfacet
  facet normal -0.649415 -0.760434 0
    outer loop
      vertex 5.67868 65.4787 2.4
      vertex 6.03664 65.173 26.09
      vertex 5.67868 65.4787 26.09
    endloop
  endfacet
  facet normal -0.649415 -0.760434 -0
    outer loop
      vertex 6.03664 65.173 26.09
      vertex 5.67868 65.4787 2.4
      vertex 6.03664 65.173 2.4
    endloop
  endfacet
  facet normal -0.852648 -0.522486 0
    outer loop
      vertex 5.37295 65.8366 2.4
      vertex 5.12698 66.238 26.09
      vertex 5.12698 66.238 2.4
    endloop
  endfacet
  facet normal -0.852648 -0.522486 0
    outer loop
      vertex 5.12698 66.238 26.09
      vertex 5.37295 65.8366 2.4
      vertex 5.37295 65.8366 26.09
    endloop
  endfacet
  facet normal -0.972367 -0.233457 0
    outer loop
      vertex 4.94683 66.673 2.4
      vertex 4.83694 67.1307 26.09
      vertex 4.83694 67.1307 2.4
    endloop
  endfacet
  facet normal -0.972367 -0.233457 0
    outer loop
      vertex 4.83694 67.1307 26.09
      vertex 4.94683 66.673 2.4
      vertex 4.94683 66.673 26.09
    endloop
  endfacet
  facet normal 0.972374 0.233429 0
    outer loop
      vertex 10.7631 68.0693 26.09
      vertex 10.6532 68.5271 2.4
      vertex 10.6532 68.5271 26.09
    endloop
  endfacet
  facet normal 0.972374 0.233429 0
    outer loop
      vertex 10.6532 68.5271 2.4
      vertex 10.7631 68.0693 26.09
      vertex 10.7631 68.0693 2.4
    endloop
  endfacet
  facet normal 0.760296 0.649576 0
    outer loop
      vertex 10.2271 69.3634 26.09
      vertex 9.92132 69.7213 2.4
      vertex 9.92132 69.7213 26.09
    endloop
  endfacet
  facet normal 0.760296 0.649576 0
    outer loop
      vertex 9.92132 69.7213 2.4
      vertex 10.2271 69.3634 26.09
      vertex 10.2271 69.3634 2.4
    endloop
  endfacet
  facet normal 0.649538 0.760329 -0
    outer loop
      vertex 9.92132 69.7213 2.4
      vertex 9.56336 70.0271 26.09
      vertex 9.92132 69.7213 26.09
    endloop
  endfacet
  facet normal 0.649538 0.760329 0
    outer loop
      vertex 9.56336 70.0271 26.09
      vertex 9.92132 69.7213 2.4
      vertex 9.56336 70.0271 2.4
    endloop
  endfacet
  facet normal -0.996916 0.0784703 0
    outer loop
      vertex 4.8 67.6 2.4
      vertex 4.83694 68.0693 26.09
      vertex 4.83694 68.0693 2.4
    endloop
  endfacet
  facet normal -0.996916 0.0784703 0
    outer loop
      vertex 4.83694 68.0693 26.09
      vertex 4.8 67.6 2.4
      vertex 4.8 67.6 26.09
    endloop
  endfacet
  facet normal -0.0783858 0.996923 0
    outer loop
      vertex 7.8 70.6 2.4
      vertex 7.3307 70.5631 26.09
      vertex 7.8 70.6 26.09
    endloop
  endfacet
  facet normal -0.0783858 0.996923 0
    outer loop
      vertex 7.3307 70.5631 26.09
      vertex 7.8 70.6 2.4
      vertex 7.3307 70.5631 2.4
    endloop
  endfacet
  facet normal 0.972362 -0.233477 0
    outer loop
      vertex 10.6532 66.673 26.09
      vertex 10.7631 67.1307 2.4
      vertex 10.7631 67.1307 26.09
    endloop
  endfacet
  facet normal 0.972362 -0.233477 0
    outer loop
      vertex 10.7631 67.1307 2.4
      vertex 10.6532 66.673 26.09
      vertex 10.6532 66.673 2.4
    endloop
  endfacet
  facet normal 0.0783858 -0.996923 0
    outer loop
      vertex 7.8 64.6 2.4
      vertex 8.2693 64.6369 26.09
      vertex 7.8 64.6 26.09
    endloop
  endfacet
  facet normal 0.0783858 -0.996923 0
    outer loop
      vertex 8.2693 64.6369 26.09
      vertex 7.8 64.6 2.4
      vertex 8.2693 64.6369 2.4
    endloop
  endfacet
  facet normal 0.233453 -0.972368 0
    outer loop
      vertex 8.2693 64.6369 2.4
      vertex 8.72705 64.7468 26.09
      vertex 8.2693 64.6369 26.09
    endloop
  endfacet
  facet normal 0.233453 -0.972368 0
    outer loop
      vertex 8.72705 64.7468 26.09
      vertex 8.2693 64.6369 2.4
      vertex 8.72705 64.7468 2.4
    endloop
  endfacet
  facet normal 0.760296 -0.649576 0
    outer loop
      vertex 9.92132 65.4787 26.09
      vertex 10.2271 65.8366 2.4
      vertex 10.2271 65.8366 26.09
    endloop
  endfacet
  facet normal 0.760296 -0.649576 0
    outer loop
      vertex 10.2271 65.8366 2.4
      vertex 9.92132 65.4787 26.09
      vertex 9.92132 65.4787 2.4
    endloop
  endfacet
  facet normal 0.649415 -0.760434 0
    outer loop
      vertex 9.56336 65.173 2.4
      vertex 9.92132 65.4787 26.09
      vertex 9.56336 65.173 26.09
    endloop
  endfacet
  facet normal 0.649415 -0.760434 0
    outer loop
      vertex 9.92132 65.4787 26.09
      vertex 9.56336 65.173 2.4
      vertex 9.92132 65.4787 2.4
    endloop
  endfacet
  facet normal 0.923867 -0.382714 0
    outer loop
      vertex 10.473 66.238 26.09
      vertex 10.6532 66.673 2.4
      vertex 10.6532 66.673 26.09
    endloop
  endfacet
  facet normal 0.923867 -0.382714 0
    outer loop
      vertex 10.6532 66.673 2.4
      vertex 10.473 66.238 26.09
      vertex 10.473 66.238 2.4
    endloop
  endfacet
  facet normal -0.0783858 -0.996923 0
    outer loop
      vertex 7.3307 64.6369 2.4
      vertex 7.8 64.6 26.09
      vertex 7.3307 64.6369 26.09
    endloop
  endfacet
  facet normal -0.0783858 -0.996923 -0
    outer loop
      vertex 7.8 64.6 26.09
      vertex 7.3307 64.6369 2.4
      vertex 7.8 64.6 2.4
    endloop
  endfacet
  facet normal -0.522542 -0.852614 0
    outer loop
      vertex 6.03664 65.173 2.4
      vertex 6.43803 64.927 26.09
      vertex 6.03664 65.173 26.09
    endloop
  endfacet
  facet normal -0.522542 -0.852614 -0
    outer loop
      vertex 6.43803 64.927 26.09
      vertex 6.03664 65.173 2.4
      vertex 6.43803 64.927 2.4
    endloop
  endfacet
  facet normal -0.923904 -0.382624 0
    outer loop
      vertex 5.12698 66.238 2.4
      vertex 4.94683 66.673 26.09
      vertex 4.94683 66.673 2.4
    endloop
  endfacet
  facet normal -0.923904 -0.382624 0
    outer loop
      vertex 4.94683 66.673 26.09
      vertex 5.12698 66.238 2.4
      vertex 5.12698 66.238 26.09
    endloop
  endfacet
  facet normal -0.996916 -0.0784703 0
    outer loop
      vertex 4.83694 67.1307 2.4
      vertex 4.8 67.6 26.09
      vertex 4.8 67.6 2.4
    endloop
  endfacet
  facet normal -0.996916 -0.0784703 0
    outer loop
      vertex 4.8 67.6 26.09
      vertex 4.83694 67.1307 2.4
      vertex 4.83694 67.1307 26.09
    endloop
  endfacet
  facet normal -0.760349 -0.649515 0
    outer loop
      vertex 5.67868 65.4787 2.4
      vertex 5.37295 65.8366 26.09
      vertex 5.37295 65.8366 2.4
    endloop
  endfacet
  facet normal -0.760349 -0.649515 0
    outer loop
      vertex 5.37295 65.8366 26.09
      vertex 5.67868 65.4787 2.4
      vertex 5.67868 65.4787 26.09
    endloop
  endfacet
  facet normal 0 0 1
    outer loop
      vertex 9.2 67.6 26.09
      vertex 10.8 67.6 26.09
      vertex 10.7631 68.0693 26.09
    endloop
  endfacet
  facet normal 0 0 1
    outer loop
      vertex 9.18276 67.819 26.09
      vertex 10.7631 68.0693 26.09
      vertex 10.6532 68.5271 26.09
    endloop
  endfacet
  facet normal 0 0 1
    outer loop
      vertex 10.8 67.6 26.09
      vertex 9.2 67.6 26.09
      vertex 10.7631 67.1307 26.09
    endloop
  endfacet
  facet normal 0 0 1
    outer loop
      vertex 9.13148 68.0326 26.09
      vertex 10.6532 68.5271 26.09
      vertex 10.473 68.962 26.09
    endloop
  endfacet
  facet normal -0 0 1
    outer loop
      vertex 9.18276 67.381 26.09
      vertex 10.7631 67.1307 26.09
      vertex 9.2 67.6 26.09
    endloop
  endfacet
  facet normal 0 0 1
    outer loop
      vertex 9.04741 68.2356 26.09
      vertex 10.473 68.962 26.09
      vertex 10.2271 69.3634 26.09
    endloop
  endfacet
  facet normal 0 0 1
    outer loop
      vertex 10.7631 67.1307 26.09
      vertex 9.18276 67.381 26.09
      vertex 10.6532 66.673 26.09
    endloop
  endfacet
  facet normal 0 0 1
    outer loop
      vertex 8.93262 68.4229 26.09
      vertex 10.2271 69.3634 26.09
      vertex 9.92132 69.7213 26.09
    endloop
  endfacet
  facet normal -0 0 1
    outer loop
      vertex 9.13148 67.1674 26.09
      vertex 10.6532 66.673 26.09
      vertex 9.18276 67.381 26.09
    endloop
  endfacet
  facet normal 0 0 1
    outer loop
      vertex 8.78995 68.59 26.09
      vertex 9.92132 69.7213 26.09
      vertex 9.56336 70.0271 26.09
    endloop
  endfacet
  facet normal 0 0 1
    outer loop
      vertex 10.6532 66.673 26.09
      vertex 9.13148 67.1674 26.09
      vertex 10.473 66.238 26.09
    endloop
  endfacet
  facet normal -0 0 1
    outer loop
      vertex 9.04741 66.9644 26.09
      vertex 10.473 66.238 26.09
      vertex 9.13148 67.1674 26.09
    endloop
  endfacet
  facet normal 0 0 1
    outer loop
      vertex 10.7631 68.0693 26.09
      vertex 9.18276 67.819 26.09
      vertex 9.2 67.6 26.09
    endloop
  endfacet
  facet normal 0 0 1
    outer loop
      vertex 8.6229 68.7326 26.09
      vertex 9.56336 70.0271 26.09
      vertex 9.16197 70.273 26.09
    endloop
  endfacet
  facet normal 0 0 1
    outer loop
      vertex 10.6532 68.5271 26.09
      vertex 9.13148 68.0326 26.09
      vertex 9.18276 67.819 26.09
    endloop
  endfacet
  facet normal 0 0 1
    outer loop
      vertex 10.473 68.962 26.09
      vertex 9.04741 68.2356 26.09
      vertex 9.13148 68.0326 26.09
    endloop
  endfacet
  facet normal 0 0 1
    outer loop
      vertex 10.2271 69.3634 26.09
      vertex 8.93262 68.4229 26.09
      vertex 9.04741 68.2356 26.09
    endloop
  endfacet
  facet normal 0 0 1
    outer loop
      vertex 9.92132 69.7213 26.09
      vertex 8.78995 68.59 26.09
      vertex 8.93262 68.4229 26.09
    endloop
  endfacet
  facet normal 0 0 1
    outer loop
      vertex 8.43559 68.8474 26.09
      vertex 9.16197 70.273 26.09
      vertex 8.72705 70.4532 26.09
    endloop
  endfacet
  facet normal 0 0 1
    outer loop
      vertex 9.56336 70.0271 26.09
      vertex 8.6229 68.7326 26.09
      vertex 8.78995 68.59 26.09
    endloop
  endfacet
  facet normal 0 0 1
    outer loop
      vertex 9.16197 70.273 26.09
      vertex 8.43559 68.8474 26.09
      vertex 8.6229 68.7326 26.09
    endloop
  endfacet
  facet normal 0 0 1
    outer loop
      vertex 8.23262 68.9315 26.09
      vertex 8.72705 70.4532 26.09
      vertex 8.2693 70.5631 26.09
    endloop
  endfacet
  facet normal 0 0 1
    outer loop
      vertex 8.72705 70.4532 26.09
      vertex 8.23262 68.9315 26.09
      vertex 8.43559 68.8474 26.09
    endloop
  endfacet
  facet normal 0 0 1
    outer loop
      vertex 8.2693 70.5631 26.09
      vertex 8.01901 68.9828 26.09
      vertex 8.23262 68.9315 26.09
    endloop
  endfacet
  facet normal 0 0 1
    outer loop
      vertex 7.8 70.6 26.09
      vertex 8.01901 68.9828 26.09
      vertex 8.2693 70.5631 26.09
    endloop
  endfacet
  facet normal 0 0 1
    outer loop
      vertex 7.8 70.6 26.09
      vertex 7.8 69 26.09
      vertex 8.01901 68.9828 26.09
    endloop
  endfacet
  facet normal 0 0 1
    outer loop
      vertex 7.8 70.6 26.09
      vertex 7.58099 68.9828 26.09
      vertex 7.8 69 26.09
    endloop
  endfacet
  facet normal -0 0 1
    outer loop
      vertex 7.3307 70.5631 26.09
      vertex 7.58099 68.9828 26.09
      vertex 7.8 70.6 26.09
    endloop
  endfacet
  facet normal 0 0 1
    outer loop
      vertex 7.58099 68.9828 26.09
      vertex 7.3307 70.5631 26.09
      vertex 7.36738 68.9315 26.09
    endloop
  endfacet
  facet normal -0 0 1
    outer loop
      vertex 6.87295 70.4532 26.09
      vertex 7.36738 68.9315 26.09
      vertex 7.3307 70.5631 26.09
    endloop
  endfacet
  facet normal 0 0 1
    outer loop
      vertex 7.36738 68.9315 26.09
      vertex 6.87295 70.4532 26.09
      vertex 7.16441 68.8474 26.09
    endloop
  endfacet
  facet normal -0 0 1
    outer loop
      vertex 6.43803 70.273 26.09
      vertex 7.16441 68.8474 26.09
      vertex 6.87295 70.4532 26.09
    endloop
  endfacet
  facet normal 0 0 1
    outer loop
      vertex 7.16441 68.8474 26.09
      vertex 6.43803 70.273 26.09
      vertex 6.9771 68.7326 26.09
    endloop
  endfacet
  facet normal -0 0 1
    outer loop
      vertex 6.03664 70.0271 26.09
      vertex 6.9771 68.7326 26.09
      vertex 6.43803 70.273 26.09
    endloop
  endfacet
  facet normal 0 0 1
    outer loop
      vertex 6.9771 68.7326 26.09
      vertex 6.03664 70.0271 26.09
      vertex 6.81005 68.59 26.09
    endloop
  endfacet
  facet normal -0 0 1
    outer loop
      vertex 5.67868 69.7213 26.09
      vertex 6.81005 68.59 26.09
      vertex 6.03664 70.0271 26.09
    endloop
  endfacet
  facet normal 0 0 1
    outer loop
      vertex 6.81005 68.59 26.09
      vertex 5.67868 69.7213 26.09
      vertex 6.66738 68.4229 26.09
    endloop
  endfacet
  facet normal -0 0 1
    outer loop
      vertex 5.37295 69.3634 26.09
      vertex 6.66738 68.4229 26.09
      vertex 5.67868 69.7213 26.09
    endloop
  endfacet
  facet normal 0 0 1
    outer loop
      vertex 6.66738 68.4229 26.09
      vertex 5.37295 69.3634 26.09
      vertex 6.55259 68.2356 26.09
    endloop
  endfacet
  facet normal -0 0 1
    outer loop
      vertex 5.12698 68.962 26.09
      vertex 6.55259 68.2356 26.09
      vertex 5.37295 69.3634 26.09
    endloop
  endfacet
  facet normal 0 0 1
    outer loop
      vertex 10.473 66.238 26.09
      vertex 9.04741 66.9644 26.09
      vertex 10.2271 65.8366 26.09
    endloop
  endfacet
  facet normal -0 0 1
    outer loop
      vertex 8.93262 66.7771 26.09
      vertex 10.2271 65.8366 26.09
      vertex 9.04741 66.9644 26.09
    endloop
  endfacet
  facet normal 0 0 1
    outer loop
      vertex 10.2271 65.8366 26.09
      vertex 8.93262 66.7771 26.09
      vertex 9.92132 65.4787 26.09
    endloop
  endfacet
  facet normal -0 0 1
    outer loop
      vertex 8.78995 66.6101 26.09
      vertex 9.92132 65.4787 26.09
      vertex 8.93262 66.7771 26.09
    endloop
  endfacet
  facet normal 0 0 1
    outer loop
      vertex 9.92132 65.4787 26.09
      vertex 8.78995 66.6101 26.09
      vertex 9.56336 65.173 26.09
    endloop
  endfacet
  facet normal -0 0 1
    outer loop
      vertex 8.6229 66.4674 26.09
      vertex 9.56336 65.173 26.09
      vertex 8.78995 66.6101 26.09
    endloop
  endfacet
  facet normal 0 0 1
    outer loop
      vertex 9.56336 65.173 26.09
      vertex 8.6229 66.4674 26.09
      vertex 9.16197 64.927 26.09
    endloop
  endfacet
  facet normal -0 0 1
    outer loop
      vertex 8.43559 66.3526 26.09
      vertex 9.16197 64.927 26.09
      vertex 8.6229 66.4674 26.09
    endloop
  endfacet
  facet normal 0 0 1
    outer loop
      vertex 9.16197 64.927 26.09
      vertex 8.43559 66.3526 26.09
      vertex 8.72705 64.7468 26.09
    endloop
  endfacet
  facet normal -0 0 1
    outer loop
      vertex 8.23262 66.2685 26.09
      vertex 8.72705 64.7468 26.09
      vertex 8.43559 66.3526 26.09
    endloop
  endfacet
  facet normal 0 0 1
    outer loop
      vertex 8.72705 64.7468 26.09
      vertex 8.23262 66.2685 26.09
      vertex 8.2693 64.6369 26.09
    endloop
  endfacet
  facet normal -0 0 1
    outer loop
      vertex 8.01901 66.2172 26.09
      vertex 8.2693 64.6369 26.09
      vertex 8.23262 66.2685 26.09
    endloop
  endfacet
  facet normal -0 0 1
    outer loop
      vertex 7.8 66.2 26.09
      vertex 8.2693 64.6369 26.09
      vertex 8.01901 66.2172 26.09
    endloop
  endfacet
  facet normal 0 0 1
    outer loop
      vertex 7.8 66.2 26.09
      vertex 7.8 64.6 26.09
      vertex 8.2693 64.6369 26.09
    endloop
  endfacet
  facet normal 0 0 1
    outer loop
      vertex 7.58099 66.2172 26.09
      vertex 7.8 64.6 26.09
      vertex 7.8 66.2 26.09
    endloop
  endfacet
  facet normal 0 0 1
    outer loop
      vertex 7.3307 64.6369 26.09
      vertex 7.58099 66.2172 26.09
      vertex 7.36738 66.2685 26.09
    endloop
  endfacet
  facet normal 0 0 1
    outer loop
      vertex 7.58099 66.2172 26.09
      vertex 7.3307 64.6369 26.09
      vertex 7.8 64.6 26.09
    endloop
  endfacet
  facet normal 0 0 1
    outer loop
      vertex 6.87295 64.7468 26.09
      vertex 7.36738 66.2685 26.09
      vertex 7.16441 66.3526 26.09
    endloop
  endfacet
  facet normal 0 0 1
    outer loop
      vertex 6.43803 64.927 26.09
      vertex 7.16441 66.3526 26.09
      vertex 6.9771 66.4674 26.09
    endloop
  endfacet
  facet normal 0 0 1
    outer loop
      vertex 7.36738 66.2685 26.09
      vertex 6.87295 64.7468 26.09
      vertex 7.3307 64.6369 26.09
    endloop
  endfacet
  facet normal 0 0 1
    outer loop
      vertex 6.03664 65.173 26.09
      vertex 6.9771 66.4674 26.09
      vertex 6.81005 66.6101 26.09
    endloop
  endfacet
  facet normal 0 0 1
    outer loop
      vertex 5.67868 65.4787 26.09
      vertex 6.81005 66.6101 26.09
      vertex 6.66738 66.7771 26.09
    endloop
  endfacet
  facet normal 0 0 1
    outer loop
      vertex 5.37295 65.8366 26.09
      vertex 6.66738 66.7771 26.09
      vertex 6.55259 66.9644 26.09
    endloop
  endfacet
  facet normal 0 0 1
    outer loop
      vertex 5.12698 66.238 26.09
      vertex 6.55259 66.9644 26.09
      vertex 6.46852 67.1674 26.09
    endloop
  endfacet
  facet normal 0 0 1
    outer loop
      vertex 7.16441 66.3526 26.09
      vertex 6.43803 64.927 26.09
      vertex 6.87295 64.7468 26.09
    endloop
  endfacet
  facet normal 0 0 1
    outer loop
      vertex 4.94683 66.673 26.09
      vertex 6.46852 67.1674 26.09
      vertex 6.41724 67.381 26.09
    endloop
  endfacet
  facet normal 0 0 1
    outer loop
      vertex 4.83694 67.1307 26.09
      vertex 6.41724 67.381 26.09
      vertex 6.4 67.6 26.09
    endloop
  endfacet
  facet normal 0 0 1
    outer loop
      vertex 6.55259 68.2356 26.09
      vertex 5.12698 68.962 26.09
      vertex 6.46852 68.0326 26.09
    endloop
  endfacet
  facet normal 0 0 1
    outer loop
      vertex 6.9771 66.4674 26.09
      vertex 6.03664 65.173 26.09
      vertex 6.43803 64.927 26.09
    endloop
  endfacet
  facet normal -0 0 1
    outer loop
      vertex 4.94683 68.5271 26.09
      vertex 6.46852 68.0326 26.09
      vertex 5.12698 68.962 26.09
    endloop
  endfacet
  facet normal 0 0 1
    outer loop
      vertex 6.81005 66.6101 26.09
      vertex 5.67868 65.4787 26.09
      vertex 6.03664 65.173 26.09
    endloop
  endfacet
  facet normal 0 0 1
    outer loop
      vertex 6.46852 68.0326 26.09
      vertex 4.94683 68.5271 26.09
      vertex 6.41724 67.819 26.09
    endloop
  endfacet
  facet normal 0 0 1
    outer loop
      vertex 6.66738 66.7771 26.09
      vertex 5.37295 65.8366 26.09
      vertex 5.67868 65.4787 26.09
    endloop
  endfacet
  facet normal -0 0 1
    outer loop
      vertex 4.83694 68.0693 26.09
      vertex 6.41724 67.819 26.09
      vertex 4.94683 68.5271 26.09
    endloop
  endfacet
  facet normal 0 0 1
    outer loop
      vertex 6.55259 66.9644 26.09
      vertex 5.12698 66.238 26.09
      vertex 5.37295 65.8366 26.09
    endloop
  endfacet
  facet normal 0 0 1
    outer loop
      vertex 6.41724 67.819 26.09
      vertex 4.83694 68.0693 26.09
      vertex 6.4 67.6 26.09
    endloop
  endfacet
  facet normal 0 0 1
    outer loop
      vertex 6.46852 67.1674 26.09
      vertex 4.94683 66.673 26.09
      vertex 5.12698 66.238 26.09
    endloop
  endfacet
  facet normal 0 0 1
    outer loop
      vertex 4.8 67.6 26.09
      vertex 6.4 67.6 26.09
      vertex 4.83694 68.0693 26.09
    endloop
  endfacet
  facet normal 0 0 1
    outer loop
      vertex 6.41724 67.381 26.09
      vertex 4.83694 67.1307 26.09
      vertex 4.94683 66.673 26.09
    endloop
  endfacet
  facet normal 0 0 1
    outer loop
      vertex 6.4 67.6 26.09
      vertex 4.8 67.6 26.09
      vertex 4.83694 67.1307 26.09
    endloop
  endfacet
  facet normal -0.972379 0.233409 0
    outer loop
      vertex 4.83694 68.0693 2.4
      vertex 4.94683 68.5271 26.09
      vertex 4.94683 68.5271 2.4
    endloop
  endfacet
  facet normal -0.972379 0.233409 0
    outer loop
      vertex 4.94683 68.5271 26.09
      vertex 4.83694 68.0693 2.4
      vertex 4.83694 68.0693 26.09
    endloop
  endfacet
  facet normal 0.996923 -0.0783858 0
    outer loop
      vertex 10.7631 67.1307 26.09
      vertex 10.8 67.6 2.4
      vertex 10.8 67.6 26.09
    endloop
  endfacet
  facet normal 0.996923 -0.0783858 0
    outer loop
      vertex 10.8 67.6 2.4
      vertex 10.7631 67.1307 26.09
      vertex 10.7631 67.1307 2.4
    endloop
  endfacet
  facet normal -0.649253 -0.760573 0
    outer loop
      vertex 8.6229 68.7326 12.11
      vertex 8.78995 68.59 26.09
      vertex 8.6229 68.7326 26.09
    endloop
  endfacet
  facet normal -0.649253 -0.760573 -0
    outer loop
      vertex 8.78995 68.59 26.09
      vertex 8.6229 68.7326 12.11
      vertex 8.78995 68.59 12.11
    endloop
  endfacet
  facet normal 0.972371 -0.233442 0
    outer loop
      vertex 6.41724 67.819 26.09
      vertex 6.46852 68.0326 12.11
      vertex 6.46852 68.0326 26.09
    endloop
  endfacet
  facet normal 0.972371 -0.233442 0
    outer loop
      vertex 6.46852 68.0326 12.11
      vertex 6.41724 67.819 26.09
      vertex 6.41724 67.819 12.11
    endloop
  endfacet
  facet normal 0.233518 0.972353 -0
    outer loop
      vertex 7.58099 66.2172 12.11
      vertex 7.36738 66.2685 26.09
      vertex 7.58099 66.2172 26.09
    endloop
  endfacet
  facet normal 0.233518 0.972353 0
    outer loop
      vertex 7.36738 66.2685 26.09
      vertex 7.58099 66.2172 12.11
      vertex 7.36738 66.2685 12.11
    endloop
  endfacet
  facet normal 0.233518 -0.972353 0
    outer loop
      vertex 7.36738 68.9315 12.11
      vertex 7.58099 68.9828 26.09
      vertex 7.36738 68.9315 26.09
    endloop
  endfacet
  facet normal 0.233518 -0.972353 0
    outer loop
      vertex 7.58099 68.9828 26.09
      vertex 7.36738 68.9315 12.11
      vertex 7.58099 68.9828 12.11
    endloop
  endfacet
  facet normal 0.923904 -0.382624 0
    outer loop
      vertex 6.46852 68.0326 26.09
      vertex 6.55259 68.2356 12.11
      vertex 6.55259 68.2356 26.09
    endloop
  endfacet
  facet normal 0.923904 -0.382624 0
    outer loop
      vertex 6.55259 68.2356 12.11
      vertex 6.46852 68.0326 26.09
      vertex 6.46852 68.0326 12.11
    endloop
  endfacet
  facet normal -0.923904 0.382624 0
    outer loop
      vertex 9.04741 66.9644 12.11
      vertex 9.13148 67.1674 26.09
      vertex 9.13148 67.1674 12.11
    endloop
  endfacet
  facet normal -0.923904 0.382624 0
    outer loop
      vertex 9.13148 67.1674 26.09
      vertex 9.04741 66.9644 12.11
      vertex 9.04741 66.9644 26.09
    endloop
  endfacet
  facet normal 0.382789 0.923836 -0
    outer loop
      vertex 7.36738 66.2685 12.11
      vertex 7.16441 66.3526 26.09
      vertex 7.36738 66.2685 26.09
    endloop
  endfacet
  facet normal 0.382789 0.923836 0
    outer loop
      vertex 7.16441 66.3526 26.09
      vertex 7.36738 66.2685 12.11
      vertex 7.16441 66.3526 12.11
    endloop
  endfacet
  facet normal -0.923904 -0.382624 0
    outer loop
      vertex 9.13148 68.0326 12.11
      vertex 9.04741 68.2356 26.09
      vertex 9.04741 68.2356 12.11
    endloop
  endfacet
  facet normal -0.923904 -0.382624 0
    outer loop
      vertex 9.04741 68.2356 26.09
      vertex 9.13148 68.0326 12.11
      vertex 9.13148 68.0326 26.09
    endloop
  endfacet
  facet normal -0.852615 -0.52254 0
    outer loop
      vertex 9.04741 68.2356 12.11
      vertex 8.93262 68.4229 26.09
      vertex 8.93262 68.4229 12.11
    endloop
  endfacet
  facet normal -0.852615 -0.52254 0
    outer loop
      vertex 8.93262 68.4229 26.09
      vertex 9.04741 68.2356 12.11
      vertex 9.04741 68.2356 26.09
    endloop
  endfacet
  facet normal -0.760511 -0.649325 0
    outer loop
      vertex 8.93262 68.4229 12.11
      vertex 8.78995 68.59 26.09
      vertex 8.78995 68.59 12.11
    endloop
  endfacet
  facet normal -0.760511 -0.649325 0
    outer loop
      vertex 8.78995 68.59 26.09
      vertex 8.93262 68.4229 12.11
      vertex 8.93262 68.4229 26.09
    endloop
  endfacet
  facet normal -0.382789 -0.923836 0
    outer loop
      vertex 8.23262 68.9315 12.11
      vertex 8.43559 68.8474 26.09
      vertex 8.23262 68.9315 26.09
    endloop
  endfacet
  facet normal -0.382789 -0.923836 -0
    outer loop
      vertex 8.43559 68.8474 26.09
      vertex 8.23262 68.9315 12.11
      vertex 8.43559 68.8474 12.11
    endloop
  endfacet
  facet normal -0.0782941 -0.99693 0
    outer loop
      vertex 7.8 69 12.11
      vertex 8.01901 68.9828 26.09
      vertex 7.8 69 26.09
    endloop
  endfacet
  facet normal -0.0782941 -0.99693 -0
    outer loop
      vertex 8.01901 68.9828 26.09
      vertex 7.8 69 12.11
      vertex 8.01901 68.9828 12.11
    endloop
  endfacet
  facet normal -0.233518 -0.972353 0
    outer loop
      vertex 8.01901 68.9828 12.11
      vertex 8.23262 68.9315 26.09
      vertex 8.01901 68.9828 26.09
    endloop
  endfacet
  facet normal -0.233518 -0.972353 -0
    outer loop
      vertex 8.23262 68.9315 26.09
      vertex 8.01901 68.9828 12.11
      vertex 8.23262 68.9315 12.11
    endloop
  endfacet
  facet normal 0.996916 -0.0784787 0
    outer loop
      vertex 6.4 67.6 26.09
      vertex 6.41724 67.819 12.11
      vertex 6.41724 67.819 26.09
    endloop
  endfacet
  facet normal 0.996916 -0.0784787 0
    outer loop
      vertex 6.41724 67.819 12.11
      vertex 6.4 67.6 26.09
      vertex 6.4 67.6 12.11
    endloop
  endfacet
  facet normal 0.760511 -0.649325 0
    outer loop
      vertex 6.66738 68.4229 26.09
      vertex 6.81005 68.59 12.11
      vertex 6.81005 68.59 26.09
    endloop
  endfacet
  facet normal 0.760511 -0.649325 0
    outer loop
      vertex 6.81005 68.59 12.11
      vertex 6.66738 68.4229 26.09
      vertex 6.66738 68.4229 12.11
    endloop
  endfacet
  facet normal 0.0782941 -0.99693 0
    outer loop
      vertex 7.58099 68.9828 12.11
      vertex 7.8 69 26.09
      vertex 7.58099 68.9828 26.09
    endloop
  endfacet
  facet normal 0.0782941 -0.99693 0
    outer loop
      vertex 7.8 69 26.09
      vertex 7.58099 68.9828 12.11
      vertex 7.8 69 12.11
    endloop
  endfacet
  facet normal 0.649253 -0.760573 0
    outer loop
      vertex 6.81005 68.59 12.11
      vertex 6.9771 68.7326 26.09
      vertex 6.81005 68.59 26.09
    endloop
  endfacet
  facet normal 0.649253 -0.760573 0
    outer loop
      vertex 6.9771 68.7326 26.09
      vertex 6.81005 68.59 12.11
      vertex 6.9771 68.7326 12.11
    endloop
  endfacet
  facet normal -0.996916 -0.0784787 0
    outer loop
      vertex 9.2 67.6 12.11
      vertex 9.18276 67.819 26.09
      vertex 9.18276 67.819 12.11
    endloop
  endfacet
  facet normal -0.996916 -0.0784787 0
    outer loop
      vertex 9.18276 67.819 26.09
      vertex 9.2 67.6 12.11
      vertex 9.2 67.6 26.09
    endloop
  endfacet
  facet normal -0.0782941 0.99693 0
    outer loop
      vertex 8.01901 66.2172 12.11
      vertex 7.8 66.2 26.09
      vertex 8.01901 66.2172 26.09
    endloop
  endfacet
  facet normal -0.0782941 0.99693 0
    outer loop
      vertex 7.8 66.2 26.09
      vertex 8.01901 66.2172 12.11
      vertex 7.8 66.2 12.11
    endloop
  endfacet
  facet normal -0.233518 0.972353 0
    outer loop
      vertex 8.23262 66.2685 12.11
      vertex 8.01901 66.2172 26.09
      vertex 8.23262 66.2685 26.09
    endloop
  endfacet
  facet normal -0.233518 0.972353 0
    outer loop
      vertex 8.01901 66.2172 26.09
      vertex 8.23262 66.2685 12.11
      vertex 8.01901 66.2172 12.11
    endloop
  endfacet
  facet normal -0.760319 0.649549 0
    outer loop
      vertex 8.78995 66.6101 12.11
      vertex 8.93262 66.7771 26.09
      vertex 8.93262 66.7771 12.11
    endloop
  endfacet
  facet normal -0.760319 0.649549 0
    outer loop
      vertex 8.93262 66.7771 26.09
      vertex 8.78995 66.6101 12.11
      vertex 8.78995 66.6101 26.09
    endloop
  endfacet
  facet normal 0.0782941 0.99693 -0
    outer loop
      vertex 7.8 66.2 12.11
      vertex 7.58099 66.2172 26.09
      vertex 7.8 66.2 26.09
    endloop
  endfacet
  facet normal 0.0782941 0.99693 0
    outer loop
      vertex 7.58099 66.2172 26.09
      vertex 7.8 66.2 12.11
      vertex 7.58099 66.2172 12.11
    endloop
  endfacet
  facet normal 0.649516 0.760348 -0
    outer loop
      vertex 6.9771 66.4674 12.11
      vertex 6.81005 66.6101 26.09
      vertex 6.9771 66.4674 26.09
    endloop
  endfacet
  facet normal 0.649516 0.760348 0
    outer loop
      vertex 6.81005 66.6101 26.09
      vertex 6.9771 66.4674 12.11
      vertex 6.81005 66.6101 12.11
    endloop
  endfacet
  facet normal 0.996916 0.0784787 0
    outer loop
      vertex 6.41724 67.381 26.09
      vertex 6.4 67.6 12.11
      vertex 6.4 67.6 26.09
    endloop
  endfacet
  facet normal 0.996916 0.0784787 0
    outer loop
      vertex 6.4 67.6 12.11
      vertex 6.41724 67.381 26.09
      vertex 6.41724 67.381 12.11
    endloop
  endfacet
  facet normal 0 0 1
    outer loop
      vertex 9.18276 67.819 12.11
      vertex 9.18276 67.381 12.11
      vertex 9.2 67.6 12.11
    endloop
  endfacet
  facet normal 0 0 1
    outer loop
      vertex 9.13148 68.0326 12.11
      vertex 9.18276 67.381 12.11
      vertex 9.18276 67.819 12.11
    endloop
  endfacet
  facet normal 0 0 1
    outer loop
      vertex 9.13148 68.0326 12.11
      vertex 9.13148 67.1674 12.11
      vertex 9.18276 67.381 12.11
    endloop
  endfacet
  facet normal 0 0 1
    outer loop
      vertex 9.04741 68.2356 12.11
      vertex 9.13148 67.1674 12.11
      vertex 9.13148 68.0326 12.11
    endloop
  endfacet
  facet normal 0 0 1
    outer loop
      vertex 9.04741 68.2356 12.11
      vertex 9.04741 66.9644 12.11
      vertex 9.13148 67.1674 12.11
    endloop
  endfacet
  facet normal 0 0 1
    outer loop
      vertex 8.93262 68.4229 12.11
      vertex 9.04741 66.9644 12.11
      vertex 9.04741 68.2356 12.11
    endloop
  endfacet
  facet normal 0 0 1
    outer loop
      vertex 8.93262 68.4229 12.11
      vertex 8.93262 66.7771 12.11
      vertex 9.04741 66.9644 12.11
    endloop
  endfacet
  facet normal 0 0 1
    outer loop
      vertex 8.78995 68.59 12.11
      vertex 8.93262 66.7771 12.11
      vertex 8.93262 68.4229 12.11
    endloop
  endfacet
  facet normal 0 0 1
    outer loop
      vertex 8.78995 68.59 12.11
      vertex 8.78995 66.6101 12.11
      vertex 8.93262 66.7771 12.11
    endloop
  endfacet
  facet normal 0 0 1
    outer loop
      vertex 8.6229 68.7326 12.11
      vertex 8.78995 66.6101 12.11
      vertex 8.78995 68.59 12.11
    endloop
  endfacet
  facet normal 0 0 1
    outer loop
      vertex 8.6229 68.7326 12.11
      vertex 8.6229 66.4674 12.11
      vertex 8.78995 66.6101 12.11
    endloop
  endfacet
  facet normal 0 0 1
    outer loop
      vertex 8.43559 68.8474 12.11
      vertex 8.6229 66.4674 12.11
      vertex 8.6229 68.7326 12.11
    endloop
  endfacet
  facet normal 0 0 1
    outer loop
      vertex 8.43559 68.8474 12.11
      vertex 8.43559 66.3526 12.11
      vertex 8.6229 66.4674 12.11
    endloop
  endfacet
  facet normal 0 0 1
    outer loop
      vertex 8.23262 68.9315 12.11
      vertex 8.43559 66.3526 12.11
      vertex 8.43559 68.8474 12.11
    endloop
  endfacet
  facet normal 0 0 1
    outer loop
      vertex 8.23262 68.9315 12.11
      vertex 8.23262 66.2685 12.11
      vertex 8.43559 66.3526 12.11
    endloop
  endfacet
  facet normal 0 0 1
    outer loop
      vertex 8.01901 68.9828 12.11
      vertex 8.23262 66.2685 12.11
      vertex 8.23262 68.9315 12.11
    endloop
  endfacet
  facet normal 0 0 1
    outer loop
      vertex 8.01901 68.9828 12.11
      vertex 8.01901 66.2172 12.11
      vertex 8.23262 66.2685 12.11
    endloop
  endfacet
  facet normal 0 0 1
    outer loop
      vertex 7.8 69 12.11
      vertex 8.01901 66.2172 12.11
      vertex 8.01901 68.9828 12.11
    endloop
  endfacet
  facet normal 0 0 1
    outer loop
      vertex 7.8 69 12.11
      vertex 7.8 66.2 12.11
      vertex 8.01901 66.2172 12.11
    endloop
  endfacet
  facet normal -0 0 1
    outer loop
      vertex 7.58099 68.9828 12.11
      vertex 7.8 66.2 12.11
      vertex 7.8 69 12.11
    endloop
  endfacet
  facet normal 0 0 1
    outer loop
      vertex 7.58099 68.9828 12.11
      vertex 7.58099 66.2172 12.11
      vertex 7.8 66.2 12.11
    endloop
  endfacet
  facet normal -0 0 1
    outer loop
      vertex 7.36738 68.9315 12.11
      vertex 7.58099 66.2172 12.11
      vertex 7.58099 68.9828 12.11
    endloop
  endfacet
  facet normal 0 0 1
    outer loop
      vertex 7.36738 68.9315 12.11
      vertex 7.36738 66.2685 12.11
      vertex 7.58099 66.2172 12.11
    endloop
  endfacet
  facet normal -0 0 1
    outer loop
      vertex 7.16441 68.8474 12.11
      vertex 7.36738 66.2685 12.11
      vertex 7.36738 68.9315 12.11
    endloop
  endfacet
  facet normal 0 0 1
    outer loop
      vertex 7.16441 68.8474 12.11
      vertex 7.16441 66.3526 12.11
      vertex 7.36738 66.2685 12.11
    endloop
  endfacet
  facet normal -0 0 1
    outer loop
      vertex 6.9771 68.7326 12.11
      vertex 7.16441 66.3526 12.11
      vertex 7.16441 68.8474 12.11
    endloop
  endfacet
  facet normal 0 0 1
    outer loop
      vertex 6.9771 68.7326 12.11
      vertex 6.9771 66.4674 12.11
      vertex 7.16441 66.3526 12.11
    endloop
  endfacet
  facet normal -0 0 1
    outer loop
      vertex 6.81005 68.59 12.11
      vertex 6.9771 66.4674 12.11
      vertex 6.9771 68.7326 12.11
    endloop
  endfacet
  facet normal 0 0 1
    outer loop
      vertex 6.81005 68.59 12.11
      vertex 6.81005 66.6101 12.11
      vertex 6.9771 66.4674 12.11
    endloop
  endfacet
  facet normal -0 0 1
    outer loop
      vertex 6.66738 68.4229 12.11
      vertex 6.81005 66.6101 12.11
      vertex 6.81005 68.59 12.11
    endloop
  endfacet
  facet normal 0 0 1
    outer loop
      vertex 6.66738 68.4229 12.11
      vertex 6.66738 66.7771 12.11
      vertex 6.81005 66.6101 12.11
    endloop
  endfacet
  facet normal -0 0 1
    outer loop
      vertex 6.55259 68.2356 12.11
      vertex 6.66738 66.7771 12.11
      vertex 6.66738 68.4229 12.11
    endloop
  endfacet
  facet normal 0 0 1
    outer loop
      vertex 6.55259 68.2356 12.11
      vertex 6.55259 66.9644 12.11
      vertex 6.66738 66.7771 12.11
    endloop
  endfacet
  facet normal -0 0 1
    outer loop
      vertex 6.46852 68.0326 12.11
      vertex 6.55259 66.9644 12.11
      vertex 6.55259 68.2356 12.11
    endloop
  endfacet
  facet normal 0 0 1
    outer loop
      vertex 6.46852 68.0326 12.11
      vertex 6.46852 67.1674 12.11
      vertex 6.55259 66.9644 12.11
    endloop
  endfacet
  facet normal -0 0 1
    outer loop
      vertex 6.41724 67.819 12.11
      vertex 6.46852 67.1674 12.11
      vertex 6.46852 68.0326 12.11
    endloop
  endfacet
  facet normal 0 0 1
    outer loop
      vertex 6.41724 67.819 12.11
      vertex 6.41724 67.381 12.11
      vertex 6.46852 67.1674 12.11
    endloop
  endfacet
  facet normal 0 -0 1
    outer loop
      vertex 6.41724 67.381 12.11
      vertex 6.41724 67.819 12.11
      vertex 6.4 67.6 12.11
    endloop
  endfacet
  facet normal -0.972371 -0.233442 0
    outer loop
      vertex 9.18276 67.819 12.11
      vertex 9.13148 68.0326 26.09
      vertex 9.13148 68.0326 12.11
    endloop
  endfacet
  facet normal -0.972371 -0.233442 0
    outer loop
      vertex 9.13148 68.0326 26.09
      vertex 9.18276 67.819 12.11
      vertex 9.18276 67.819 26.09
    endloop
  endfacet
  facet normal -0.522552 -0.852607 0
    outer loop
      vertex 8.43559 68.8474 12.11
      vertex 8.6229 68.7326 26.09
      vertex 8.43559 68.8474 26.09
    endloop
  endfacet
  facet normal -0.522552 -0.852607 -0
    outer loop
      vertex 8.6229 68.7326 26.09
      vertex 8.43559 68.8474 12.11
      vertex 8.6229 68.7326 12.11
    endloop
  endfacet
  facet normal 0.852615 -0.52254 0
    outer loop
      vertex 6.55259 68.2356 26.09
      vertex 6.66738 68.4229 12.11
      vertex 6.66738 68.4229 26.09
    endloop
  endfacet
  facet normal 0.852615 -0.52254 0
    outer loop
      vertex 6.66738 68.4229 12.11
      vertex 6.55259 68.2356 26.09
      vertex 6.55259 68.2356 12.11
    endloop
  endfacet
  facet normal 0.522552 -0.852607 0
    outer loop
      vertex 6.9771 68.7326 12.11
      vertex 7.16441 68.8474 26.09
      vertex 6.9771 68.7326 26.09
    endloop
  endfacet
  facet normal 0.522552 -0.852607 0
    outer loop
      vertex 7.16441 68.8474 26.09
      vertex 6.9771 68.7326 12.11
      vertex 7.16441 68.8474 12.11
    endloop
  endfacet
  facet normal 0.382789 -0.923836 0
    outer loop
      vertex 7.16441 68.8474 12.11
      vertex 7.36738 68.9315 26.09
      vertex 7.16441 68.8474 26.09
    endloop
  endfacet
  facet normal 0.382789 -0.923836 0
    outer loop
      vertex 7.36738 68.9315 26.09
      vertex 7.16441 68.8474 12.11
      vertex 7.36738 68.9315 12.11
    endloop
  endfacet
  facet normal -0.972371 0.233442 0
    outer loop
      vertex 9.13148 67.1674 12.11
      vertex 9.18276 67.381 26.09
      vertex 9.18276 67.381 12.11
    endloop
  endfacet
  facet normal -0.972371 0.233442 0
    outer loop
      vertex 9.18276 67.381 26.09
      vertex 9.13148 67.1674 12.11
      vertex 9.13148 67.1674 26.09
    endloop
  endfacet
  facet normal -0.649516 0.760348 0
    outer loop
      vertex 8.78995 66.6101 12.11
      vertex 8.6229 66.4674 26.09
      vertex 8.78995 66.6101 26.09
    endloop
  endfacet
  facet normal -0.649516 0.760348 0
    outer loop
      vertex 8.6229 66.4674 26.09
      vertex 8.78995 66.6101 12.11
      vertex 8.6229 66.4674 12.11
    endloop
  endfacet
  facet normal -0.382789 0.923836 0
    outer loop
      vertex 8.43559 66.3526 12.11
      vertex 8.23262 66.2685 26.09
      vertex 8.43559 66.3526 26.09
    endloop
  endfacet
  facet normal -0.382789 0.923836 0
    outer loop
      vertex 8.23262 66.2685 26.09
      vertex 8.43559 66.3526 12.11
      vertex 8.23262 66.2685 12.11
    endloop
  endfacet
  facet normal -0.852615 0.52254 0
    outer loop
      vertex 8.93262 66.7771 12.11
      vertex 9.04741 66.9644 26.09
      vertex 9.04741 66.9644 12.11
    endloop
  endfacet
  facet normal -0.852615 0.52254 0
    outer loop
      vertex 9.04741 66.9644 26.09
      vertex 8.93262 66.7771 12.11
      vertex 8.93262 66.7771 26.09
    endloop
  endfacet
  facet normal 0.522552 0.852607 -0
    outer loop
      vertex 7.16441 66.3526 12.11
      vertex 6.9771 66.4674 26.09
      vertex 7.16441 66.3526 26.09
    endloop
  endfacet
  facet normal 0.522552 0.852607 0
    outer loop
      vertex 6.9771 66.4674 26.09
      vertex 7.16441 66.3526 12.11
      vertex 6.9771 66.4674 12.11
    endloop
  endfacet
  facet normal 0.972371 0.233442 0
    outer loop
      vertex 6.46852 67.1674 26.09
      vertex 6.41724 67.381 12.11
      vertex 6.41724 67.381 26.09
    endloop
  endfacet
  facet normal 0.972371 0.233442 0
    outer loop
      vertex 6.41724 67.381 12.11
      vertex 6.46852 67.1674 26.09
      vertex 6.46852 67.1674 12.11
    endloop
  endfacet
  facet normal 0.760319 0.649549 0
    outer loop
      vertex 6.81005 66.6101 26.09
      vertex 6.66738 66.7771 12.11
      vertex 6.66738 66.7771 26.09
    endloop
  endfacet
  facet normal 0.760319 0.649549 0
    outer loop
      vertex 6.66738 66.7771 12.11
      vertex 6.81005 66.6101 26.09
      vertex 6.81005 66.6101 12.11
    endloop
  endfacet
  facet normal 0.923904 0.382624 0
    outer loop
      vertex 6.55259 66.9644 26.09
      vertex 6.46852 67.1674 12.11
      vertex 6.46852 67.1674 26.09
    endloop
  endfacet
  facet normal 0.923904 0.382624 0
    outer loop
      vertex 6.46852 67.1674 12.11
      vertex 6.55259 66.9644 26.09
      vertex 6.55259 66.9644 12.11
    endloop
  endfacet
  facet normal -0.996916 0.0784787 0
    outer loop
      vertex 9.18276 67.381 12.11
      vertex 9.2 67.6 26.09
      vertex 9.2 67.6 12.11
    endloop
  endfacet
  facet normal -0.996916 0.0784787 0
    outer loop
      vertex 9.2 67.6 26.09
      vertex 9.18276 67.381 12.11
      vertex 9.18276 67.381 26.09
    endloop
  endfacet
  facet normal -0.522552 0.852607 0
    outer loop
      vertex 8.6229 66.4674 12.11
      vertex 8.43559 66.3526 26.09
      vertex 8.6229 66.4674 26.09
    endloop
  endfacet
  facet normal -0.522552 0.852607 0
    outer loop
      vertex 8.43559 66.3526 26.09
      vertex 8.6229 66.4674 12.11
      vertex 8.43559 66.3526 12.11
    endloop
  endfacet
  facet normal 0.852615 0.52254 0
    outer loop
      vertex 6.66738 66.7771 26.09
      vertex 6.55259 66.9644 12.11
      vertex 6.55259 66.9644 26.09
    endloop
  endfacet
  facet normal 0.852615 0.52254 0
    outer loop
      vertex 6.55259 66.9644 12.11
      vertex 6.66738 66.7771 26.09
      vertex 6.66738 66.7771 12.11
    endloop
  endfacet
  facet normal 0.522378 0.852714 -0
    outer loop
      vertex 72.8634 39.1271 2.4
      vertex 72.462 39.373 26.09
      vertex 72.8634 39.1271 26.09
    endloop
  endfacet
  facet normal 0.522378 0.852714 0
    outer loop
      vertex 72.462 39.373 26.09
      vertex 72.8634 39.1271 2.4
      vertex 72.462 39.373 2.4
    endloop
  endfacet
  facet normal -0.923836 0.38279 0
    outer loop
      vertex 68.2468 37.6271 2.4
      vertex 68.427 38.062 26.09
      vertex 68.427 38.062 2.4
    endloop
  endfacet
  facet normal -0.923836 0.38279 0
    outer loop
      vertex 68.427 38.062 26.09
      vertex 68.2468 37.6271 2.4
      vertex 68.2468 37.6271 26.09
    endloop
  endfacet
  facet normal -0.382714 -0.923867 0
    outer loop
      vertex 69.738 34.027 2.4
      vertex 70.173 33.8468 26.09
      vertex 69.738 34.027 26.09
    endloop
  endfacet
  facet normal -0.382714 -0.923867 -0
    outer loop
      vertex 70.173 33.8468 26.09
      vertex 69.738 34.027 2.4
      vertex 70.173 33.8468 2.4
    endloop
  endfacet
  facet normal -0.382714 0.923867 0
    outer loop
      vertex 70.173 39.5532 2.4
      vertex 69.738 39.373 26.09
      vertex 70.173 39.5532 26.09
    endloop
  endfacet
  facet normal -0.382714 0.923867 0
    outer loop
      vertex 69.738 39.373 26.09
      vertex 70.173 39.5532 2.4
      vertex 69.738 39.373 2.4
    endloop
  endfacet
  facet normal -0.85262 0.522532 0
    outer loop
      vertex 68.427 38.062 2.4
      vertex 68.673 38.4634 26.09
      vertex 68.673 38.4634 2.4
    endloop
  endfacet
  facet normal -0.85262 0.522532 0
    outer loop
      vertex 68.673 38.4634 26.09
      vertex 68.427 38.062 2.4
      vertex 68.427 38.062 26.09
    endloop
  endfacet
  facet normal 0.923836 0.38279 0
    outer loop
      vertex 73.9532 37.6271 26.09
      vertex 73.773 38.062 2.4
      vertex 73.773 38.062 26.09
    endloop
  endfacet
  facet normal 0.923836 0.38279 0
    outer loop
      vertex 73.773 38.062 2.4
      vertex 73.9532 37.6271 26.09
      vertex 73.9532 37.6271 2.4
    endloop
  endfacet
  facet normal 0.852714 0.522378 0
    outer loop
      vertex 73.773 38.062 26.09
      vertex 73.5271 38.4634 2.4
      vertex 73.5271 38.4634 26.09
    endloop
  endfacet
  facet normal 0.852714 0.522378 0
    outer loop
      vertex 73.5271 38.4634 2.4
      vertex 73.773 38.062 26.09
      vertex 73.773 38.062 2.4
    endloop
  endfacet
  facet normal 0.38279 0.923836 -0
    outer loop
      vertex 72.462 39.373 2.4
      vertex 72.0271 39.5532 26.09
      vertex 72.462 39.373 26.09
    endloop
  endfacet
  facet normal 0.38279 0.923836 0
    outer loop
      vertex 72.0271 39.5532 26.09
      vertex 72.462 39.373 2.4
      vertex 72.0271 39.5532 2.4
    endloop
  endfacet
  facet normal 0.0783858 0.996923 -0
    outer loop
      vertex 71.5693 39.6631 2.4
      vertex 71.1 39.7 26.09
      vertex 71.5693 39.6631 26.09
    endloop
  endfacet
  facet normal 0.0783858 0.996923 0
    outer loop
      vertex 71.1 39.7 26.09
      vertex 71.5693 39.6631 2.4
      vertex 71.1 39.7 2.4
    endloop
  endfacet
  facet normal 0.233429 0.972374 -0
    outer loop
      vertex 72.0271 39.5532 2.4
      vertex 71.5693 39.6631 26.09
      vertex 72.0271 39.5532 26.09
    endloop
  endfacet
  facet normal 0.233429 0.972374 0
    outer loop
      vertex 71.5693 39.6631 26.09
      vertex 72.0271 39.5532 2.4
      vertex 71.5693 39.6631 2.4
    endloop
  endfacet
  facet normal -0.76038 0.649478 0
    outer loop
      vertex 68.673 38.4634 2.4
      vertex 68.9787 38.8213 26.09
      vertex 68.9787 38.8213 2.4
    endloop
  endfacet
  facet normal -0.76038 0.649478 0
    outer loop
      vertex 68.9787 38.8213 26.09
      vertex 68.673 38.4634 2.4
      vertex 68.673 38.4634 26.09
    endloop
  endfacet
  facet normal -0.522378 0.852714 0
    outer loop
      vertex 69.738 39.373 2.4
      vertex 69.3366 39.1271 26.09
      vertex 69.738 39.373 26.09
    endloop
  endfacet
  facet normal -0.522378 0.852714 0
    outer loop
      vertex 69.3366 39.1271 26.09
      vertex 69.738 39.373 2.4
      vertex 69.3366 39.1271 2.4
    endloop
  endfacet
  facet normal -0.233477 0.972362 0
    outer loop
      vertex 70.6307 39.6631 2.4
      vertex 70.173 39.5532 26.09
      vertex 70.6307 39.6631 26.09
    endloop
  endfacet
  facet normal -0.233477 0.972362 0
    outer loop
      vertex 70.173 39.5532 26.09
      vertex 70.6307 39.6631 2.4
      vertex 70.173 39.5532 2.4
    endloop
  endfacet
  facet normal -0.649601 0.760275 0
    outer loop
      vertex 69.3366 39.1271 2.4
      vertex 68.9787 38.8213 26.09
      vertex 69.3366 39.1271 26.09
    endloop
  endfacet
  facet normal -0.649601 0.760275 0
    outer loop
      vertex 68.9787 38.8213 26.09
      vertex 69.3366 39.1271 2.4
      vertex 68.9787 38.8213 2.4
    endloop
  endfacet
  facet normal 0.996923 0.0783858 0
    outer loop
      vertex 74.1 36.7 26.09
      vertex 74.0631 37.1693 2.4
      vertex 74.0631 37.1693 26.09
    endloop
  endfacet
  facet normal 0.996923 0.0783858 0
    outer loop
      vertex 74.0631 37.1693 2.4
      vertex 74.1 36.7 26.09
      vertex 74.1 36.7 2.4
    endloop
  endfacet
  facet normal 0.38279 -0.923836 0
    outer loop
      vertex 72.0271 33.8468 2.4
      vertex 72.462 34.027 26.09
      vertex 72.0271 33.8468 26.09
    endloop
  endfacet
  facet normal 0.38279 -0.923836 0
    outer loop
      vertex 72.462 34.027 26.09
      vertex 72.0271 33.8468 2.4
      vertex 72.462 34.027 2.4
    endloop
  endfacet
  facet normal 0.522378 -0.852714 0
    outer loop
      vertex 72.462 34.027 2.4
      vertex 72.8634 34.2729 26.09
      vertex 72.462 34.027 26.09
    endloop
  endfacet
  facet normal 0.522378 -0.852714 0
    outer loop
      vertex 72.8634 34.2729 26.09
      vertex 72.462 34.027 2.4
      vertex 72.8634 34.2729 2.4
    endloop
  endfacet
  facet normal 0.852714 -0.522378 0
    outer loop
      vertex 73.5271 34.9366 26.09
      vertex 73.773 35.338 2.4
      vertex 73.773 35.338 26.09
    endloop
  endfacet
  facet normal 0.852714 -0.522378 0
    outer loop
      vertex 73.773 35.338 2.4
      vertex 73.5271 34.9366 26.09
      vertex 73.5271 34.9366 2.4
    endloop
  endfacet
  facet normal -0.233477 -0.972362 0
    outer loop
      vertex 70.173 33.8468 2.4
      vertex 70.6307 33.7369 26.09
      vertex 70.173 33.8468 26.09
    endloop
  endfacet
  facet normal -0.233477 -0.972362 -0
    outer loop
      vertex 70.6307 33.7369 26.09
      vertex 70.173 33.8468 2.4
      vertex 70.6307 33.7369 2.4
    endloop
  endfacet
  facet normal -0.649601 -0.760275 0
    outer loop
      vertex 68.9787 34.5787 2.4
      vertex 69.3366 34.2729 26.09
      vertex 68.9787 34.5787 26.09
    endloop
  endfacet
  facet normal -0.649601 -0.760275 -0
    outer loop
      vertex 69.3366 34.2729 26.09
      vertex 68.9787 34.5787 2.4
      vertex 69.3366 34.2729 2.4
    endloop
  endfacet
  facet normal -0.85262 -0.522532 0
    outer loop
      vertex 68.673 34.9366 2.4
      vertex 68.427 35.338 26.09
      vertex 68.427 35.338 2.4
    endloop
  endfacet
  facet normal -0.85262 -0.522532 0
    outer loop
      vertex 68.427 35.338 26.09
      vertex 68.673 34.9366 2.4
      vertex 68.673 34.9366 26.09
    endloop
  endfacet
  facet normal -0.972374 -0.233429 0
    outer loop
      vertex 68.2468 35.7729 2.4
      vertex 68.1369 36.2307 26.09
      vertex 68.1369 36.2307 2.4
    endloop
  endfacet
  facet normal -0.972374 -0.233429 0
    outer loop
      vertex 68.1369 36.2307 26.09
      vertex 68.2468 35.7729 2.4
      vertex 68.2468 35.7729 26.09
    endloop
  endfacet
  facet normal 0.972374 0.233429 0
    outer loop
      vertex 74.0631 37.1693 26.09
      vertex 73.9532 37.6271 2.4
      vertex 73.9532 37.6271 26.09
    endloop
  endfacet
  facet normal 0.972374 0.233429 0
    outer loop
      vertex 73.9532 37.6271 2.4
      vertex 74.0631 37.1693 26.09
      vertex 74.0631 37.1693 2.4
    endloop
  endfacet
  facet normal 0.760275 0.649601 0
    outer loop
      vertex 73.5271 38.4634 26.09
      vertex 73.2213 38.8213 2.4
      vertex 73.2213 38.8213 26.09
    endloop
  endfacet
  facet normal 0.760275 0.649601 0
    outer loop
      vertex 73.2213 38.8213 2.4
      vertex 73.5271 38.4634 26.09
      vertex 73.5271 38.4634 2.4
    endloop
  endfacet
  facet normal 0.649601 0.760275 -0
    outer loop
      vertex 73.2213 38.8213 2.4
      vertex 72.8634 39.1271 26.09
      vertex 73.2213 38.8213 26.09
    endloop
  endfacet
  facet normal 0.649601 0.760275 0
    outer loop
      vertex 72.8634 39.1271 26.09
      vertex 73.2213 38.8213 2.4
      vertex 72.8634 39.1271 2.4
    endloop
  endfacet
  facet normal -0.996923 0.0783858 0
    outer loop
      vertex 68.1 36.7 2.4
      vertex 68.1369 37.1693 26.09
      vertex 68.1369 37.1693 2.4
    endloop
  endfacet
  facet normal -0.996923 0.0783858 0
    outer loop
      vertex 68.1369 37.1693 26.09
      vertex 68.1 36.7 2.4
      vertex 68.1 36.7 26.09
    endloop
  endfacet
  facet normal -0.0783858 0.996923 0
    outer loop
      vertex 71.1 39.7 2.4
      vertex 70.6307 39.6631 26.09
      vertex 71.1 39.7 26.09
    endloop
  endfacet
  facet normal -0.0783858 0.996923 0
    outer loop
      vertex 70.6307 39.6631 26.09
      vertex 71.1 39.7 2.4
      vertex 70.6307 39.6631 2.4
    endloop
  endfacet
  facet normal 0.972374 -0.233429 0
    outer loop
      vertex 73.9532 35.7729 26.09
      vertex 74.0631 36.2307 2.4
      vertex 74.0631 36.2307 26.09
    endloop
  endfacet
  facet normal 0.972374 -0.233429 0
    outer loop
      vertex 74.0631 36.2307 2.4
      vertex 73.9532 35.7729 26.09
      vertex 73.9532 35.7729 2.4
    endloop
  endfacet
  facet normal 0.0783858 -0.996923 0
    outer loop
      vertex 71.1 33.7 2.4
      vertex 71.5693 33.7369 26.09
      vertex 71.1 33.7 26.09
    endloop
  endfacet
  facet normal 0.0783858 -0.996923 0
    outer loop
      vertex 71.5693 33.7369 26.09
      vertex 71.1 33.7 2.4
      vertex 71.5693 33.7369 2.4
    endloop
  endfacet
  facet normal 0.233429 -0.972374 0
    outer loop
      vertex 71.5693 33.7369 2.4
      vertex 72.0271 33.8468 26.09
      vertex 71.5693 33.7369 26.09
    endloop
  endfacet
  facet normal 0.233429 -0.972374 0
    outer loop
      vertex 72.0271 33.8468 26.09
      vertex 71.5693 33.7369 2.4
      vertex 72.0271 33.8468 2.4
    endloop
  endfacet
  facet normal 0.760275 -0.649601 0
    outer loop
      vertex 73.2213 34.5787 26.09
      vertex 73.5271 34.9366 2.4
      vertex 73.5271 34.9366 26.09
    endloop
  endfacet
  facet normal 0.760275 -0.649601 0
    outer loop
      vertex 73.5271 34.9366 2.4
      vertex 73.2213 34.5787 26.09
      vertex 73.2213 34.5787 2.4
    endloop
  endfacet
  facet normal 0.649601 -0.760275 0
    outer loop
      vertex 72.8634 34.2729 2.4
      vertex 73.2213 34.5787 26.09
      vertex 72.8634 34.2729 26.09
    endloop
  endfacet
  facet normal 0.649601 -0.760275 0
    outer loop
      vertex 73.2213 34.5787 26.09
      vertex 72.8634 34.2729 2.4
      vertex 73.2213 34.5787 2.4
    endloop
  endfacet
  facet normal 0.923836 -0.38279 0
    outer loop
      vertex 73.773 35.338 26.09
      vertex 73.9532 35.7729 2.4
      vertex 73.9532 35.7729 26.09
    endloop
  endfacet
  facet normal 0.923836 -0.38279 0
    outer loop
      vertex 73.9532 35.7729 2.4
      vertex 73.773 35.338 26.09
      vertex 73.773 35.338 2.4
    endloop
  endfacet
  facet normal -0.0783858 -0.996923 0
    outer loop
      vertex 70.6307 33.7369 2.4
      vertex 71.1 33.7 26.09
      vertex 70.6307 33.7369 26.09
    endloop
  endfacet
  facet normal -0.0783858 -0.996923 -0
    outer loop
      vertex 71.1 33.7 26.09
      vertex 70.6307 33.7369 2.4
      vertex 71.1 33.7 2.4
    endloop
  endfacet
  facet normal -0.522378 -0.852714 0
    outer loop
      vertex 69.3366 34.2729 2.4
      vertex 69.738 34.027 26.09
      vertex 69.3366 34.2729 26.09
    endloop
  endfacet
  facet normal -0.522378 -0.852714 -0
    outer loop
      vertex 69.738 34.027 26.09
      vertex 69.3366 34.2729 2.4
      vertex 69.738 34.027 2.4
    endloop
  endfacet
  facet normal -0.923836 -0.38279 0
    outer loop
      vertex 68.427 35.338 2.4
      vertex 68.2468 35.7729 26.09
      vertex 68.2468 35.7729 2.4
    endloop
  endfacet
  facet normal -0.923836 -0.38279 0
    outer loop
      vertex 68.2468 35.7729 26.09
      vertex 68.427 35.338 2.4
      vertex 68.427 35.338 26.09
    endloop
  endfacet
  facet normal -0.996923 -0.0783858 0
    outer loop
      vertex 68.1369 36.2307 2.4
      vertex 68.1 36.7 26.09
      vertex 68.1 36.7 2.4
    endloop
  endfacet
  facet normal -0.996923 -0.0783858 0
    outer loop
      vertex 68.1 36.7 26.09
      vertex 68.1369 36.2307 2.4
      vertex 68.1369 36.2307 26.09
    endloop
  endfacet
  facet normal -0.76038 -0.649478 0
    outer loop
      vertex 68.9787 34.5787 2.4
      vertex 68.673 34.9366 26.09
      vertex 68.673 34.9366 2.4
    endloop
  endfacet
  facet normal -0.76038 -0.649478 0
    outer loop
      vertex 68.673 34.9366 26.09
      vertex 68.9787 34.5787 2.4
      vertex 68.9787 34.5787 26.09
    endloop
  endfacet
  facet normal 0 0 1
    outer loop
      vertex 72.5 36.7 26.09
      vertex 74.1 36.7 26.09
      vertex 74.0631 37.1693 26.09
    endloop
  endfacet
  facet normal 0 0 1
    outer loop
      vertex 72.4828 36.919 26.09
      vertex 74.0631 37.1693 26.09
      vertex 73.9532 37.6271 26.09
    endloop
  endfacet
  facet normal 0 0 1
    outer loop
      vertex 74.1 36.7 26.09
      vertex 72.5 36.7 26.09
      vertex 74.0631 36.2307 26.09
    endloop
  endfacet
  facet normal 0 0 1
    outer loop
      vertex 72.4315 37.1326 26.09
      vertex 73.9532 37.6271 26.09
      vertex 73.773 38.062 26.09
    endloop
  endfacet
  facet normal -0 0 1
    outer loop
      vertex 72.4828 36.481 26.09
      vertex 74.0631 36.2307 26.09
      vertex 72.5 36.7 26.09
    endloop
  endfacet
  facet normal 0 0 1
    outer loop
      vertex 72.3474 37.3356 26.09
      vertex 73.773 38.062 26.09
      vertex 73.5271 38.4634 26.09
    endloop
  endfacet
  facet normal 0 0 1
    outer loop
      vertex 74.0631 36.2307 26.09
      vertex 72.4828 36.481 26.09
      vertex 73.9532 35.7729 26.09
    endloop
  endfacet
  facet normal 0 0 1
    outer loop
      vertex 72.2326 37.5229 26.09
      vertex 73.5271 38.4634 26.09
      vertex 73.2213 38.8213 26.09
    endloop
  endfacet
  facet normal -0 0 1
    outer loop
      vertex 72.4315 36.2674 26.09
      vertex 73.9532 35.7729 26.09
      vertex 72.4828 36.481 26.09
    endloop
  endfacet
  facet normal 0 0 1
    outer loop
      vertex 72.09 37.6899 26.09
      vertex 73.2213 38.8213 26.09
      vertex 72.8634 39.1271 26.09
    endloop
  endfacet
  facet normal 0 0 1
    outer loop
      vertex 73.9532 35.7729 26.09
      vertex 72.4315 36.2674 26.09
      vertex 73.773 35.338 26.09
    endloop
  endfacet
  facet normal -0 0 1
    outer loop
      vertex 72.3474 36.0644 26.09
      vertex 73.773 35.338 26.09
      vertex 72.4315 36.2674 26.09
    endloop
  endfacet
  facet normal 0 0 1
    outer loop
      vertex 74.0631 37.1693 26.09
      vertex 72.4828 36.919 26.09
      vertex 72.5 36.7 26.09
    endloop
  endfacet
  facet normal 0 0 1
    outer loop
      vertex 71.9229 37.8326 26.09
      vertex 72.8634 39.1271 26.09
      vertex 72.462 39.373 26.09
    endloop
  endfacet
  facet normal 0 0 1
    outer loop
      vertex 73.9532 37.6271 26.09
      vertex 72.4315 37.1326 26.09
      vertex 72.4828 36.919 26.09
    endloop
  endfacet
  facet normal 0 0 1
    outer loop
      vertex 73.773 38.062 26.09
      vertex 72.3474 37.3356 26.09
      vertex 72.4315 37.1326 26.09
    endloop
  endfacet
  facet normal 0 0 1
    outer loop
      vertex 73.5271 38.4634 26.09
      vertex 72.2326 37.5229 26.09
      vertex 72.3474 37.3356 26.09
    endloop
  endfacet
  facet normal 0 0 1
    outer loop
      vertex 73.2213 38.8213 26.09
      vertex 72.09 37.6899 26.09
      vertex 72.2326 37.5229 26.09
    endloop
  endfacet
  facet normal 0 0 1
    outer loop
      vertex 71.7356 37.9474 26.09
      vertex 72.462 39.373 26.09
      vertex 72.0271 39.5532 26.09
    endloop
  endfacet
  facet normal 0 0 1
    outer loop
      vertex 72.8634 39.1271 26.09
      vertex 71.9229 37.8326 26.09
      vertex 72.09 37.6899 26.09
    endloop
  endfacet
  facet normal 0 0 1
    outer loop
      vertex 72.462 39.373 26.09
      vertex 71.7356 37.9474 26.09
      vertex 71.9229 37.8326 26.09
    endloop
  endfacet
  facet normal 0 0 1
    outer loop
      vertex 71.5326 38.0315 26.09
      vertex 72.0271 39.5532 26.09
      vertex 71.5693 39.6631 26.09
    endloop
  endfacet
  facet normal 0 0 1
    outer loop
      vertex 72.0271 39.5532 26.09
      vertex 71.5326 38.0315 26.09
      vertex 71.7356 37.9474 26.09
    endloop
  endfacet
  facet normal 0 0 1
    outer loop
      vertex 71.5693 39.6631 26.09
      vertex 71.319 38.0828 26.09
      vertex 71.5326 38.0315 26.09
    endloop
  endfacet
  facet normal 0 0 1
    outer loop
      vertex 71.1 39.7 26.09
      vertex 71.319 38.0828 26.09
      vertex 71.5693 39.6631 26.09
    endloop
  endfacet
  facet normal 0 0 1
    outer loop
      vertex 71.1 39.7 26.09
      vertex 71.1 38.1 26.09
      vertex 71.319 38.0828 26.09
    endloop
  endfacet
  facet normal 0 0 1
    outer loop
      vertex 71.1 39.7 26.09
      vertex 70.881 38.0828 26.09
      vertex 71.1 38.1 26.09
    endloop
  endfacet
  facet normal -0 0 1
    outer loop
      vertex 70.6307 39.6631 26.09
      vertex 70.881 38.0828 26.09
      vertex 71.1 39.7 26.09
    endloop
  endfacet
  facet normal 0 0 1
    outer loop
      vertex 70.881 38.0828 26.09
      vertex 70.6307 39.6631 26.09
      vertex 70.6674 38.0315 26.09
    endloop
  endfacet
  facet normal -0 0 1
    outer loop
      vertex 70.173 39.5532 26.09
      vertex 70.6674 38.0315 26.09
      vertex 70.6307 39.6631 26.09
    endloop
  endfacet
  facet normal 0 0 1
    outer loop
      vertex 70.6674 38.0315 26.09
      vertex 70.173 39.5532 26.09
      vertex 70.4644 37.9474 26.09
    endloop
  endfacet
  facet normal -0 0 1
    outer loop
      vertex 69.738 39.373 26.09
      vertex 70.4644 37.9474 26.09
      vertex 70.173 39.5532 26.09
    endloop
  endfacet
  facet normal 0 0 1
    outer loop
      vertex 70.4644 37.9474 26.09
      vertex 69.738 39.373 26.09
      vertex 70.2771 37.8326 26.09
    endloop
  endfacet
  facet normal -0 0 1
    outer loop
      vertex 69.3366 39.1271 26.09
      vertex 70.2771 37.8326 26.09
      vertex 69.738 39.373 26.09
    endloop
  endfacet
  facet normal 0 0 1
    outer loop
      vertex 70.2771 37.8326 26.09
      vertex 69.3366 39.1271 26.09
      vertex 70.1101 37.6899 26.09
    endloop
  endfacet
  facet normal -0 0 1
    outer loop
      vertex 68.9787 38.8213 26.09
      vertex 70.1101 37.6899 26.09
      vertex 69.3366 39.1271 26.09
    endloop
  endfacet
  facet normal 0 0 1
    outer loop
      vertex 70.1101 37.6899 26.09
      vertex 68.9787 38.8213 26.09
      vertex 69.9674 37.5229 26.09
    endloop
  endfacet
  facet normal -0 0 1
    outer loop
      vertex 68.673 38.4634 26.09
      vertex 69.9674 37.5229 26.09
      vertex 68.9787 38.8213 26.09
    endloop
  endfacet
  facet normal 0 0 1
    outer loop
      vertex 69.9674 37.5229 26.09
      vertex 68.673 38.4634 26.09
      vertex 69.8526 37.3356 26.09
    endloop
  endfacet
  facet normal -0 0 1
    outer loop
      vertex 68.427 38.062 26.09
      vertex 69.8526 37.3356 26.09
      vertex 68.673 38.4634 26.09
    endloop
  endfacet
  facet normal 0 0 1
    outer loop
      vertex 73.773 35.338 26.09
      vertex 72.3474 36.0644 26.09
      vertex 73.5271 34.9366 26.09
    endloop
  endfacet
  facet normal -0 0 1
    outer loop
      vertex 72.2326 35.8771 26.09
      vertex 73.5271 34.9366 26.09
      vertex 72.3474 36.0644 26.09
    endloop
  endfacet
  facet normal 0 0 1
    outer loop
      vertex 73.5271 34.9366 26.09
      vertex 72.2326 35.8771 26.09
      vertex 73.2213 34.5787 26.09
    endloop
  endfacet
  facet normal -0 0 1
    outer loop
      vertex 72.09 35.7101 26.09
      vertex 73.2213 34.5787 26.09
      vertex 72.2326 35.8771 26.09
    endloop
  endfacet
  facet normal 0 0 1
    outer loop
      vertex 73.2213 34.5787 26.09
      vertex 72.09 35.7101 26.09
      vertex 72.8634 34.2729 26.09
    endloop
  endfacet
  facet normal -0 0 1
    outer loop
      vertex 71.9229 35.5674 26.09
      vertex 72.8634 34.2729 26.09
      vertex 72.09 35.7101 26.09
    endloop
  endfacet
  facet normal 0 0 1
    outer loop
      vertex 72.8634 34.2729 26.09
      vertex 71.9229 35.5674 26.09
      vertex 72.462 34.027 26.09
    endloop
  endfacet
  facet normal -0 0 1
    outer loop
      vertex 71.7356 35.4526 26.09
      vertex 72.462 34.027 26.09
      vertex 71.9229 35.5674 26.09
    endloop
  endfacet
  facet normal 0 0 1
    outer loop
      vertex 72.462 34.027 26.09
      vertex 71.7356 35.4526 26.09
      vertex 72.0271 33.8468 26.09
    endloop
  endfacet
  facet normal -0 0 1
    outer loop
      vertex 71.5326 35.3685 26.09
      vertex 72.0271 33.8468 26.09
      vertex 71.7356 35.4526 26.09
    endloop
  endfacet
  facet normal 0 0 1
    outer loop
      vertex 72.0271 33.8468 26.09
      vertex 71.5326 35.3685 26.09
      vertex 71.5693 33.7369 26.09
    endloop
  endfacet
  facet normal -0 0 1
    outer loop
      vertex 71.319 35.3172 26.09
      vertex 71.5693 33.7369 26.09
      vertex 71.5326 35.3685 26.09
    endloop
  endfacet
  facet normal -0 0 1
    outer loop
      vertex 71.1 35.3 26.09
      vertex 71.5693 33.7369 26.09
      vertex 71.319 35.3172 26.09
    endloop
  endfacet
  facet normal 0 0 1
    outer loop
      vertex 71.1 35.3 26.09
      vertex 71.1 33.7 26.09
      vertex 71.5693 33.7369 26.09
    endloop
  endfacet
  facet normal 0 0 1
    outer loop
      vertex 70.881 35.3172 26.09
      vertex 71.1 33.7 26.09
      vertex 71.1 35.3 26.09
    endloop
  endfacet
  facet normal 0 0 1
    outer loop
      vertex 70.6307 33.7369 26.09
      vertex 70.881 35.3172 26.09
      vertex 70.6674 35.3685 26.09
    endloop
  endfacet
  facet normal 0 0 1
    outer loop
      vertex 70.881 35.3172 26.09
      vertex 70.6307 33.7369 26.09
      vertex 71.1 33.7 26.09
    endloop
  endfacet
  facet normal 0 0 1
    outer loop
      vertex 70.173 33.8468 26.09
      vertex 70.6674 35.3685 26.09
      vertex 70.4644 35.4526 26.09
    endloop
  endfacet
  facet normal 0 0 1
    outer loop
      vertex 69.738 34.027 26.09
      vertex 70.4644 35.4526 26.09
      vertex 70.2771 35.5674 26.09
    endloop
  endfacet
  facet normal 0 0 1
    outer loop
      vertex 70.6674 35.3685 26.09
      vertex 70.173 33.8468 26.09
      vertex 70.6307 33.7369 26.09
    endloop
  endfacet
  facet normal 0 0 1
    outer loop
      vertex 69.3366 34.2729 26.09
      vertex 70.2771 35.5674 26.09
      vertex 70.1101 35.7101 26.09
    endloop
  endfacet
  facet normal 0 0 1
    outer loop
      vertex 68.9787 34.5787 26.09
      vertex 70.1101 35.7101 26.09
      vertex 69.9674 35.8771 26.09
    endloop
  endfacet
  facet normal 0 0 1
    outer loop
      vertex 68.673 34.9366 26.09
      vertex 69.9674 35.8771 26.09
      vertex 69.8526 36.0644 26.09
    endloop
  endfacet
  facet normal 0 0 1
    outer loop
      vertex 68.427 35.338 26.09
      vertex 69.8526 36.0644 26.09
      vertex 69.7685 36.2674 26.09
    endloop
  endfacet
  facet normal 0 0 1
    outer loop
      vertex 70.4644 35.4526 26.09
      vertex 69.738 34.027 26.09
      vertex 70.173 33.8468 26.09
    endloop
  endfacet
  facet normal 0 0 1
    outer loop
      vertex 68.2468 35.7729 26.09
      vertex 69.7685 36.2674 26.09
      vertex 69.7172 36.481 26.09
    endloop
  endfacet
  facet normal 0 0 1
    outer loop
      vertex 68.1369 36.2307 26.09
      vertex 69.7172 36.481 26.09
      vertex 69.7 36.7 26.09
    endloop
  endfacet
  facet normal 0 0 1
    outer loop
      vertex 69.8526 37.3356 26.09
      vertex 68.427 38.062 26.09
      vertex 69.7685 37.1326 26.09
    endloop
  endfacet
  facet normal 0 0 1
    outer loop
      vertex 70.2771 35.5674 26.09
      vertex 69.3366 34.2729 26.09
      vertex 69.738 34.027 26.09
    endloop
  endfacet
  facet normal -0 0 1
    outer loop
      vertex 68.2468 37.6271 26.09
      vertex 69.7685 37.1326 26.09
      vertex 68.427 38.062 26.09
    endloop
  endfacet
  facet normal 0 0 1
    outer loop
      vertex 70.1101 35.7101 26.09
      vertex 68.9787 34.5787 26.09
      vertex 69.3366 34.2729 26.09
    endloop
  endfacet
  facet normal 0 0 1
    outer loop
      vertex 69.7685 37.1326 26.09
      vertex 68.2468 37.6271 26.09
      vertex 69.7172 36.919 26.09
    endloop
  endfacet
  facet normal 0 0 1
    outer loop
      vertex 69.9674 35.8771 26.09
      vertex 68.673 34.9366 26.09
      vertex 68.9787 34.5787 26.09
    endloop
  endfacet
  facet normal -0 0 1
    outer loop
      vertex 68.1369 37.1693 26.09
      vertex 69.7172 36.919 26.09
      vertex 68.2468 37.6271 26.09
    endloop
  endfacet
  facet normal 0 0 1
    outer loop
      vertex 69.8526 36.0644 26.09
      vertex 68.427 35.338 26.09
      vertex 68.673 34.9366 26.09
    endloop
  endfacet
  facet normal 0 0 1
    outer loop
      vertex 69.7172 36.919 26.09
      vertex 68.1369 37.1693 26.09
      vertex 69.7 36.7 26.09
    endloop
  endfacet
  facet normal 0 0 1
    outer loop
      vertex 69.7685 36.2674 26.09
      vertex 68.2468 35.7729 26.09
      vertex 68.427 35.338 26.09
    endloop
  endfacet
  facet normal 0 0 1
    outer loop
      vertex 68.1 36.7 26.09
      vertex 69.7 36.7 26.09
      vertex 68.1369 37.1693 26.09
    endloop
  endfacet
  facet normal 0 0 1
    outer loop
      vertex 69.7172 36.481 26.09
      vertex 68.1369 36.2307 26.09
      vertex 68.2468 35.7729 26.09
    endloop
  endfacet
  facet normal 0 0 1
    outer loop
      vertex 69.7 36.7 26.09
      vertex 68.1 36.7 26.09
      vertex 68.1369 36.2307 26.09
    endloop
  endfacet
  facet normal -0.972374 0.233429 0
    outer loop
      vertex 68.1369 37.1693 2.4
      vertex 68.2468 37.6271 26.09
      vertex 68.2468 37.6271 2.4
    endloop
  endfacet
  facet normal -0.972374 0.233429 0
    outer loop
      vertex 68.2468 37.6271 26.09
      vertex 68.1369 37.1693 2.4
      vertex 68.1369 37.1693 26.09
    endloop
  endfacet
  facet normal 0.996923 -0.0783858 0
    outer loop
      vertex 74.0631 36.2307 26.09
      vertex 74.1 36.7 2.4
      vertex 74.1 36.7 26.09
    endloop
  endfacet
  facet normal 0.996923 -0.0783858 0
    outer loop
      vertex 74.1 36.7 2.4
      vertex 74.0631 36.2307 26.09
      vertex 74.0631 36.2307 2.4
    endloop
  endfacet
  facet normal -0.649404 -0.760444 0
    outer loop
      vertex 71.9229 37.8326 12.11
      vertex 72.09 37.6899 26.09
      vertex 71.9229 37.8326 26.09
    endloop
  endfacet
  facet normal -0.649404 -0.760444 -0
    outer loop
      vertex 72.09 37.6899 26.09
      vertex 71.9229 37.8326 12.11
      vertex 72.09 37.6899 12.11
    endloop
  endfacet
  facet normal 0.97235 -0.233528 0
    outer loop
      vertex 69.7172 36.919 26.09
      vertex 69.7685 37.1326 12.11
      vertex 69.7685 37.1326 26.09
    endloop
  endfacet
  facet normal 0.97235 -0.233528 0
    outer loop
      vertex 69.7685 37.1326 12.11
      vertex 69.7172 36.919 26.09
      vertex 69.7172 36.919 12.11
    endloop
  endfacet
  facet normal 0.233528 0.97235 -0
    outer loop
      vertex 70.881 35.3172 12.11
      vertex 70.6674 35.3685 26.09
      vertex 70.881 35.3172 26.09
    endloop
  endfacet
  facet normal 0.233528 0.97235 0
    outer loop
      vertex 70.6674 35.3685 26.09
      vertex 70.881 35.3172 12.11
      vertex 70.6674 35.3685 12.11
    endloop
  endfacet
  facet normal 0.233528 -0.97235 0
    outer loop
      vertex 70.6674 38.0315 12.11
      vertex 70.881 38.0828 26.09
      vertex 70.6674 38.0315 26.09
    endloop
  endfacet
  facet normal 0.233528 -0.97235 0
    outer loop
      vertex 70.881 38.0828 26.09
      vertex 70.6674 38.0315 12.11
      vertex 70.881 38.0828 12.11
    endloop
  endfacet
  facet normal 0.923856 -0.38274 0
    outer loop
      vertex 69.7685 37.1326 26.09
      vertex 69.8526 37.3356 12.11
      vertex 69.8526 37.3356 26.09
    endloop
  endfacet
  facet normal 0.923856 -0.38274 0
    outer loop
      vertex 69.8526 37.3356 12.11
      vertex 69.7685 37.1326 26.09
      vertex 69.7685 37.1326 12.11
    endloop
  endfacet
  facet normal -0.923856 0.38274 0
    outer loop
      vertex 72.3474 36.0644 12.11
      vertex 72.4315 36.2674 26.09
      vertex 72.4315 36.2674 12.11
    endloop
  endfacet
  facet normal -0.923856 0.38274 0
    outer loop
      vertex 72.4315 36.2674 26.09
      vertex 72.3474 36.0644 12.11
      vertex 72.3474 36.0644 26.09
    endloop
  endfacet
  facet normal 0.38274 0.923856 -0
    outer loop
      vertex 70.6674 35.3685 12.11
      vertex 70.4644 35.4526 26.09
      vertex 70.6674 35.3685 26.09
    endloop
  endfacet
  facet normal 0.38274 0.923856 0
    outer loop
      vertex 70.4644 35.4526 26.09
      vertex 70.6674 35.3685 12.11
      vertex 70.4644 35.4526 12.11
    endloop
  endfacet
  facet normal -0.923856 -0.38274 0
    outer loop
      vertex 72.4315 37.1326 12.11
      vertex 72.3474 37.3356 26.09
      vertex 72.3474 37.3356 12.11
    endloop
  endfacet
  facet normal -0.923856 -0.38274 0
    outer loop
      vertex 72.3474 37.3356 26.09
      vertex 72.4315 37.1326 12.11
      vertex 72.4315 37.1326 26.09
    endloop
  endfacet
  facet normal -0.852595 -0.522573 0
    outer loop
      vertex 72.3474 37.3356 12.11
      vertex 72.2326 37.5229 26.09
      vertex 72.2326 37.5229 12.11
    endloop
  endfacet
  facet normal -0.852595 -0.522573 0
    outer loop
      vertex 72.2326 37.5229 26.09
      vertex 72.3474 37.3356 12.11
      vertex 72.3474 37.3356 26.09
    endloop
  endfacet
  facet normal -0.760477 -0.649365 0
    outer loop
      vertex 72.2326 37.5229 12.11
      vertex 72.09 37.6899 26.09
      vertex 72.09 37.6899 12.11
    endloop
  endfacet
  facet normal -0.760477 -0.649365 0
    outer loop
      vertex 72.09 37.6899 26.09
      vertex 72.2326 37.5229 12.11
      vertex 72.2326 37.5229 26.09
    endloop
  endfacet
  facet normal -0.38274 -0.923856 0
    outer loop
      vertex 71.5326 38.0315 12.11
      vertex 71.7356 37.9474 26.09
      vertex 71.5326 38.0315 26.09
    endloop
  endfacet
  facet normal -0.38274 -0.923856 -0
    outer loop
      vertex 71.7356 37.9474 26.09
      vertex 71.5326 38.0315 12.11
      vertex 71.7356 37.9474 12.11
    endloop
  endfacet
  facet normal -0.0782977 -0.99693 0
    outer loop
      vertex 71.1 38.1 12.11
      vertex 71.319 38.0828 26.09
      vertex 71.1 38.1 26.09
    endloop
  endfacet
  facet normal -0.0782977 -0.99693 -0
    outer loop
      vertex 71.319 38.0828 26.09
      vertex 71.1 38.1 12.11
      vertex 71.319 38.0828 12.11
    endloop
  endfacet
  facet normal -0.233528 -0.97235 0
    outer loop
      vertex 71.319 38.0828 12.11
      vertex 71.5326 38.0315 26.09
      vertex 71.319 38.0828 26.09
    endloop
  endfacet
  facet normal -0.233528 -0.97235 -0
    outer loop
      vertex 71.5326 38.0315 26.09
      vertex 71.319 38.0828 12.11
      vertex 71.5326 38.0315 12.11
    endloop
  endfacet
  facet normal 0.99693 -0.0782977 0
    outer loop
      vertex 69.7 36.7 26.09
      vertex 69.7172 36.919 12.11
      vertex 69.7172 36.919 26.09
    endloop
  endfacet
  facet normal 0.99693 -0.0782977 0
    outer loop
      vertex 69.7172 36.919 12.11
      vertex 69.7 36.7 26.09
      vertex 69.7 36.7 12.11
    endloop
  endfacet
  facet normal 0.760252 -0.649628 0
    outer loop
      vertex 69.9674 37.5229 26.09
      vertex 70.1101 37.6899 12.11
      vertex 70.1101 37.6899 26.09
    endloop
  endfacet
  facet normal 0.760252 -0.649628 0
    outer loop
      vertex 70.1101 37.6899 12.11
      vertex 69.9674 37.5229 26.09
      vertex 69.9674 37.5229 12.11
    endloop
  endfacet
  facet normal 0.0782977 -0.99693 0
    outer loop
      vertex 70.881 38.0828 12.11
      vertex 71.1 38.1 26.09
      vertex 70.881 38.0828 26.09
    endloop
  endfacet
  facet normal 0.0782977 -0.99693 0
    outer loop
      vertex 71.1 38.1 26.09
      vertex 70.881 38.0828 12.11
      vertex 71.1 38.1 12.11
    endloop
  endfacet
  facet normal 0.649628 -0.760252 0
    outer loop
      vertex 70.1101 37.6899 12.11
      vertex 70.2771 37.8326 26.09
      vertex 70.1101 37.6899 26.09
    endloop
  endfacet
  facet normal 0.649628 -0.760252 0
    outer loop
      vertex 70.2771 37.8326 26.09
      vertex 70.1101 37.6899 12.11
      vertex 70.2771 37.8326 12.11
    endloop
  endfacet
  facet normal -0.99693 -0.0782977 0
    outer loop
      vertex 72.5 36.7 12.11
      vertex 72.4828 36.919 26.09
      vertex 72.4828 36.919 12.11
    endloop
  endfacet
  facet normal -0.99693 -0.0782977 0
    outer loop
      vertex 72.4828 36.919 26.09
      vertex 72.5 36.7 12.11
      vertex 72.5 36.7 26.09
    endloop
  endfacet
  facet normal -0.0782977 0.99693 0
    outer loop
      vertex 71.319 35.3172 12.11
      vertex 71.1 35.3 26.09
      vertex 71.319 35.3172 26.09
    endloop
  endfacet
  facet normal -0.0782977 0.99693 0
    outer loop
      vertex 71.1 35.3 26.09
      vertex 71.319 35.3172 12.11
      vertex 71.1 35.3 12.11
    endloop
  endfacet
  facet normal -0.233528 0.97235 0
    outer loop
      vertex 71.5326 35.3685 12.11
      vertex 71.319 35.3172 26.09
      vertex 71.5326 35.3685 26.09
    endloop
  endfacet
  facet normal -0.233528 0.97235 0
    outer loop
      vertex 71.319 35.3172 26.09
      vertex 71.5326 35.3685 12.11
      vertex 71.319 35.3172 12.11
    endloop
  endfacet
  facet normal -0.760477 0.649365 0
    outer loop
      vertex 72.09 35.7101 12.11
      vertex 72.2326 35.8771 26.09
      vertex 72.2326 35.8771 12.11
    endloop
  endfacet
  facet normal -0.760477 0.649365 0
    outer loop
      vertex 72.2326 35.8771 26.09
      vertex 72.09 35.7101 12.11
      vertex 72.09 35.7101 26.09
    endloop
  endfacet
  facet normal 0.0782977 0.99693 -0
    outer loop
      vertex 71.1 35.3 12.11
      vertex 70.881 35.3172 26.09
      vertex 71.1 35.3 26.09
    endloop
  endfacet
  facet normal 0.0782977 0.99693 0
    outer loop
      vertex 70.881 35.3172 26.09
      vertex 71.1 35.3 12.11
      vertex 70.881 35.3172 12.11
    endloop
  endfacet
  facet normal 0.649628 0.760252 -0
    outer loop
      vertex 70.2771 35.5674 12.11
      vertex 70.1101 35.7101 26.09
      vertex 70.2771 35.5674 26.09
    endloop
  endfacet
  facet normal 0.649628 0.760252 0
    outer loop
      vertex 70.1101 35.7101 26.09
      vertex 70.2771 35.5674 12.11
      vertex 70.1101 35.7101 12.11
    endloop
  endfacet
  facet normal 0.99693 0.0782977 0
    outer loop
      vertex 69.7172 36.481 26.09
      vertex 69.7 36.7 12.11
      vertex 69.7 36.7 26.09
    endloop
  endfacet
  facet normal 0.99693 0.0782977 0
    outer loop
      vertex 69.7 36.7 12.11
      vertex 69.7172 36.481 26.09
      vertex 69.7172 36.481 12.11
    endloop
  endfacet
  facet normal 0 0 1
    outer loop
      vertex 72.4828 36.919 12.11
      vertex 72.4828 36.481 12.11
      vertex 72.5 36.7 12.11
    endloop
  endfacet
  facet normal 0 0 1
    outer loop
      vertex 72.4315 37.1326 12.11
      vertex 72.4828 36.481 12.11
      vertex 72.4828 36.919 12.11
    endloop
  endfacet
  facet normal 0 0 1
    outer loop
      vertex 72.4315 37.1326 12.11
      vertex 72.4315 36.2674 12.11
      vertex 72.4828 36.481 12.11
    endloop
  endfacet
  facet normal 0 0 1
    outer loop
      vertex 72.3474 37.3356 12.11
      vertex 72.4315 36.2674 12.11
      vertex 72.4315 37.1326 12.11
    endloop
  endfacet
  facet normal 0 0 1
    outer loop
      vertex 72.3474 37.3356 12.11
      vertex 72.3474 36.0644 12.11
      vertex 72.4315 36.2674 12.11
    endloop
  endfacet
  facet normal 0 0 1
    outer loop
      vertex 72.2326 37.5229 12.11
      vertex 72.3474 36.0644 12.11
      vertex 72.3474 37.3356 12.11
    endloop
  endfacet
  facet normal 0 0 1
    outer loop
      vertex 72.2326 37.5229 12.11
      vertex 72.2326 35.8771 12.11
      vertex 72.3474 36.0644 12.11
    endloop
  endfacet
  facet normal 0 0 1
    outer loop
      vertex 72.09 37.6899 12.11
      vertex 72.2326 35.8771 12.11
      vertex 72.2326 37.5229 12.11
    endloop
  endfacet
  facet normal 0 0 1
    outer loop
      vertex 72.09 37.6899 12.11
      vertex 72.09 35.7101 12.11
      vertex 72.2326 35.8771 12.11
    endloop
  endfacet
  facet normal 0 0 1
    outer loop
      vertex 71.9229 37.8326 12.11
      vertex 72.09 35.7101 12.11
      vertex 72.09 37.6899 12.11
    endloop
  endfacet
  facet normal 0 0 1
    outer loop
      vertex 71.9229 37.8326 12.11
      vertex 71.9229 35.5674 12.11
      vertex 72.09 35.7101 12.11
    endloop
  endfacet
  facet normal 0 0 1
    outer loop
      vertex 71.7356 37.9474 12.11
      vertex 71.9229 35.5674 12.11
      vertex 71.9229 37.8326 12.11
    endloop
  endfacet
  facet normal 0 0 1
    outer loop
      vertex 71.7356 37.9474 12.11
      vertex 71.7356 35.4526 12.11
      vertex 71.9229 35.5674 12.11
    endloop
  endfacet
  facet normal 0 0 1
    outer loop
      vertex 71.5326 38.0315 12.11
      vertex 71.7356 35.4526 12.11
      vertex 71.7356 37.9474 12.11
    endloop
  endfacet
  facet normal 0 0 1
    outer loop
      vertex 71.5326 38.0315 12.11
      vertex 71.5326 35.3685 12.11
      vertex 71.7356 35.4526 12.11
    endloop
  endfacet
  facet normal 0 0 1
    outer loop
      vertex 71.319 38.0828 12.11
      vertex 71.5326 35.3685 12.11
      vertex 71.5326 38.0315 12.11
    endloop
  endfacet
  facet normal 0 0 1
    outer loop
      vertex 71.319 38.0828 12.11
      vertex 71.319 35.3172 12.11
      vertex 71.5326 35.3685 12.11
    endloop
  endfacet
  facet normal 0 0 1
    outer loop
      vertex 71.1 38.1 12.11
      vertex 71.319 35.3172 12.11
      vertex 71.319 38.0828 12.11
    endloop
  endfacet
  facet normal 0 0 1
    outer loop
      vertex 71.1 38.1 12.11
      vertex 71.1 35.3 12.11
      vertex 71.319 35.3172 12.11
    endloop
  endfacet
  facet normal -0 0 1
    outer loop
      vertex 70.881 38.0828 12.11
      vertex 71.1 35.3 12.11
      vertex 71.1 38.1 12.11
    endloop
  endfacet
  facet normal 0 0 1
    outer loop
      vertex 70.881 38.0828 12.11
      vertex 70.881 35.3172 12.11
      vertex 71.1 35.3 12.11
    endloop
  endfacet
  facet normal -0 0 1
    outer loop
      vertex 70.6674 38.0315 12.11
      vertex 70.881 35.3172 12.11
      vertex 70.881 38.0828 12.11
    endloop
  endfacet
  facet normal 0 0 1
    outer loop
      vertex 70.6674 38.0315 12.11
      vertex 70.6674 35.3685 12.11
      vertex 70.881 35.3172 12.11
    endloop
  endfacet
  facet normal -0 0 1
    outer loop
      vertex 70.4644 37.9474 12.11
      vertex 70.6674 35.3685 12.11
      vertex 70.6674 38.0315 12.11
    endloop
  endfacet
  facet normal 0 0 1
    outer loop
      vertex 70.4644 37.9474 12.11
      vertex 70.4644 35.4526 12.11
      vertex 70.6674 35.3685 12.11
    endloop
  endfacet
  facet normal -0 0 1
    outer loop
      vertex 70.2771 37.8326 12.11
      vertex 70.4644 35.4526 12.11
      vertex 70.4644 37.9474 12.11
    endloop
  endfacet
  facet normal 0 0 1
    outer loop
      vertex 70.2771 37.8326 12.11
      vertex 70.2771 35.5674 12.11
      vertex 70.4644 35.4526 12.11
    endloop
  endfacet
  facet normal -0 0 1
    outer loop
      vertex 70.1101 37.6899 12.11
      vertex 70.2771 35.5674 12.11
      vertex 70.2771 37.8326 12.11
    endloop
  endfacet
  facet normal 0 0 1
    outer loop
      vertex 70.1101 37.6899 12.11
      vertex 70.1101 35.7101 12.11
      vertex 70.2771 35.5674 12.11
    endloop
  endfacet
  facet normal -0 0 1
    outer loop
      vertex 69.9674 37.5229 12.11
      vertex 70.1101 35.7101 12.11
      vertex 70.1101 37.6899 12.11
    endloop
  endfacet
  facet normal 0 0 1
    outer loop
      vertex 69.9674 37.5229 12.11
      vertex 69.9674 35.8771 12.11
      vertex 70.1101 35.7101 12.11
    endloop
  endfacet
  facet normal -0 0 1
    outer loop
      vertex 69.8526 37.3356 12.11
      vertex 69.9674 35.8771 12.11
      vertex 69.9674 37.5229 12.11
    endloop
  endfacet
  facet normal 0 0 1
    outer loop
      vertex 69.8526 37.3356 12.11
      vertex 69.8526 36.0644 12.11
      vertex 69.9674 35.8771 12.11
    endloop
  endfacet
  facet normal -0 0 1
    outer loop
      vertex 69.7685 37.1326 12.11
      vertex 69.8526 36.0644 12.11
      vertex 69.8526 37.3356 12.11
    endloop
  endfacet
  facet normal 0 0 1
    outer loop
      vertex 69.7685 37.1326 12.11
      vertex 69.7685 36.2674 12.11
      vertex 69.8526 36.0644 12.11
    endloop
  endfacet
  facet normal -0 0 1
    outer loop
      vertex 69.7172 36.919 12.11
      vertex 69.7685 36.2674 12.11
      vertex 69.7685 37.1326 12.11
    endloop
  endfacet
  facet normal 0 0 1
    outer loop
      vertex 69.7172 36.919 12.11
      vertex 69.7172 36.481 12.11
      vertex 69.7685 36.2674 12.11
    endloop
  endfacet
  facet normal 0 -0 1
    outer loop
      vertex 69.7172 36.481 12.11
      vertex 69.7172 36.919 12.11
      vertex 69.7 36.7 12.11
    endloop
  endfacet
  facet normal -0.97235 -0.233528 0
    outer loop
      vertex 72.4828 36.919 12.11
      vertex 72.4315 37.1326 26.09
      vertex 72.4315 37.1326 12.11
    endloop
  endfacet
  facet normal -0.97235 -0.233528 0
    outer loop
      vertex 72.4315 37.1326 26.09
      vertex 72.4828 36.919 12.11
      vertex 72.4828 36.919 26.09
    endloop
  endfacet
  facet normal -0.522573 -0.852595 0
    outer loop
      vertex 71.7356 37.9474 12.11
      vertex 71.9229 37.8326 26.09
      vertex 71.7356 37.9474 26.09
    endloop
  endfacet
  facet normal -0.522573 -0.852595 -0
    outer loop
      vertex 71.9229 37.8326 26.09
      vertex 71.7356 37.9474 12.11
      vertex 71.9229 37.8326 12.11
    endloop
  endfacet
  facet normal 0.852595 -0.522573 0
    outer loop
      vertex 69.8526 37.3356 26.09
      vertex 69.9674 37.5229 12.11
      vertex 69.9674 37.5229 26.09
    endloop
  endfacet
  facet normal 0.852595 -0.522573 0
    outer loop
      vertex 69.9674 37.5229 12.11
      vertex 69.8526 37.3356 26.09
      vertex 69.8526 37.3356 12.11
    endloop
  endfacet
  facet normal 0.522573 -0.852595 0
    outer loop
      vertex 70.2771 37.8326 12.11
      vertex 70.4644 37.9474 26.09
      vertex 70.2771 37.8326 26.09
    endloop
  endfacet
  facet normal 0.522573 -0.852595 0
    outer loop
      vertex 70.4644 37.9474 26.09
      vertex 70.2771 37.8326 12.11
      vertex 70.4644 37.9474 12.11
    endloop
  endfacet
  facet normal 0.38274 -0.923856 0
    outer loop
      vertex 70.4644 37.9474 12.11
      vertex 70.6674 38.0315 26.09
      vertex 70.4644 37.9474 26.09
    endloop
  endfacet
  facet normal 0.38274 -0.923856 0
    outer loop
      vertex 70.6674 38.0315 26.09
      vertex 70.4644 37.9474 12.11
      vertex 70.6674 38.0315 12.11
    endloop
  endfacet
  facet normal -0.97235 0.233528 0
    outer loop
      vertex 72.4315 36.2674 12.11
      vertex 72.4828 36.481 26.09
      vertex 72.4828 36.481 12.11
    endloop
  endfacet
  facet normal -0.97235 0.233528 0
    outer loop
      vertex 72.4828 36.481 26.09
      vertex 72.4315 36.2674 12.11
      vertex 72.4315 36.2674 26.09
    endloop
  endfacet
  facet normal -0.649404 0.760444 0
    outer loop
      vertex 72.09 35.7101 12.11
      vertex 71.9229 35.5674 26.09
      vertex 72.09 35.7101 26.09
    endloop
  endfacet
  facet normal -0.649404 0.760444 0
    outer loop
      vertex 71.9229 35.5674 26.09
      vertex 72.09 35.7101 12.11
      vertex 71.9229 35.5674 12.11
    endloop
  endfacet
  facet normal -0.38274 0.923856 0
    outer loop
      vertex 71.7356 35.4526 12.11
      vertex 71.5326 35.3685 26.09
      vertex 71.7356 35.4526 26.09
    endloop
  endfacet
  facet normal -0.38274 0.923856 0
    outer loop
      vertex 71.5326 35.3685 26.09
      vertex 71.7356 35.4526 12.11
      vertex 71.5326 35.3685 12.11
    endloop
  endfacet
  facet normal -0.852595 0.522573 0
    outer loop
      vertex 72.2326 35.8771 12.11
      vertex 72.3474 36.0644 26.09
      vertex 72.3474 36.0644 12.11
    endloop
  endfacet
  facet normal -0.852595 0.522573 0
    outer loop
      vertex 72.3474 36.0644 26.09
      vertex 72.2326 35.8771 12.11
      vertex 72.2326 35.8771 26.09
    endloop
  endfacet
  facet normal 0.522573 0.852595 -0
    outer loop
      vertex 70.4644 35.4526 12.11
      vertex 70.2771 35.5674 26.09
      vertex 70.4644 35.4526 26.09
    endloop
  endfacet
  facet normal 0.522573 0.852595 0
    outer loop
      vertex 70.2771 35.5674 26.09
      vertex 70.4644 35.4526 12.11
      vertex 70.2771 35.5674 12.11
    endloop
  endfacet
  facet normal 0.97235 0.233528 0
    outer loop
      vertex 69.7685 36.2674 26.09
      vertex 69.7172 36.481 12.11
      vertex 69.7172 36.481 26.09
    endloop
  endfacet
  facet normal 0.97235 0.233528 0
    outer loop
      vertex 69.7172 36.481 12.11
      vertex 69.7685 36.2674 26.09
      vertex 69.7685 36.2674 12.11
    endloop
  endfacet
  facet normal 0.760252 0.649628 0
    outer loop
      vertex 70.1101 35.7101 26.09
      vertex 69.9674 35.8771 12.11
      vertex 69.9674 35.8771 26.09
    endloop
  endfacet
  facet normal 0.760252 0.649628 0
    outer loop
      vertex 69.9674 35.8771 12.11
      vertex 70.1101 35.7101 26.09
      vertex 70.1101 35.7101 12.11
    endloop
  endfacet
  facet normal 0.923856 0.38274 0
    outer loop
      vertex 69.8526 36.0644 26.09
      vertex 69.7685 36.2674 12.11
      vertex 69.7685 36.2674 26.09
    endloop
  endfacet
  facet normal 0.923856 0.38274 0
    outer loop
      vertex 69.7685 36.2674 12.11
      vertex 69.8526 36.0644 26.09
      vertex 69.8526 36.0644 12.11
    endloop
  endfacet
  facet normal -0.99693 0.0782977 0
    outer loop
      vertex 72.4828 36.481 12.11
      vertex 72.5 36.7 26.09
      vertex 72.5 36.7 12.11
    endloop
  endfacet
  facet normal -0.99693 0.0782977 0
    outer loop
      vertex 72.5 36.7 26.09
      vertex 72.4828 36.481 12.11
      vertex 72.4828 36.481 26.09
    endloop
  endfacet
  facet normal -0.522573 0.852595 0
    outer loop
      vertex 71.9229 35.5674 12.11
      vertex 71.7356 35.4526 26.09
      vertex 71.9229 35.5674 26.09
    endloop
  endfacet
  facet normal -0.522573 0.852595 0
    outer loop
      vertex 71.7356 35.4526 26.09
      vertex 71.9229 35.5674 12.11
      vertex 71.7356 35.4526 12.11
    endloop
  endfacet
  facet normal 0.852595 0.522573 0
    outer loop
      vertex 69.9674 35.8771 26.09
      vertex 69.8526 36.0644 12.11
      vertex 69.8526 36.0644 26.09
    endloop
  endfacet
  facet normal 0.852595 0.522573 0
    outer loop
      vertex 69.8526 36.0644 12.11
      vertex 69.9674 35.8771 26.09
      vertex 69.9674 35.8771 12.11
    endloop
  endfacet
  facet normal 1 -0 0
    outer loop
      vertex 37.2 2.8 5.89
      vertex 37.2 3.2 2.4
      vertex 37.2 3.2 5.89
    endloop
  endfacet
  facet normal 1 0 0
    outer loop
      vertex 37.2 3.2 2.4
      vertex 37.2 2.8 5.89
      vertex 37.2 2.8 2.4
    endloop
  endfacet
  facet normal -1 0 0
    outer loop
      vertex 57.2 2.8 2.4
      vertex 57.2 3.2 5.89
      vertex 57.2 3.2 2.4
    endloop
  endfacet
  facet normal -1 -0 0
    outer loop
      vertex 57.2 3.2 5.89
      vertex 57.2 2.8 2.4
      vertex 57.2 2.8 5.89
    endloop
  endfacet
  facet normal 1 -0 0
    outer loop
      vertex 37.2 32.2 5.89
      vertex 37.2 33.6 2.4
      vertex 37.2 33.6 5.89
    endloop
  endfacet
  facet normal 1 0 0
    outer loop
      vertex 37.2 33.6 2.4
      vertex 37.2 32.2 5.89
      vertex 37.2 32.2 2.4
    endloop
  endfacet
  facet normal -1 0 0
    outer loop
      vertex 57.2 32.2 2.4
      vertex 57.2 33.6 5.89
      vertex 57.2 33.6 2.4
    endloop
  endfacet
  facet normal -1 -0 0
    outer loop
      vertex 57.2 33.6 5.89
      vertex 57.2 32.2 2.4
      vertex 57.2 32.2 5.89
    endloop
  endfacet
  facet normal -1 0 0
    outer loop
      vertex 19.8 2.8 2.4
      vertex 19.8 33.6 5.89
      vertex 19.8 33.6 2.4
    endloop
  endfacet
  facet normal -1 -0 0
    outer loop
      vertex 19.8 33.6 5.89
      vertex 19.8 2.8 2.4
      vertex 19.8 2.8 5.89
    endloop
  endfacet
  facet normal -0 0 1
    outer loop
      vertex 73.2 32.2 5.89
      vertex 74.6 2.88852 5.89
      vertex 74.6 33.6 5.89
    endloop
  endfacet
  facet normal -0 0 1
    outer loop
      vertex 73.2 3.2 5.89
      vertex 74.6 2.88852 5.89
      vertex 73.2 32.2 5.89
    endloop
  endfacet
  facet normal 0 -0 1
    outer loop
      vertex 74.3346 2.81847 5.89
      vertex 74.6 2.88852 5.89
      vertex 73.2 3.2 5.89
    endloop
  endfacet
  facet normal 0 0 1
    outer loop
      vertex 74.6 2.88852 5.89
      vertex 74.3346 2.81847 5.89
      vertex 74.5635 2.87341 5.89
    endloop
  endfacet
  facet normal -0 0 1
    outer loop
      vertex 57.2 33.6 5.89
      vertex 73.2 32.2 5.89
      vertex 74.6 33.6 5.89
    endloop
  endfacet
  facet normal 0 0 1
    outer loop
      vertex 73.2 32.2 5.89
      vertex 57.2 33.6 5.89
      vertex 57.2 32.2 5.89
    endloop
  endfacet
  facet normal 0 0 1
    outer loop
      vertex 74.3346 2.81847 5.89
      vertex 73.2 3.2 5.89
      vertex 74.1 2.8 5.89
    endloop
  endfacet
  facet normal 0 0 1
    outer loop
      vertex 57.2 2.8 5.89
      vertex 73.2 3.2 5.89
      vertex 57.2 3.2 5.89
    endloop
  endfacet
  facet normal 0 0 1
    outer loop
      vertex 73.2 3.2 5.89
      vertex 57.2 2.8 5.89
      vertex 74.1 2.8 5.89
    endloop
  endfacet
  facet normal 0 0 1
    outer loop
      vertex 37.2 33.6 5.89
      vertex 21.2 32.2 5.89
      vertex 37.2 32.2 5.89
    endloop
  endfacet
  facet normal 0 0 1
    outer loop
      vertex 19.8 2.8 5.89
      vertex 21.2 32.2 5.89
      vertex 19.8 33.6 5.89
    endloop
  endfacet
  facet normal -0 0 1
    outer loop
      vertex 19.8 33.6 5.89
      vertex 21.2 32.2 5.89
      vertex 37.2 33.6 5.89
    endloop
  endfacet
  facet normal -0 0 1
    outer loop
      vertex 21.2 3.2 5.89
      vertex 37.2 2.8 5.89
      vertex 37.2 3.2 5.89
    endloop
  endfacet
  facet normal 0 0 1
    outer loop
      vertex 21.2 3.2 5.89
      vertex 19.8 2.8 5.89
      vertex 37.2 2.8 5.89
    endloop
  endfacet
  facet normal 0 0 1
    outer loop
      vertex 21.2 32.2 5.89
      vertex 19.8 2.8 5.89
      vertex 21.2 3.2 5.89
    endloop
  endfacet
  facet normal 1 -0 0
    outer loop
      vertex 74.6 2.88852 5.89
      vertex 74.6 33.6 2.4
      vertex 74.6 33.6 5.89
    endloop
  endfacet
  facet normal 1 0 0
    outer loop
      vertex 74.6 33.6 2.4
      vertex 74.6 2.88852 5.89
      vertex 74.6 2.88852 2.4
    endloop
  endfacet
  facet normal 0 1 -0
    outer loop
      vertex 74.6 33.6 2.4
      vertex 57.2 33.6 5.89
      vertex 74.6 33.6 5.89
    endloop
  endfacet
  facet normal 0 1 0
    outer loop
      vertex 57.2 33.6 5.89
      vertex 74.6 33.6 2.4
      vertex 57.2 33.6 2.4
    endloop
  endfacet
  facet normal 0 1 -0
    outer loop
      vertex 37.2 33.6 2.4
      vertex 19.8 33.6 5.89
      vertex 37.2 33.6 5.89
    endloop
  endfacet
  facet normal 0 1 0
    outer loop
      vertex 19.8 33.6 5.89
      vertex 37.2 33.6 2.4
      vertex 19.8 33.6 2.4
    endloop
  endfacet
  facet normal 1 -0 0
    outer loop
      vertex 21.2 3.2 5.89
      vertex 21.2 32.2 2.4
      vertex 21.2 32.2 5.89
    endloop
  endfacet
  facet normal 1 0 0
    outer loop
      vertex 21.2 32.2 2.4
      vertex 21.2 3.2 5.89
      vertex 21.2 3.2 2.4
    endloop
  endfacet
  facet normal -1 0 0
    outer loop
      vertex 73.2 3.2 2.4
      vertex 73.2 32.2 5.89
      vertex 73.2 32.2 2.4
    endloop
  endfacet
  facet normal -1 -0 0
    outer loop
      vertex 73.2 32.2 5.89
      vertex 73.2 3.2 2.4
      vertex 73.2 3.2 5.89
    endloop
  endfacet
  facet normal 0 -1 0
    outer loop
      vertex 21.2 32.2 2.4
      vertex 37.2 32.2 5.89
      vertex 21.2 32.2 5.89
    endloop
  endfacet
  facet normal 0 -1 -0
    outer loop
      vertex 37.2 32.2 5.89
      vertex 21.2 32.2 2.4
      vertex 37.2 32.2 2.4
    endloop
  endfacet
  facet normal 0 -1 0
    outer loop
      vertex 57.2 32.2 2.4
      vertex 73.2 32.2 5.89
      vertex 57.2 32.2 5.89
    endloop
  endfacet
  facet normal 0 -1 -0
    outer loop
      vertex 73.2 32.2 5.89
      vertex 57.2 32.2 2.4
      vertex 73.2 32.2 2.4
    endloop
  endfacet
  facet normal 0 1 -0
    outer loop
      vertex 37.2 3.2 2.4
      vertex 21.2 3.2 5.89
      vertex 37.2 3.2 5.89
    endloop
  endfacet
  facet normal 0 1 0
    outer loop
      vertex 21.2 3.2 5.89
      vertex 37.2 3.2 2.4
      vertex 21.2 3.2 2.4
    endloop
  endfacet
  facet normal 0 1 -0
    outer loop
      vertex 73.2 3.2 2.4
      vertex 57.2 3.2 5.89
      vertex 73.2 3.2 5.89
    endloop
  endfacet
  facet normal 0 1 0
    outer loop
      vertex 57.2 3.2 5.89
      vertex 73.2 3.2 2.4
      vertex 57.2 3.2 2.4
    endloop
  endfacet
  facet normal 1 -0 0
    outer loop
      vertex 38.5 39.8 5.89
      vertex 38.5 41.2 2.4
      vertex 38.5 41.2 5.89
    endloop
  endfacet
  facet normal 1 0 0
    outer loop
      vertex 38.5 41.2 2.4
      vertex 38.5 39.8 5.89
      vertex 38.5 39.8 2.4
    endloop
  endfacet
  facet normal -1 0 0
    outer loop
      vertex 58.5 39.8 2.4
      vertex 58.5 41.2 5.89
      vertex 58.5 41.2 2.4
    endloop
  endfacet
  facet normal -1 -0 0
    outer loop
      vertex 58.5 41.2 5.89
      vertex 58.5 39.8 2.4
      vertex 58.5 39.8 5.89
    endloop
  endfacet
  facet normal 1 -0 0
    outer loop
      vertex 38.5 72.2 5.89
      vertex 38.5 72.6 2.4
      vertex 38.5 72.6 5.89
    endloop
  endfacet
  facet normal 1 0 0
    outer loop
      vertex 38.5 72.6 2.4
      vertex 38.5 72.2 5.89
      vertex 38.5 72.2 2.4
    endloop
  endfacet
  facet normal -1 0 0
    outer loop
      vertex 58.5 72.2 2.4
      vertex 58.5 72.6 5.89
      vertex 58.5 72.6 2.4
    endloop
  endfacet
  facet normal -1 -0 0
    outer loop
      vertex 58.5 72.6 5.89
      vertex 58.5 72.2 2.4
      vertex 58.5 72.2 5.89
    endloop
  endfacet
  facet normal -1 0 0
    outer loop
      vertex 23.1 39.8 2.4
      vertex 23.1 72.6 5.89
      vertex 23.1 72.6 2.4
    endloop
  endfacet
  facet normal -1 -0 0
    outer loop
      vertex 23.1 72.6 5.89
      vertex 23.1 39.8 2.4
      vertex 23.1 39.8 5.89
    endloop
  endfacet
  facet normal 0 0 1
    outer loop
      vertex 72.5 41.2 5.89
      vertex 73.9 72.6 5.89
      vertex 72.5 72.2 5.89
    endloop
  endfacet
  facet normal -0 0 1
    outer loop
      vertex 58.5 72.6 5.89
      vertex 72.5 72.2 5.89
      vertex 73.9 72.6 5.89
    endloop
  endfacet
  facet normal 0 0 1
    outer loop
      vertex 72.5 72.2 5.89
      vertex 58.5 72.6 5.89
      vertex 58.5 72.2 5.89
    endloop
  endfacet
  facet normal 0 0 1
    outer loop
      vertex 73.9 72.6 5.89
      vertex 72.5 41.2 5.89
      vertex 73.9 39.8 5.89
    endloop
  endfacet
  facet normal 0 0 1
    outer loop
      vertex 58.5 39.8 5.89
      vertex 72.5 41.2 5.89
      vertex 58.5 41.2 5.89
    endloop
  endfacet
  facet normal 0 0 1
    outer loop
      vertex 72.5 41.2 5.89
      vertex 58.5 39.8 5.89
      vertex 73.9 39.8 5.89
    endloop
  endfacet
  facet normal 0 0 1
    outer loop
      vertex 38.5 72.6 5.89
      vertex 24.5 72.2 5.89
      vertex 38.5 72.2 5.89
    endloop
  endfacet
  facet normal 0 0 1
    outer loop
      vertex 24.5 72.2 5.89
      vertex 23.1 72.6 5.89
      vertex 24.5 41.2 5.89
    endloop
  endfacet
  facet normal -0 0 1
    outer loop
      vertex 23.1 72.6 5.89
      vertex 24.5 72.2 5.89
      vertex 38.5 72.6 5.89
    endloop
  endfacet
  facet normal -0 0 1
    outer loop
      vertex 24.5 41.2 5.89
      vertex 38.5 39.8 5.89
      vertex 38.5 41.2 5.89
    endloop
  endfacet
  facet normal 0 0 1
    outer loop
      vertex 24.5 41.2 5.89
      vertex 23.1 39.8 5.89
      vertex 38.5 39.8 5.89
    endloop
  endfacet
  facet normal 0 0 1
    outer loop
      vertex 23.1 39.8 5.89
      vertex 24.5 41.2 5.89
      vertex 23.1 72.6 5.89
    endloop
  endfacet
  facet normal 1 -0 0
    outer loop
      vertex 73.9 39.8 5.89
      vertex 73.9 72.6 2.4
      vertex 73.9 72.6 5.89
    endloop
  endfacet
  facet normal 1 0 0
    outer loop
      vertex 73.9 72.6 2.4
      vertex 73.9 39.8 5.89
      vertex 73.9 39.8 2.4
    endloop
  endfacet
  facet normal 0 -1 0
    outer loop
      vertex 58.5 39.8 2.4
      vertex 73.9 39.8 5.89
      vertex 58.5 39.8 5.89
    endloop
  endfacet
  facet normal 0 -1 -0
    outer loop
      vertex 73.9 39.8 5.89
      vertex 58.5 39.8 2.4
      vertex 73.9 39.8 2.4
    endloop
  endfacet
  facet normal 0 -1 0
    outer loop
      vertex 23.1 39.8 2.4
      vertex 38.5 39.8 5.89
      vertex 23.1 39.8 5.89
    endloop
  endfacet
  facet normal 0 -1 -0
    outer loop
      vertex 38.5 39.8 5.89
      vertex 23.1 39.8 2.4
      vertex 38.5 39.8 2.4
    endloop
  endfacet
  facet normal 1 -0 0
    outer loop
      vertex 24.5 41.2 5.89
      vertex 24.5 72.2 2.4
      vertex 24.5 72.2 5.89
    endloop
  endfacet
  facet normal 1 0 0
    outer loop
      vertex 24.5 72.2 2.4
      vertex 24.5 41.2 5.89
      vertex 24.5 41.2 2.4
    endloop
  endfacet
  facet normal -1 0 0
    outer loop
      vertex 72.5 41.2 2.4
      vertex 72.5 72.2 5.89
      vertex 72.5 72.2 2.4
    endloop
  endfacet
  facet normal -1 -0 0
    outer loop
      vertex 72.5 72.2 5.89
      vertex 72.5 41.2 2.4
      vertex 72.5 41.2 5.89
    endloop
  endfacet
  facet normal 0 -1 0
    outer loop
      vertex 24.5 72.2 2.4
      vertex 38.5 72.2 5.89
      vertex 24.5 72.2 5.89
    endloop
  endfacet
  facet normal 0 -1 -0
    outer loop
      vertex 38.5 72.2 5.89
      vertex 24.5 72.2 2.4
      vertex 38.5 72.2 2.4
    endloop
  endfacet
  facet normal 0 -1 0
    outer loop
      vertex 58.5 72.2 2.4
      vertex 72.5 72.2 5.89
      vertex 58.5 72.2 5.89
    endloop
  endfacet
  facet normal 0 -1 -0
    outer loop
      vertex 72.5 72.2 5.89
      vertex 58.5 72.2 2.4
      vertex 72.5 72.2 2.4
    endloop
  endfacet
  facet normal 0 1 -0
    outer loop
      vertex 38.5 41.2 2.4
      vertex 24.5 41.2 5.89
      vertex 38.5 41.2 5.89
    endloop
  endfacet
  facet normal 0 1 0
    outer loop
      vertex 24.5 41.2 5.89
      vertex 38.5 41.2 2.4
      vertex 24.5 41.2 2.4
    endloop
  endfacet
  facet normal 0 1 -0
    outer loop
      vertex 72.5 41.2 2.4
      vertex 58.5 41.2 5.89
      vertex 72.5 41.2 5.89
    endloop
  endfacet
  facet normal 0 1 0
    outer loop
      vertex 58.5 41.2 5.89
      vertex 72.5 41.2 2.4
      vertex 58.5 41.2 2.4
    endloop
  endfacet
endsolid OpenSCAD_Model
