solid OpenSCAD_Model
  facet normal 0.760219 -0.649666 0
    outer loop
      vertex 4.72573 10.0336 5.39
      vertex 4.75 10.062 2.4
      vertex 4.75 10.062 5.39
    endloop
  endfacet
  facet normal 0.760219 -0.649666 0
    outer loop
      vertex 4.75 10.062 2.4
      vertex 4.72573 10.0336 5.39
      vertex 4.72573 10.0336 2.4
    endloop
  endfacet
  facet normal 0.649501 0.76036 -0
    outer loop
      vertex 5.56642 4.72573 2.4
      vertex 5.53679 4.75104 5.39
      vertex 5.56642 4.72573 5.39
    endloop
  endfacet
  facet normal 0.649501 0.76036 0
    outer loop
      vertex 5.53679 4.75104 5.39
      vertex 5.56642 4.72573 2.4
      vertex 5.53679 4.75104 2.4
    endloop
  endfacet
  facet normal 0.97237 -0.233445 0
    outer loop
      vertex 4.04678 8.39445 5.39
      vertex 4.18598 8.97426 2.4
      vertex 4.18598 8.97426 5.39
    endloop
  endfacet
  facet normal 0.97237 -0.233445 0
    outer loop
      vertex 4.18598 8.97426 2.4
      vertex 4.04678 8.39445 5.39
      vertex 4.04678 8.39445 2.4
    endloop
  endfacet
  facet normal 0.923874 -0.382697 0
    outer loop
      vertex 4.18598 8.97426 5.39
      vertex 4.41418 9.52516 2.4
      vertex 4.41418 9.52516 5.39
    endloop
  endfacet
  facet normal 0.923874 -0.382697 0
    outer loop
      vertex 4.41418 9.52516 2.4
      vertex 4.18598 8.97426 5.39
      vertex 4.18598 8.97426 2.4
    endloop
  endfacet
  facet normal 0.996918 -0.078452 0
    outer loop
      vertex 4 7.8 5.39
      vertex 4.04678 8.39445 2.4
      vertex 4.04678 8.39445 5.39
    endloop
  endfacet
  facet normal 0.996918 -0.078452 0
    outer loop
      vertex 4.04678 8.39445 2.4
      vertex 4 7.8 5.39
      vertex 4 7.8 2.4
    endloop
  endfacet
  facet normal -0.382697 0.923874 0
    outer loop
      vertex 9.52516 4.41418 2.4
      vertex 8.97426 4.18598 5.39
      vertex 9.52516 4.41418 5.39
    endloop
  endfacet
  facet normal -0.382697 0.923874 0
    outer loop
      vertex 8.97426 4.18598 5.39
      vertex 9.52516 4.41418 2.4
      vertex 8.97426 4.18598 2.4
    endloop
  endfacet
  facet normal -0.233445 0.97237 0
    outer loop
      vertex 8.97426 4.18598 2.4
      vertex 8.39445 4.04678 5.39
      vertex 8.97426 4.18598 5.39
    endloop
  endfacet
  facet normal -0.233445 0.97237 0
    outer loop
      vertex 8.39445 4.04678 5.39
      vertex 8.97426 4.18598 2.4
      vertex 8.39445 4.04678 2.4
    endloop
  endfacet
  facet normal -0.649666 0.760219 0
    outer loop
      vertex 10.062 4.75 2.4
      vertex 10.0336 4.72573 5.39
      vertex 10.062 4.75 5.39
    endloop
  endfacet
  facet normal -0.649666 0.760219 0
    outer loop
      vertex 10.0336 4.72573 5.39
      vertex 10.062 4.75 2.4
      vertex 10.0336 4.72573 2.4
    endloop
  endfacet
  facet normal 0.078452 0.996918 -0
    outer loop
      vertex 7.8 4 2.4
      vertex 7.20555 4.04678 5.39
      vertex 7.8 4 5.39
    endloop
  endfacet
  facet normal 0.078452 0.996918 0
    outer loop
      vertex 7.20555 4.04678 5.39
      vertex 7.8 4 2.4
      vertex 7.20555 4.04678 2.4
    endloop
  endfacet
  facet normal 0.97237 0.233445 0
    outer loop
      vertex 4.18598 6.62574 5.39
      vertex 4.04678 7.20555 2.4
      vertex 4.04678 7.20555 5.39
    endloop
  endfacet
  facet normal 0.97237 0.233445 0
    outer loop
      vertex 4.04678 7.20555 2.4
      vertex 4.18598 6.62574 5.39
      vertex 4.18598 6.62574 2.4
    endloop
  endfacet
  facet normal 0.76036 0.649501 0
    outer loop
      vertex 4.75104 5.53679 5.39
      vertex 4.72573 5.56642 2.4
      vertex 4.72573 5.56642 5.39
    endloop
  endfacet
  facet normal 0.76036 0.649501 0
    outer loop
      vertex 4.72573 5.56642 2.4
      vertex 4.75104 5.53679 5.39
      vertex 4.75104 5.53679 2.4
    endloop
  endfacet
  facet normal 0.852657 -0.522471 0
    outer loop
      vertex 4.41418 9.52516 5.39
      vertex 4.72573 10.0336 2.4
      vertex 4.72573 10.0336 5.39
    endloop
  endfacet
  facet normal 0.852657 -0.522471 0
    outer loop
      vertex 4.72573 10.0336 2.4
      vertex 4.41418 9.52516 5.39
      vertex 4.41418 9.52516 2.4
    endloop
  endfacet
  facet normal 0.996918 0.078452 0
    outer loop
      vertex 4.04678 7.20555 5.39
      vertex 4 7.8 2.4
      vertex 4 7.8 5.39
    endloop
  endfacet
  facet normal 0.996918 0.078452 0
    outer loop
      vertex 4 7.8 2.4
      vertex 4.04678 7.20555 5.39
      vertex 4.04678 7.20555 2.4
    endloop
  endfacet
  facet normal 0.382697 0.923874 -0
    outer loop
      vertex 6.62574 4.18598 2.4
      vertex 6.07484 4.41418 5.39
      vertex 6.62574 4.18598 5.39
    endloop
  endfacet
  facet normal 0.382697 0.923874 0
    outer loop
      vertex 6.07484 4.41418 5.39
      vertex 6.62574 4.18598 2.4
      vertex 6.07484 4.41418 2.4
    endloop
  endfacet
  facet normal 0.522486 0.852648 -0
    outer loop
      vertex 6.07484 4.41418 2.4
      vertex 5.56642 4.72573 5.39
      vertex 6.07484 4.41418 5.39
    endloop
  endfacet
  facet normal 0.522486 0.852648 0
    outer loop
      vertex 5.56642 4.72573 5.39
      vertex 6.07484 4.41418 2.4
      vertex 5.56642 4.72573 2.4
    endloop
  endfacet
  facet normal 0.233445 0.97237 -0
    outer loop
      vertex 7.20555 4.04678 2.4
      vertex 6.62574 4.18598 5.39
      vertex 7.20555 4.04678 5.39
    endloop
  endfacet
  facet normal 0.233445 0.97237 0
    outer loop
      vertex 6.62574 4.18598 5.39
      vertex 7.20555 4.04678 2.4
      vertex 6.62574 4.18598 2.4
    endloop
  endfacet
  facet normal -0.078452 0.996918 0
    outer loop
      vertex 8.39445 4.04678 2.4
      vertex 7.8 4 5.39
      vertex 8.39445 4.04678 5.39
    endloop
  endfacet
  facet normal -0.078452 0.996918 0
    outer loop
      vertex 7.8 4 5.39
      vertex 8.39445 4.04678 2.4
      vertex 7.8 4 2.4
    endloop
  endfacet
  facet normal 0.923874 0.382697 0
    outer loop
      vertex 4.41418 6.07484 5.39
      vertex 4.18598 6.62574 2.4
      vertex 4.18598 6.62574 5.39
    endloop
  endfacet
  facet normal 0.923874 0.382697 0
    outer loop
      vertex 4.18598 6.62574 2.4
      vertex 4.41418 6.07484 5.39
      vertex 4.41418 6.07484 2.4
    endloop
  endfacet
  facet normal 0.852648 0.522486 0
    outer loop
      vertex 4.72573 5.56642 5.39
      vertex 4.41418 6.07484 2.4
      vertex 4.41418 6.07484 5.39
    endloop
  endfacet
  facet normal 0.852648 0.522486 0
    outer loop
      vertex 4.41418 6.07484 2.4
      vertex 4.72573 5.56642 5.39
      vertex 4.72573 5.56642 2.4
    endloop
  endfacet
  facet normal -0.522471 0.852657 0
    outer loop
      vertex 10.0336 4.72573 2.4
      vertex 9.52516 4.41418 5.39
      vertex 10.0336 4.72573 5.39
    endloop
  endfacet
  facet normal -0.522471 0.852657 0
    outer loop
      vertex 9.52516 4.41418 5.39
      vertex 10.0336 4.72573 2.4
      vertex 9.52516 4.41418 2.4
    endloop
  endfacet
  facet normal 0.0784854 -0.996915 0
    outer loop
      vertex 7.20555 71.3532 2.4
      vertex 7.8 71.4 5.39
      vertex 7.20555 71.3532 5.39
    endloop
  endfacet
  facet normal 0.0784854 -0.996915 0
    outer loop
      vertex 7.8 71.4 5.39
      vertex 7.20555 71.3532 2.4
      vertex 7.8 71.4 2.4
    endloop
  endfacet
  facet normal -0.65013 -0.759823 0
    outer loop
      vertex 10.0336 70.6743 2.4
      vertex 10.062 70.65 5.39
      vertex 10.0336 70.6743 5.39
    endloop
  endfacet
  facet normal -0.65013 -0.759823 -0
    outer loop
      vertex 10.062 70.65 5.39
      vertex 10.0336 70.6743 2.4
      vertex 10.062 70.65 2.4
    endloop
  endfacet
  facet normal 0.760035 -0.649882 0
    outer loop
      vertex 4.72573 69.8336 5.39
      vertex 4.75104 69.8632 2.4
      vertex 4.75104 69.8632 5.39
    endloop
  endfacet
  facet normal 0.760035 -0.649882 0
    outer loop
      vertex 4.75104 69.8632 2.4
      vertex 4.72573 69.8336 5.39
      vertex 4.72573 69.8336 2.4
    endloop
  endfacet
  facet normal 0.382697 -0.923874 0
    outer loop
      vertex 6.07484 70.9858 2.4
      vertex 6.62574 71.214 5.39
      vertex 6.07484 70.9858 5.39
    endloop
  endfacet
  facet normal 0.382697 -0.923874 0
    outer loop
      vertex 6.62574 71.214 5.39
      vertex 6.07484 70.9858 2.4
      vertex 6.62574 71.214 2.4
    endloop
  endfacet
  facet normal -0.233445 -0.97237 0
    outer loop
      vertex 8.39445 71.3532 2.4
      vertex 8.97426 71.214 5.39
      vertex 8.39445 71.3532 5.39
    endloop
  endfacet
  facet normal -0.233445 -0.97237 -0
    outer loop
      vertex 8.97426 71.214 5.39
      vertex 8.39445 71.3532 2.4
      vertex 8.97426 71.214 2.4
    endloop
  endfacet
  facet normal -0.0784854 -0.996915 0
    outer loop
      vertex 7.8 71.4 2.4
      vertex 8.39445 71.3532 5.39
      vertex 7.8 71.4 5.39
    endloop
  endfacet
  facet normal -0.0784854 -0.996915 -0
    outer loop
      vertex 8.39445 71.3532 5.39
      vertex 7.8 71.4 2.4
      vertex 8.39445 71.3532 2.4
    endloop
  endfacet
  facet normal -0.52241 -0.852694 0
    outer loop
      vertex 9.52516 70.9858 2.4
      vertex 10.0336 70.6743 5.39
      vertex 9.52516 70.9858 5.39
    endloop
  endfacet
  facet normal -0.52241 -0.852694 -0
    outer loop
      vertex 10.0336 70.6743 5.39
      vertex 9.52516 70.9858 2.4
      vertex 10.0336 70.6743 2.4
    endloop
  endfacet
  facet normal 0.972369 -0.233449 0
    outer loop
      vertex 4.04678 68.1945 5.39
      vertex 4.18598 68.7743 2.4
      vertex 4.18598 68.7743 5.39
    endloop
  endfacet
  facet normal 0.972369 -0.233449 0
    outer loop
      vertex 4.18598 68.7743 2.4
      vertex 4.04678 68.1945 5.39
      vertex 4.04678 68.1945 2.4
    endloop
  endfacet
  facet normal 0.996918 -0.0784455 0
    outer loop
      vertex 4 67.6 5.39
      vertex 4.04678 68.1945 2.4
      vertex 4.04678 68.1945 5.39
    endloop
  endfacet
  facet normal 0.996918 -0.0784455 0
    outer loop
      vertex 4.04678 68.1945 2.4
      vertex 4 67.6 5.39
      vertex 4 67.6 2.4
    endloop
  endfacet
  facet normal 0.522425 -0.852685 0
    outer loop
      vertex 5.56642 70.6743 2.4
      vertex 6.07484 70.9858 5.39
      vertex 5.56642 70.6743 5.39
    endloop
  endfacet
  facet normal 0.522425 -0.852685 0
    outer loop
      vertex 6.07484 70.9858 5.39
      vertex 5.56642 70.6743 2.4
      vertex 6.07484 70.9858 2.4
    endloop
  endfacet
  facet normal 0.233445 -0.97237 0
    outer loop
      vertex 6.62574 71.214 2.4
      vertex 7.20555 71.3532 5.39
      vertex 6.62574 71.214 5.39
    endloop
  endfacet
  facet normal 0.233445 -0.97237 0
    outer loop
      vertex 7.20555 71.3532 5.39
      vertex 6.62574 71.214 2.4
      vertex 7.20555 71.3532 2.4
    endloop
  endfacet
  facet normal -0.382697 -0.923874 0
    outer loop
      vertex 8.97426 71.214 2.4
      vertex 9.52516 70.9858 5.39
      vertex 8.97426 71.214 5.39
    endloop
  endfacet
  facet normal -0.382697 -0.923874 -0
    outer loop
      vertex 9.52516 70.9858 5.39
      vertex 8.97426 71.214 2.4
      vertex 9.52516 70.9858 2.4
    endloop
  endfacet
  facet normal 0.923874 -0.382697 0
    outer loop
      vertex 4.18598 68.7743 5.39
      vertex 4.41418 69.3252 2.4
      vertex 4.41418 69.3252 5.39
    endloop
  endfacet
  facet normal 0.923874 -0.382697 0
    outer loop
      vertex 4.41418 69.3252 2.4
      vertex 4.18598 68.7743 5.39
      vertex 4.18598 68.7743 2.4
    endloop
  endfacet
  facet normal 0.852639 -0.522501 0
    outer loop
      vertex 4.41418 69.3252 5.39
      vertex 4.72573 69.8336 2.4
      vertex 4.72573 69.8336 5.39
    endloop
  endfacet
  facet normal 0.852639 -0.522501 0
    outer loop
      vertex 4.72573 69.8336 2.4
      vertex 4.41418 69.3252 5.39
      vertex 4.41418 69.3252 2.4
    endloop
  endfacet
  facet normal 0.996918 0.0784455 0
    outer loop
      vertex 4.04678 67.0055 5.39
      vertex 4 67.6 2.4
      vertex 4 67.6 5.39
    endloop
  endfacet
  facet normal 0.996918 0.0784455 0
    outer loop
      vertex 4 67.6 2.4
      vertex 4.04678 67.0055 5.39
      vertex 4.04678 67.0055 2.4
    endloop
  endfacet
  facet normal 0.649353 -0.760487 0
    outer loop
      vertex 5.53679 70.649 2.4
      vertex 5.56642 70.6743 5.39
      vertex 5.53679 70.649 5.39
    endloop
  endfacet
  facet normal 0.649353 -0.760487 0
    outer loop
      vertex 5.56642 70.6743 5.39
      vertex 5.53679 70.649 2.4
      vertex 5.56642 70.6743 2.4
    endloop
  endfacet
  facet normal 0.972369 0.233449 0
    outer loop
      vertex 4.18598 66.4257 5.39
      vertex 4.04678 67.0055 2.4
      vertex 4.04678 67.0055 5.39
    endloop
  endfacet
  facet normal 0.972369 0.233449 0
    outer loop
      vertex 4.04678 67.0055 2.4
      vertex 4.18598 66.4257 5.39
      vertex 4.18598 66.4257 2.4
    endloop
  endfacet
  facet normal 0.760219 0.649666 0
    outer loop
      vertex 4.75 65.338 5.39
      vertex 4.72573 65.3664 2.4
      vertex 4.72573 65.3664 5.39
    endloop
  endfacet
  facet normal 0.760219 0.649666 0
    outer loop
      vertex 4.72573 65.3664 2.4
      vertex 4.75 65.338 5.39
      vertex 4.75 65.338 2.4
    endloop
  endfacet
  facet normal 0.923874 0.382697 0
    outer loop
      vertex 4.41418 65.8748 5.39
      vertex 4.18598 66.4257 2.4
      vertex 4.18598 66.4257 5.39
    endloop
  endfacet
  facet normal 0.923874 0.382697 0
    outer loop
      vertex 4.18598 66.4257 2.4
      vertex 4.41418 65.8748 5.39
      vertex 4.41418 65.8748 2.4
    endloop
  endfacet
  facet normal 0.852639 0.522501 0
    outer loop
      vertex 4.72573 65.3664 5.39
      vertex 4.41418 65.8748 2.4
      vertex 4.41418 65.8748 5.39
    endloop
  endfacet
  facet normal 0.852639 0.522501 0
    outer loop
      vertex 4.41418 65.8748 2.4
      vertex 4.72573 65.3664 5.39
      vertex 4.72573 65.3664 2.4
    endloop
  endfacet
  facet normal -0.996915 -0.0784919 0
    outer loop
      vertex 74.9 36.7 2.4
      vertex 74.8532 37.2944 5.39
      vertex 74.8532 37.2944 2.4
    endloop
  endfacet
  facet normal -0.996915 -0.0784919 0
    outer loop
      vertex 74.8532 37.2944 5.39
      vertex 74.9 36.7 2.4
      vertex 74.9 36.7 5.39
    endloop
  endfacet
  facet normal -0.649419 -0.760431 0
    outer loop
      vertex 73.65 39.504 2.4
      vertex 73.787 39.387 5.39
      vertex 73.65 39.504 5.39
    endloop
  endfacet
  facet normal -0.649419 -0.760431 -0
    outer loop
      vertex 73.787 39.387 5.39
      vertex 73.65 39.504 2.4
      vertex 73.787 39.387 2.4
    endloop
  endfacet
  facet normal -0.923874 -0.382697 0
    outer loop
      vertex 74.714 37.8743 2.4
      vertex 74.4858 38.4252 5.39
      vertex 74.4858 38.4252 2.4
    endloop
  endfacet
  facet normal -0.923874 -0.382697 0
    outer loop
      vertex 74.4858 38.4252 5.39
      vertex 74.714 37.8743 2.4
      vertex 74.714 37.8743 5.39
    endloop
  endfacet
  facet normal -0.972378 -0.233411 0
    outer loop
      vertex 74.8532 37.2944 2.4
      vertex 74.714 37.8743 5.39
      vertex 74.714 37.8743 2.4
    endloop
  endfacet
  facet normal -0.972378 -0.233411 0
    outer loop
      vertex 74.714 37.8743 5.39
      vertex 74.8532 37.2944 2.4
      vertex 74.8532 37.2944 5.39
    endloop
  endfacet
  facet normal -0.852676 -0.52244 0
    outer loop
      vertex 74.4858 38.4252 2.4
      vertex 74.1743 38.9336 5.39
      vertex 74.1743 38.9336 2.4
    endloop
  endfacet
  facet normal -0.852676 -0.52244 0
    outer loop
      vertex 74.1743 38.9336 5.39
      vertex 74.4858 38.4252 2.4
      vertex 74.4858 38.4252 5.39
    endloop
  endfacet
  facet normal -0.923874 0.382697 0
    outer loop
      vertex 74.4858 34.9748 2.4
      vertex 74.714 35.5257 5.39
      vertex 74.714 35.5257 2.4
    endloop
  endfacet
  facet normal -0.923874 0.382697 0
    outer loop
      vertex 74.714 35.5257 5.39
      vertex 74.4858 34.9748 2.4
      vertex 74.4858 34.9748 5.39
    endloop
  endfacet
  facet normal -0.760356 -0.649506 0
    outer loop
      vertex 74.1743 38.9336 2.4
      vertex 73.787 39.387 5.39
      vertex 73.787 39.387 2.4
    endloop
  endfacet
  facet normal -0.760356 -0.649506 0
    outer loop
      vertex 73.787 39.387 5.39
      vertex 74.1743 38.9336 2.4
      vertex 74.1743 38.9336 5.39
    endloop
  endfacet
  facet normal -0.996916 0.0784788 0
    outer loop
      vertex 74.8532 36.1055 2.4
      vertex 74.9 36.7 5.39
      vertex 74.9 36.7 2.4
    endloop
  endfacet
  facet normal -0.996916 0.0784788 0
    outer loop
      vertex 74.9 36.7 5.39
      vertex 74.8532 36.1055 2.4
      vertex 74.8532 36.1055 5.39
    endloop
  endfacet
  facet normal -0.649419 0.760431 0
    outer loop
      vertex 73.787 34.013 2.4
      vertex 73.65 33.896 5.39
      vertex 73.787 34.013 5.39
    endloop
  endfacet
  facet normal -0.649419 0.760431 0
    outer loop
      vertex 73.65 33.896 5.39
      vertex 73.787 34.013 2.4
      vertex 73.65 33.896 2.4
    endloop
  endfacet
  facet normal -0.760356 0.649506 0
    outer loop
      vertex 73.787 34.013 2.4
      vertex 74.1743 34.4664 5.39
      vertex 74.1743 34.4664 2.4
    endloop
  endfacet
  facet normal -0.760356 0.649506 0
    outer loop
      vertex 74.1743 34.4664 5.39
      vertex 73.787 34.013 2.4
      vertex 73.787 34.013 5.39
    endloop
  endfacet
  facet normal -0.972369 0.233449 0
    outer loop
      vertex 74.714 35.5257 2.4
      vertex 74.8532 36.1055 5.39
      vertex 74.8532 36.1055 2.4
    endloop
  endfacet
  facet normal -0.972369 0.233449 0
    outer loop
      vertex 74.8532 36.1055 5.39
      vertex 74.714 35.5257 2.4
      vertex 74.714 35.5257 5.39
    endloop
  endfacet
  facet normal -0.852676 0.52244 0
    outer loop
      vertex 74.1743 34.4664 2.4
      vertex 74.4858 34.9748 5.39
      vertex 74.4858 34.9748 2.4
    endloop
  endfacet
  facet normal -0.852676 0.52244 0
    outer loop
      vertex 74.4858 34.9748 5.39
      vertex 74.1743 34.4664 2.4
      vertex 74.1743 34.4664 5.39
    endloop
  endfacet
  facet normal -0.996918 0.0784469 0
    outer loop
      vertex 3.15 71.05 2.4
      vertex 3.16477 71.2377 5.39
      vertex 3.16477 71.2377 2.4
    endloop
  endfacet
  facet normal -0.996918 0.0784469 0
    outer loop
      vertex 3.16477 71.2377 5.39
      vertex 3.15 71.05 2.4
      vertex 3.15 71.05 5.39
    endloop
  endfacet
  facet normal 0 0 1
    outer loop
      vertex 4.72573 65.3664 5.39
      vertex 4.75 10.062 5.39
      vertex 4.75 65.338 5.39
    endloop
  endfacet
  facet normal 0 0 1
    outer loop
      vertex 4.72573 65.3664 5.39
      vertex 4.72573 10.0336 5.39
      vertex 4.75 10.062 5.39
    endloop
  endfacet
  facet normal 0 0 1
    outer loop
      vertex 4.41418 65.8748 5.39
      vertex 4.72573 10.0336 5.39
      vertex 4.72573 65.3664 5.39
    endloop
  endfacet
  facet normal 0 0 1
    outer loop
      vertex 4.41418 65.8748 5.39
      vertex 4.41418 9.52516 5.39
      vertex 4.72573 10.0336 5.39
    endloop
  endfacet
  facet normal 0 0 1
    outer loop
      vertex 4.18598 66.4257 5.39
      vertex 4.41418 9.52516 5.39
      vertex 4.41418 65.8748 5.39
    endloop
  endfacet
  facet normal 0 0 1
    outer loop
      vertex 4.18598 66.4257 5.39
      vertex 4.18598 8.97426 5.39
      vertex 4.41418 9.52516 5.39
    endloop
  endfacet
  facet normal 0 0 1
    outer loop
      vertex 4.04678 67.0055 5.39
      vertex 4.18598 8.97426 5.39
      vertex 4.18598 66.4257 5.39
    endloop
  endfacet
  facet normal 0 0 1
    outer loop
      vertex 4.04678 67.0055 5.39
      vertex 4.04678 8.39445 5.39
      vertex 4.18598 8.97426 5.39
    endloop
  endfacet
  facet normal 0 0 1
    outer loop
      vertex 3.15 71.05 5.39
      vertex 4.04678 67.0055 5.39
      vertex 4 67.6 5.39
    endloop
  endfacet
  facet normal 0 0 1
    outer loop
      vertex 4.04678 67.0055 5.39
      vertex 3.15 71.05 5.39
      vertex 4.04678 8.39445 5.39
    endloop
  endfacet
  facet normal 0 0 1
    outer loop
      vertex 27.2 4.75 5.39
      vertex 10.062 4.75 5.39
      vertex 27.2 4.7 5.39
    endloop
  endfacet
  facet normal 0 0 1
    outer loop
      vertex 73.4157 70.4157 5.39
      vertex 75.25 71.05 5.39
      vertex 75.2352 71.2377 5.39
    endloop
  endfacet
  facet normal 0 0 1
    outer loop
      vertex 75.25 71.05 5.39
      vertex 74.9 36.7 5.39
      vertex 75.25 4.35 5.39
    endloop
  endfacet
  facet normal 0 0 1
    outer loop
      vertex 73.4157 70.4157 5.39
      vertex 75.2352 71.2377 5.39
      vertex 75.1913 71.4208 5.39
    endloop
  endfacet
  facet normal -0 0 1
    outer loop
      vertex 74.8532 36.1055 5.39
      vertex 75.25 4.35 5.39
      vertex 74.9 36.7 5.39
    endloop
  endfacet
  facet normal 0 0 1
    outer loop
      vertex 73.4157 70.4157 5.39
      vertex 75.1913 71.4208 5.39
      vertex 75.1192 71.5948 5.39
    endloop
  endfacet
  facet normal -0 0 1
    outer loop
      vertex 74.714 35.5257 5.39
      vertex 75.25 4.35 5.39
      vertex 74.8532 36.1055 5.39
    endloop
  endfacet
  facet normal 0 0 1
    outer loop
      vertex 73.4157 70.4157 5.39
      vertex 75.1192 71.5948 5.39
      vertex 75.0208 71.7553 5.39
    endloop
  endfacet
  facet normal -0 0 1
    outer loop
      vertex 74.4858 34.9748 5.39
      vertex 75.25 4.35 5.39
      vertex 74.714 35.5257 5.39
    endloop
  endfacet
  facet normal -0 0 1
    outer loop
      vertex 74.1743 34.4664 5.39
      vertex 75.25 4.35 5.39
      vertex 74.4858 34.9748 5.39
    endloop
  endfacet
  facet normal 0 0 1
    outer loop
      vertex 73.4157 70.4157 5.39
      vertex 75.0208 71.7553 5.39
      vertex 74.8985 71.8985 5.39
    endloop
  endfacet
  facet normal 0 0 1
    outer loop
      vertex 75.25 71.05 5.39
      vertex 74.8532 37.2944 5.39
      vertex 74.9 36.7 5.39
    endloop
  endfacet
  facet normal 0 0 1
    outer loop
      vertex 73.4157 70.4157 5.39
      vertex 74.8985 71.8985 5.39
      vertex 74.7553 72.0208 5.39
    endloop
  endfacet
  facet normal 0 0 1
    outer loop
      vertex 75.25 71.05 5.39
      vertex 74.714 37.8743 5.39
      vertex 74.8532 37.2944 5.39
    endloop
  endfacet
  facet normal 0 0 1
    outer loop
      vertex 73.4157 70.4157 5.39
      vertex 74.7553 72.0208 5.39
      vertex 74.5948 72.1192 5.39
    endloop
  endfacet
  facet normal 0 0 1
    outer loop
      vertex 75.25 71.05 5.39
      vertex 74.4858 38.4252 5.39
      vertex 74.714 37.8743 5.39
    endloop
  endfacet
  facet normal 0 0 1
    outer loop
      vertex 73.4157 70.4157 5.39
      vertex 74.5948 72.1192 5.39
      vertex 74.4208 72.1913 5.39
    endloop
  endfacet
  facet normal 0 0 1
    outer loop
      vertex 73.4157 70.4157 5.39
      vertex 74.4208 72.1913 5.39
      vertex 74.2377 72.2352 5.39
    endloop
  endfacet
  facet normal 0 0 1
    outer loop
      vertex 73.65 39.504 5.39
      vertex 75.25 71.05 5.39
      vertex 73.65 69.85 5.39
    endloop
  endfacet
  facet normal 0 0 1
    outer loop
      vertex 73.4157 70.4157 5.39
      vertex 74.2377 72.2352 5.39
      vertex 74.05 72.25 5.39
    endloop
  endfacet
  facet normal 0 0 1
    outer loop
      vertex 75.25 71.05 5.39
      vertex 74.1743 38.9336 5.39
      vertex 74.4858 38.4252 5.39
    endloop
  endfacet
  facet normal 0 0 1
    outer loop
      vertex 75.25 71.05 5.39
      vertex 73.787 39.387 5.39
      vertex 74.1743 38.9336 5.39
    endloop
  endfacet
  facet normal 0 0 1
    outer loop
      vertex 75.25 71.05 5.39
      vertex 73.6402 69.9751 5.39
      vertex 73.65 69.85 5.39
    endloop
  endfacet
  facet normal 0 0 1
    outer loop
      vertex 75.25 71.05 5.39
      vertex 73.6108 70.0972 5.39
      vertex 73.6402 69.9751 5.39
    endloop
  endfacet
  facet normal 0 0 1
    outer loop
      vertex 75.25 71.05 5.39
      vertex 73.5628 70.2132 5.39
      vertex 73.6108 70.0972 5.39
    endloop
  endfacet
  facet normal 0 0 1
    outer loop
      vertex 75.25 71.05 5.39
      vertex 73.4972 70.3202 5.39
      vertex 73.5628 70.2132 5.39
    endloop
  endfacet
  facet normal 0 0 1
    outer loop
      vertex 75.25 71.05 5.39
      vertex 73.4157 70.4157 5.39
      vertex 73.4972 70.3202 5.39
    endloop
  endfacet
  facet normal 0 0 1
    outer loop
      vertex 74.05 72.25 5.39
      vertex 73.3202 70.4972 5.39
      vertex 73.4157 70.4157 5.39
    endloop
  endfacet
  facet normal 0 0 1
    outer loop
      vertex 74.05 72.25 5.39
      vertex 73.2132 70.5628 5.39
      vertex 73.3202 70.4972 5.39
    endloop
  endfacet
  facet normal 0 0 1
    outer loop
      vertex 74.05 72.25 5.39
      vertex 73.0972 70.6108 5.39
      vertex 73.2132 70.5628 5.39
    endloop
  endfacet
  facet normal 0 0 1
    outer loop
      vertex 74.05 72.25 5.39
      vertex 72.9751 70.6402 5.39
      vertex 73.0972 70.6108 5.39
    endloop
  endfacet
  facet normal 0 0 1
    outer loop
      vertex 74.05 72.25 5.39
      vertex 72.85 70.65 5.39
      vertex 72.9751 70.6402 5.39
    endloop
  endfacet
  facet normal 0 0 1
    outer loop
      vertex 74.05 72.25 5.39
      vertex 66.5 70.7 5.39
      vertex 72.85 70.65 5.39
    endloop
  endfacet
  facet normal 0 0 1
    outer loop
      vertex 74.05 72.25 5.39
      vertex 30.5 70.7 5.39
      vertex 66.5 70.7 5.39
    endloop
  endfacet
  facet normal 0 0 1
    outer loop
      vertex 30.5 70.7 5.39
      vertex 10.062 70.65 5.39
      vertex 30.5 70.65 5.39
    endloop
  endfacet
  facet normal -0 0 1
    outer loop
      vertex 4.35 72.25 5.39
      vertex 30.5 70.7 5.39
      vertex 74.05 72.25 5.39
    endloop
  endfacet
  facet normal 0 0 1
    outer loop
      vertex 30.5 70.7 5.39
      vertex 10.0336 70.6743 5.39
      vertex 10.062 70.65 5.39
    endloop
  endfacet
  facet normal 0 0 1
    outer loop
      vertex 30.5 70.7 5.39
      vertex 9.52516 70.9858 5.39
      vertex 10.0336 70.6743 5.39
    endloop
  endfacet
  facet normal 0 0 1
    outer loop
      vertex 30.5 70.7 5.39
      vertex 8.97426 71.214 5.39
      vertex 9.52516 70.9858 5.39
    endloop
  endfacet
  facet normal 0 0 1
    outer loop
      vertex 30.5 70.7 5.39
      vertex 8.39445 71.3532 5.39
      vertex 8.97426 71.214 5.39
    endloop
  endfacet
  facet normal 0 0 1
    outer loop
      vertex 30.5 70.7 5.39
      vertex 4.35 72.25 5.39
      vertex 8.39445 71.3532 5.39
    endloop
  endfacet
  facet normal 0 0 1
    outer loop
      vertex 5.56642 70.6743 5.39
      vertex 5.42485 70.6402 5.39
      vertex 5.53679 70.649 5.39
    endloop
  endfacet
  facet normal 0 0 1
    outer loop
      vertex 4.35 72.25 5.39
      vertex 5.56642 70.6743 5.39
      vertex 6.07484 70.9858 5.39
    endloop
  endfacet
  facet normal 0 0 1
    outer loop
      vertex 5.56642 70.6743 5.39
      vertex 4.35 72.25 5.39
      vertex 5.42485 70.6402 5.39
    endloop
  endfacet
  facet normal 0 0 1
    outer loop
      vertex 5.42485 70.6402 5.39
      vertex 4.35 72.25 5.39
      vertex 5.30279 70.6108 5.39
    endloop
  endfacet
  facet normal 0 0 1
    outer loop
      vertex 4.75985 69.9751 5.39
      vertex 4.72573 69.8336 5.39
      vertex 4.75104 69.8632 5.39
    endloop
  endfacet
  facet normal 0 0 1
    outer loop
      vertex 3.15 71.05 5.39
      vertex 4.75985 69.9751 5.39
      vertex 4.78915 70.0972 5.39
    endloop
  endfacet
  facet normal 0 0 1
    outer loop
      vertex 4.75985 69.9751 5.39
      vertex 3.15 71.05 5.39
      vertex 4.72573 69.8336 5.39
    endloop
  endfacet
  facet normal 0 0 1
    outer loop
      vertex 3.15 71.05 5.39
      vertex 4.78915 70.0972 5.39
      vertex 4.83719 70.2132 5.39
    endloop
  endfacet
  facet normal 0 0 1
    outer loop
      vertex 8.39445 71.3532 5.39
      vertex 4.35 72.25 5.39
      vertex 7.8 71.4 5.39
    endloop
  endfacet
  facet normal 0 0 1
    outer loop
      vertex 4.35 72.25 5.39
      vertex 7.20555 71.3532 5.39
      vertex 7.8 71.4 5.39
    endloop
  endfacet
  facet normal 0 0 1
    outer loop
      vertex 4.35 72.25 5.39
      vertex 6.62574 71.214 5.39
      vertex 7.20555 71.3532 5.39
    endloop
  endfacet
  facet normal 0 0 1
    outer loop
      vertex 4.35 72.25 5.39
      vertex 6.07484 70.9858 5.39
      vertex 6.62574 71.214 5.39
    endloop
  endfacet
  facet normal 0 0 1
    outer loop
      vertex 5.30279 70.6108 5.39
      vertex 4.35 72.25 5.39
      vertex 5.18681 70.5628 5.39
    endloop
  endfacet
  facet normal 0 0 1
    outer loop
      vertex 4.35 72.25 5.39
      vertex 5.07977 70.4972 5.39
      vertex 5.18681 70.5628 5.39
    endloop
  endfacet
  facet normal 0 0 1
    outer loop
      vertex 4.35 72.25 5.39
      vertex 4.98431 70.4157 5.39
      vertex 5.07977 70.4972 5.39
    endloop
  endfacet
  facet normal -0 0 1
    outer loop
      vertex 4.16228 72.2352 5.39
      vertex 4.98431 70.4157 5.39
      vertex 4.35 72.25 5.39
    endloop
  endfacet
  facet normal -0 0 1
    outer loop
      vertex 3.97918 72.1913 5.39
      vertex 4.98431 70.4157 5.39
      vertex 4.16228 72.2352 5.39
    endloop
  endfacet
  facet normal -0 0 1
    outer loop
      vertex 3.80521 72.1192 5.39
      vertex 4.98431 70.4157 5.39
      vertex 3.97918 72.1913 5.39
    endloop
  endfacet
  facet normal 0 0 1
    outer loop
      vertex 4.72573 69.8336 5.39
      vertex 3.15 71.05 5.39
      vertex 4.41418 69.3252 5.39
    endloop
  endfacet
  facet normal -0 0 1
    outer loop
      vertex 3.64466 72.0208 5.39
      vertex 4.98431 70.4157 5.39
      vertex 3.80521 72.1192 5.39
    endloop
  endfacet
  facet normal 0 0 1
    outer loop
      vertex 4.41418 69.3252 5.39
      vertex 3.15 71.05 5.39
      vertex 4.18598 68.7743 5.39
    endloop
  endfacet
  facet normal 0 0 1
    outer loop
      vertex 4.18598 68.7743 5.39
      vertex 3.15 71.05 5.39
      vertex 4.04678 68.1945 5.39
    endloop
  endfacet
  facet normal 0 0 1
    outer loop
      vertex 4.04678 68.1945 5.39
      vertex 3.15 71.05 5.39
      vertex 4 67.6 5.39
    endloop
  endfacet
  facet normal -0 0 1
    outer loop
      vertex 3.50147 71.8985 5.39
      vertex 4.98431 70.4157 5.39
      vertex 3.64466 72.0208 5.39
    endloop
  endfacet
  facet normal -0 0 1
    outer loop
      vertex 73.787 34.013 5.39
      vertex 75.25 4.35 5.39
      vertex 74.1743 34.4664 5.39
    endloop
  endfacet
  facet normal -0 0 1
    outer loop
      vertex 73.65 33.896 5.39
      vertex 75.25 4.35 5.39
      vertex 73.787 34.013 5.39
    endloop
  endfacet
  facet normal -0 0 1
    outer loop
      vertex 73.6402 5.42485 5.39
      vertex 75.25 4.35 5.39
      vertex 73.65 5.55 5.39
    endloop
  endfacet
  facet normal -0 0 1
    outer loop
      vertex 73.5628 5.18681 5.39
      vertex 75.25 4.35 5.39
      vertex 73.6108 5.30279 5.39
    endloop
  endfacet
  facet normal -0 0 1
    outer loop
      vertex 73.4157 4.98431 5.39
      vertex 75.25 4.35 5.39
      vertex 73.4972 5.07977 5.39
    endloop
  endfacet
  facet normal 0 0 1
    outer loop
      vertex 75.25 4.35 5.39
      vertex 73.4157 4.98431 5.39
      vertex 75.2352 4.16228 5.39
    endloop
  endfacet
  facet normal 0 0 1
    outer loop
      vertex 75.2352 4.16228 5.39
      vertex 73.4157 4.98431 5.39
      vertex 75.1913 3.97918 5.39
    endloop
  endfacet
  facet normal 0 0 1
    outer loop
      vertex 75.1913 3.97918 5.39
      vertex 73.4157 4.98431 5.39
      vertex 75.1192 3.80521 5.39
    endloop
  endfacet
  facet normal -0 0 1
    outer loop
      vertex 73.4972 5.07977 5.39
      vertex 75.25 4.35 5.39
      vertex 73.5628 5.18681 5.39
    endloop
  endfacet
  facet normal 0 0 1
    outer loop
      vertex 75.1192 3.80521 5.39
      vertex 73.4157 4.98431 5.39
      vertex 75.0208 3.64466 5.39
    endloop
  endfacet
  facet normal -0 0 1
    outer loop
      vertex 73.6108 5.30279 5.39
      vertex 75.25 4.35 5.39
      vertex 73.6402 5.42485 5.39
    endloop
  endfacet
  facet normal 0 0 1
    outer loop
      vertex 75.25 4.35 5.39
      vertex 73.65 33.896 5.39
      vertex 73.65 5.55 5.39
    endloop
  endfacet
  facet normal 0 0 1
    outer loop
      vertex 75.0208 3.64466 5.39
      vertex 73.4157 4.98431 5.39
      vertex 74.8985 3.50147 5.39
    endloop
  endfacet
  facet normal 0 0 1
    outer loop
      vertex 74.8985 3.50147 5.39
      vertex 73.4157 4.98431 5.39
      vertex 74.7553 3.37918 5.39
    endloop
  endfacet
  facet normal 0 0 1
    outer loop
      vertex 74.7553 3.37918 5.39
      vertex 73.4157 4.98431 5.39
      vertex 74.5948 3.28079 5.39
    endloop
  endfacet
  facet normal 0 0 1
    outer loop
      vertex 74.5948 3.28079 5.39
      vertex 73.4157 4.98431 5.39
      vertex 74.4208 3.20873 5.39
    endloop
  endfacet
  facet normal 0 0 1
    outer loop
      vertex 74.4208 3.20873 5.39
      vertex 73.4157 4.98431 5.39
      vertex 74.2377 3.16477 5.39
    endloop
  endfacet
  facet normal 0 0 1
    outer loop
      vertex 74.2377 3.16477 5.39
      vertex 73.4157 4.98431 5.39
      vertex 74.05 3.15 5.39
    endloop
  endfacet
  facet normal -0 0 1
    outer loop
      vertex 73.3202 4.90279 5.39
      vertex 74.05 3.15 5.39
      vertex 73.4157 4.98431 5.39
    endloop
  endfacet
  facet normal -0 0 1
    outer loop
      vertex 73.2132 4.83719 5.39
      vertex 74.05 3.15 5.39
      vertex 73.3202 4.90279 5.39
    endloop
  endfacet
  facet normal -0 0 1
    outer loop
      vertex 73.0972 4.78915 5.39
      vertex 74.05 3.15 5.39
      vertex 73.2132 4.83719 5.39
    endloop
  endfacet
  facet normal -0 0 1
    outer loop
      vertex 72.9751 4.75985 5.39
      vertex 74.05 3.15 5.39
      vertex 73.0972 4.78915 5.39
    endloop
  endfacet
  facet normal -0 0 1
    outer loop
      vertex 72.85 4.75 5.39
      vertex 74.05 3.15 5.39
      vertex 72.9751 4.75985 5.39
    endloop
  endfacet
  facet normal 0 0 1
    outer loop
      vertex 67.2 4.7 5.39
      vertex 72.85 4.75 5.39
      vertex 67.2 4.75 5.39
    endloop
  endfacet
  facet normal 0 0 1
    outer loop
      vertex 72.85 4.75 5.39
      vertex 67.2 4.7 5.39
      vertex 74.05 3.15 5.39
    endloop
  endfacet
  facet normal -0 0 1
    outer loop
      vertex 27.2 4.7 5.39
      vertex 74.05 3.15 5.39
      vertex 67.2 4.7 5.39
    endloop
  endfacet
  facet normal -0 0 1
    outer loop
      vertex 10.0336 4.72573 5.39
      vertex 27.2 4.7 5.39
      vertex 10.062 4.75 5.39
    endloop
  endfacet
  facet normal 0 0 1
    outer loop
      vertex 9.52516 4.41418 5.39
      vertex 27.2 4.7 5.39
      vertex 10.0336 4.72573 5.39
    endloop
  endfacet
  facet normal 0 0 1
    outer loop
      vertex 8.97426 4.18598 5.39
      vertex 27.2 4.7 5.39
      vertex 9.52516 4.41418 5.39
    endloop
  endfacet
  facet normal 0 0 1
    outer loop
      vertex 8.39445 4.04678 5.39
      vertex 27.2 4.7 5.39
      vertex 8.97426 4.18598 5.39
    endloop
  endfacet
  facet normal 0 0 1
    outer loop
      vertex 4.35 3.15 5.39
      vertex 27.2 4.7 5.39
      vertex 8.39445 4.04678 5.39
    endloop
  endfacet
  facet normal 0 0 1
    outer loop
      vertex 4.35 3.15 5.39
      vertex 8.39445 4.04678 5.39
      vertex 7.8 4 5.39
    endloop
  endfacet
  facet normal 0 0 1
    outer loop
      vertex 5.42485 4.75985 5.39
      vertex 5.56642 4.72573 5.39
      vertex 5.53679 4.75104 5.39
    endloop
  endfacet
  facet normal 0 0 1
    outer loop
      vertex 4.35 3.15 5.39
      vertex 5.56642 4.72573 5.39
      vertex 5.42485 4.75985 5.39
    endloop
  endfacet
  facet normal 0 0 1
    outer loop
      vertex 4.35 3.15 5.39
      vertex 5.42485 4.75985 5.39
      vertex 5.30279 4.78915 5.39
    endloop
  endfacet
  facet normal 0 0 1
    outer loop
      vertex 4.35 3.15 5.39
      vertex 5.30279 4.78915 5.39
      vertex 5.18681 4.83719 5.39
    endloop
  endfacet
  facet normal 0 0 1
    outer loop
      vertex 4.72573 5.56642 5.39
      vertex 4.75985 5.42485 5.39
      vertex 4.75104 5.53679 5.39
    endloop
  endfacet
  facet normal 0 0 1
    outer loop
      vertex 3.15 4.35 5.39
      vertex 4.75985 5.42485 5.39
      vertex 4.72573 5.56642 5.39
    endloop
  endfacet
  facet normal 0 0 1
    outer loop
      vertex 3.15 4.35 5.39
      vertex 4.72573 5.56642 5.39
      vertex 4.41418 6.07484 5.39
    endloop
  endfacet
  facet normal 0 0 1
    outer loop
      vertex 4.75985 5.42485 5.39
      vertex 3.15 4.35 5.39
      vertex 4.78915 5.30279 5.39
    endloop
  endfacet
  facet normal 0 0 1
    outer loop
      vertex 27.2 4.7 5.39
      vertex 4.35 3.15 5.39
      vertex 74.05 3.15 5.39
    endloop
  endfacet
  facet normal 0 0 1
    outer loop
      vertex 7.20555 4.04678 5.39
      vertex 4.35 3.15 5.39
      vertex 7.8 4 5.39
    endloop
  endfacet
  facet normal 0 0 1
    outer loop
      vertex 6.62574 4.18598 5.39
      vertex 4.35 3.15 5.39
      vertex 7.20555 4.04678 5.39
    endloop
  endfacet
  facet normal 0 0 1
    outer loop
      vertex 6.07484 4.41418 5.39
      vertex 4.35 3.15 5.39
      vertex 6.62574 4.18598 5.39
    endloop
  endfacet
  facet normal 0 0 1
    outer loop
      vertex 5.56642 4.72573 5.39
      vertex 4.35 3.15 5.39
      vertex 6.07484 4.41418 5.39
    endloop
  endfacet
  facet normal 0 0 1
    outer loop
      vertex 5.07977 4.90279 5.39
      vertex 4.35 3.15 5.39
      vertex 5.18681 4.83719 5.39
    endloop
  endfacet
  facet normal 0 0 1
    outer loop
      vertex 4.98431 4.98431 5.39
      vertex 4.35 3.15 5.39
      vertex 5.07977 4.90279 5.39
    endloop
  endfacet
  facet normal 0 0 1
    outer loop
      vertex 3.15 4.35 5.39
      vertex 4.98431 4.98431 5.39
      vertex 4.90279 5.07977 5.39
    endloop
  endfacet
  facet normal 0 0 1
    outer loop
      vertex 3.15 4.35 5.39
      vertex 4.90279 5.07977 5.39
      vertex 4.83719 5.18681 5.39
    endloop
  endfacet
  facet normal 0 0 1
    outer loop
      vertex 4.78915 5.30279 5.39
      vertex 3.15 4.35 5.39
      vertex 4.83719 5.18681 5.39
    endloop
  endfacet
  facet normal 0 0 1
    outer loop
      vertex 3.15 4.35 5.39
      vertex 4.41418 6.07484 5.39
      vertex 4.18598 6.62574 5.39
    endloop
  endfacet
  facet normal 0 0 1
    outer loop
      vertex 4.98431 4.98431 5.39
      vertex 3.15 4.35 5.39
      vertex 3.16477 4.16228 5.39
    endloop
  endfacet
  facet normal 0 0 1
    outer loop
      vertex 3.15 4.35 5.39
      vertex 4.18598 6.62574 5.39
      vertex 4.04678 7.20555 5.39
    endloop
  endfacet
  facet normal 0 0 1
    outer loop
      vertex 3.15 4.35 5.39
      vertex 4.04678 7.20555 5.39
      vertex 4 7.8 5.39
    endloop
  endfacet
  facet normal 0 0 1
    outer loop
      vertex 4.98431 4.98431 5.39
      vertex 4.16228 3.16477 5.39
      vertex 4.35 3.15 5.39
    endloop
  endfacet
  facet normal 0 0 1
    outer loop
      vertex 3.15 4.35 5.39
      vertex 4.04678 8.39445 5.39
      vertex 3.15 71.05 5.39
    endloop
  endfacet
  facet normal -0 0 1
    outer loop
      vertex 3.37918 71.7553 5.39
      vertex 4.98431 70.4157 5.39
      vertex 3.50147 71.8985 5.39
    endloop
  endfacet
  facet normal 0 0 1
    outer loop
      vertex 4.04678 8.39445 5.39
      vertex 3.15 4.35 5.39
      vertex 4 7.8 5.39
    endloop
  endfacet
  facet normal -0 0 1
    outer loop
      vertex 3.28079 71.5948 5.39
      vertex 4.98431 70.4157 5.39
      vertex 3.37918 71.7553 5.39
    endloop
  endfacet
  facet normal 0 0 1
    outer loop
      vertex 4.98431 4.98431 5.39
      vertex 3.97918 3.20873 5.39
      vertex 4.16228 3.16477 5.39
    endloop
  endfacet
  facet normal -0 0 1
    outer loop
      vertex 3.20873 71.4208 5.39
      vertex 4.98431 70.4157 5.39
      vertex 3.28079 71.5948 5.39
    endloop
  endfacet
  facet normal 0 0 1
    outer loop
      vertex 4.98431 4.98431 5.39
      vertex 3.80521 3.28079 5.39
      vertex 3.97918 3.20873 5.39
    endloop
  endfacet
  facet normal -0 0 1
    outer loop
      vertex 3.16477 71.2377 5.39
      vertex 4.98431 70.4157 5.39
      vertex 3.20873 71.4208 5.39
    endloop
  endfacet
  facet normal 0 0 1
    outer loop
      vertex 4.98431 4.98431 5.39
      vertex 3.64466 3.37918 5.39
      vertex 3.80521 3.28079 5.39
    endloop
  endfacet
  facet normal -0 0 1
    outer loop
      vertex 3.15 71.05 5.39
      vertex 4.98431 70.4157 5.39
      vertex 3.16477 71.2377 5.39
    endloop
  endfacet
  facet normal 0 0 1
    outer loop
      vertex 4.98431 4.98431 5.39
      vertex 3.50147 3.50147 5.39
      vertex 3.64466 3.37918 5.39
    endloop
  endfacet
  facet normal 0 0 1
    outer loop
      vertex 4.98431 70.4157 5.39
      vertex 3.15 71.05 5.39
      vertex 4.90279 70.3202 5.39
    endloop
  endfacet
  facet normal 0 0 1
    outer loop
      vertex 4.98431 4.98431 5.39
      vertex 3.37918 3.64466 5.39
      vertex 3.50147 3.50147 5.39
    endloop
  endfacet
  facet normal 0 0 1
    outer loop
      vertex 4.90279 70.3202 5.39
      vertex 3.15 71.05 5.39
      vertex 4.83719 70.2132 5.39
    endloop
  endfacet
  facet normal 0 0 1
    outer loop
      vertex 4.98431 4.98431 5.39
      vertex 3.28079 3.80521 5.39
      vertex 3.37918 3.64466 5.39
    endloop
  endfacet
  facet normal 0 0 1
    outer loop
      vertex 4.98431 4.98431 5.39
      vertex 3.20873 3.97918 5.39
      vertex 3.28079 3.80521 5.39
    endloop
  endfacet
  facet normal 0 0 1
    outer loop
      vertex 4.98431 4.98431 5.39
      vertex 3.16477 4.16228 5.39
      vertex 3.20873 3.97918 5.39
    endloop
  endfacet
  facet normal 0 0 1
    outer loop
      vertex 75.25 71.05 5.39
      vertex 73.65 39.504 5.39
      vertex 73.787 39.387 5.39
    endloop
  endfacet
  facet normal 0 0 1
    outer loop
      vertex 72.85 70.65 5.39
      vertex 66.5 70.7 5.39
      vertex 66.5 70.65 5.39
    endloop
  endfacet
  facet normal -0.0785969 0.996906 0
    outer loop
      vertex 4.35 72.25 2.4
      vertex 4.16228 72.2352 5.39
      vertex 4.35 72.25 5.39
    endloop
  endfacet
  facet normal -0.0785969 0.996906 0
    outer loop
      vertex 4.16228 72.2352 5.39
      vertex 4.35 72.25 2.4
      vertex 4.16228 72.2352 2.4
    endloop
  endfacet
  facet normal -0.852556 0.522636 0
    outer loop
      vertex 3.28079 71.5948 2.4
      vertex 3.37918 71.7553 5.39
      vertex 3.37918 71.7553 2.4
    endloop
  endfacet
  facet normal -0.852556 0.522636 0
    outer loop
      vertex 3.37918 71.7553 5.39
      vertex 3.28079 71.5948 2.4
      vertex 3.28079 71.5948 5.39
    endloop
  endfacet
  facet normal 0 -1 0
    outer loop
      vertex 4.35 3.15 2.4
      vertex 74.05 3.15 5.39
      vertex 4.35 3.15 5.39
    endloop
  endfacet
  facet normal 0 -1 -0
    outer loop
      vertex 74.05 3.15 5.39
      vertex 4.35 3.15 2.4
      vertex 74.05 3.15 2.4
    endloop
  endfacet
  facet normal 0 1 -0
    outer loop
      vertex 74.05 72.25 2.4
      vertex 4.35 72.25 5.39
      vertex 74.05 72.25 5.39
    endloop
  endfacet
  facet normal 0 1 0
    outer loop
      vertex 4.35 72.25 5.39
      vertex 74.05 72.25 2.4
      vertex 4.35 72.25 2.4
    endloop
  endfacet
  facet normal -0.233152 0.97244 0
    outer loop
      vertex 4.16228 72.2352 2.4
      vertex 3.97918 72.1913 5.39
      vertex 4.16228 72.2352 5.39
    endloop
  endfacet
  facet normal -0.233152 0.97244 0
    outer loop
      vertex 3.97918 72.1913 5.39
      vertex 4.16228 72.2352 2.4
      vertex 3.97918 72.1913 2.4
    endloop
  endfacet
  facet normal -1 0 0
    outer loop
      vertex 3.15 4.35 2.4
      vertex 3.15 71.05 5.39
      vertex 3.15 71.05 2.4
    endloop
  endfacet
  facet normal -1 -0 0
    outer loop
      vertex 3.15 71.05 5.39
      vertex 3.15 4.35 2.4
      vertex 3.15 4.35 5.39
    endloop
  endfacet
  facet normal 0.0784469 -0.996918 0
    outer loop
      vertex 74.05 3.15 2.4
      vertex 74.2377 3.16477 5.39
      vertex 74.05 3.15 5.39
    endloop
  endfacet
  facet normal 0.0784469 -0.996918 0
    outer loop
      vertex 74.2377 3.16477 5.39
      vertex 74.05 3.15 2.4
      vertex 74.2377 3.16477 2.4
    endloop
  endfacet
  facet normal 1 -0 0
    outer loop
      vertex 75.25 4.35 5.39
      vertex 75.25 71.05 2.4
      vertex 75.25 71.05 5.39
    endloop
  endfacet
  facet normal 1 0 0
    outer loop
      vertex 75.25 71.05 2.4
      vertex 75.25 4.35 5.39
      vertex 75.25 4.35 2.4
    endloop
  endfacet
  facet normal -0.522556 0.852605 0
    outer loop
      vertex 3.80521 72.1192 2.4
      vertex 3.64466 72.0208 5.39
      vertex 3.80521 72.1192 5.39
    endloop
  endfacet
  facet normal -0.522556 0.852605 0
    outer loop
      vertex 3.64466 72.0208 5.39
      vertex 3.80521 72.1192 2.4
      vertex 3.64466 72.0208 2.4
    endloop
  endfacet
  facet normal -0.972368 0.233453 0
    outer loop
      vertex 3.16477 71.2377 2.4
      vertex 3.20873 71.4208 5.39
      vertex 3.20873 71.4208 2.4
    endloop
  endfacet
  facet normal -0.972368 0.233453 0
    outer loop
      vertex 3.20873 71.4208 5.39
      vertex 3.16477 71.2377 2.4
      vertex 3.16477 71.2377 5.39
    endloop
  endfacet
  facet normal -0.649461 0.760395 0
    outer loop
      vertex 3.64466 72.0208 2.4
      vertex 3.50147 71.8985 5.39
      vertex 3.64466 72.0208 5.39
    endloop
  endfacet
  facet normal -0.649461 0.760395 0
    outer loop
      vertex 3.50147 71.8985 5.39
      vertex 3.64466 72.0208 2.4
      vertex 3.50147 71.8985 2.4
    endloop
  endfacet
  facet normal 0.996906 -0.0785969 0
    outer loop
      vertex 75.2352 4.16228 5.39
      vertex 75.25 4.35 2.4
      vertex 75.25 4.35 5.39
    endloop
  endfacet
  facet normal 0.996906 -0.0785969 0
    outer loop
      vertex 75.25 4.35 2.4
      vertex 75.2352 4.16228 5.39
      vertex 75.2352 4.16228 2.4
    endloop
  endfacet
  facet normal 0.233152 0.97244 -0
    outer loop
      vertex 74.4208 72.1913 2.4
      vertex 74.2377 72.2352 5.39
      vertex 74.4208 72.1913 5.39
    endloop
  endfacet
  facet normal 0.233152 0.97244 0
    outer loop
      vertex 74.2377 72.2352 5.39
      vertex 74.4208 72.1913 2.4
      vertex 74.2377 72.2352 2.4
    endloop
  endfacet
  facet normal -0.382861 0.923806 0
    outer loop
      vertex 3.97918 72.1913 2.4
      vertex 3.80521 72.1192 5.39
      vertex 3.97918 72.1913 5.39
    endloop
  endfacet
  facet normal -0.382861 0.923806 0
    outer loop
      vertex 3.80521 72.1192 5.39
      vertex 3.97918 72.1913 2.4
      vertex 3.80521 72.1192 2.4
    endloop
  endfacet
  facet normal -0.923904 0.382624 0
    outer loop
      vertex 3.20873 71.4208 2.4
      vertex 3.28079 71.5948 5.39
      vertex 3.28079 71.5948 2.4
    endloop
  endfacet
  facet normal -0.923904 0.382624 0
    outer loop
      vertex 3.28079 71.5948 5.39
      vertex 3.20873 71.4208 2.4
      vertex 3.20873 71.4208 5.39
    endloop
  endfacet
  facet normal -0.760444 0.649404 0
    outer loop
      vertex 3.37918 71.7553 2.4
      vertex 3.50147 71.8985 5.39
      vertex 3.50147 71.8985 2.4
    endloop
  endfacet
  facet normal -0.760444 0.649404 0
    outer loop
      vertex 3.50147 71.8985 5.39
      vertex 3.37918 71.7553 2.4
      vertex 3.37918 71.7553 5.39
    endloop
  endfacet
  facet normal -0.0784386 -0.996919 0
    outer loop
      vertex 4.16228 3.16477 2.4
      vertex 4.35 3.15 5.39
      vertex 4.16228 3.16477 5.39
    endloop
  endfacet
  facet normal -0.0784386 -0.996919 -0
    outer loop
      vertex 4.35 3.15 5.39
      vertex 4.16228 3.16477 2.4
      vertex 4.35 3.15 2.4
    endloop
  endfacet
  facet normal 0.233453 -0.972368 0
    outer loop
      vertex 74.2377 3.16477 2.4
      vertex 74.4208 3.20873 5.39
      vertex 74.2377 3.16477 5.39
    endloop
  endfacet
  facet normal 0.233453 -0.972368 0
    outer loop
      vertex 74.4208 3.20873 5.39
      vertex 74.2377 3.16477 2.4
      vertex 74.4208 3.20873 2.4
    endloop
  endfacet
  facet normal 0.923806 -0.382861 0
    outer loop
      vertex 75.1192 3.80521 5.39
      vertex 75.1913 3.97918 2.4
      vertex 75.1913 3.97918 5.39
    endloop
  endfacet
  facet normal 0.923806 -0.382861 0
    outer loop
      vertex 75.1913 3.97918 2.4
      vertex 75.1192 3.80521 5.39
      vertex 75.1192 3.80521 2.4
    endloop
  endfacet
  facet normal 0.649404 -0.760444 0
    outer loop
      vertex 74.7553 3.37918 2.4
      vertex 74.8985 3.50147 5.39
      vertex 74.7553 3.37918 5.39
    endloop
  endfacet
  facet normal 0.649404 -0.760444 0
    outer loop
      vertex 74.8985 3.50147 5.39
      vertex 74.7553 3.37918 2.4
      vertex 74.8985 3.50147 2.4
    endloop
  endfacet
  facet normal 0.522636 -0.852556 0
    outer loop
      vertex 74.5948 3.28079 2.4
      vertex 74.7553 3.37918 5.39
      vertex 74.5948 3.28079 5.39
    endloop
  endfacet
  facet normal 0.522636 -0.852556 0
    outer loop
      vertex 74.7553 3.37918 5.39
      vertex 74.5948 3.28079 2.4
      vertex 74.7553 3.37918 2.4
    endloop
  endfacet
  facet normal 0.0786053 0.996906 -0
    outer loop
      vertex 74.2377 72.2352 2.4
      vertex 74.05 72.25 5.39
      vertex 74.2377 72.2352 5.39
    endloop
  endfacet
  facet normal 0.0786053 0.996906 0
    outer loop
      vertex 74.05 72.25 5.39
      vertex 74.2377 72.2352 2.4
      vertex 74.05 72.25 2.4
    endloop
  endfacet
  facet normal -0.852629 -0.522517 0
    outer loop
      vertex 3.37918 3.64466 2.4
      vertex 3.28079 3.80521 5.39
      vertex 3.28079 3.80521 2.4
    endloop
  endfacet
  facet normal -0.852629 -0.522517 0
    outer loop
      vertex 3.28079 3.80521 5.39
      vertex 3.37918 3.64466 2.4
      vertex 3.37918 3.64466 5.39
    endloop
  endfacet
  facet normal -0.760421 -0.64943 0
    outer loop
      vertex 3.50147 3.50147 2.4
      vertex 3.37918 3.64466 5.39
      vertex 3.37918 3.64466 2.4
    endloop
  endfacet
  facet normal -0.760421 -0.64943 0
    outer loop
      vertex 3.37918 3.64466 5.39
      vertex 3.50147 3.50147 2.4
      vertex 3.50147 3.50147 5.39
    endloop
  endfacet
  facet normal 0.649435 0.760417 -0
    outer loop
      vertex 74.8985 71.8985 2.4
      vertex 74.7553 72.0208 5.39
      vertex 74.8985 71.8985 5.39
    endloop
  endfacet
  facet normal 0.649435 0.760417 0
    outer loop
      vertex 74.7553 72.0208 5.39
      vertex 74.8985 71.8985 2.4
      vertex 74.7553 72.0208 2.4
    endloop
  endfacet
  facet normal 0.522674 0.852533 -0
    outer loop
      vertex 74.7553 72.0208 2.4
      vertex 74.5948 72.1192 5.39
      vertex 74.7553 72.0208 5.39
    endloop
  endfacet
  facet normal 0.522674 0.852533 0
    outer loop
      vertex 74.5948 72.1192 5.39
      vertex 74.7553 72.0208 2.4
      vertex 74.5948 72.1192 2.4
    endloop
  endfacet
  facet normal 0.760417 0.649435 0
    outer loop
      vertex 75.0208 71.7553 5.39
      vertex 74.8985 71.8985 2.4
      vertex 74.8985 71.8985 5.39
    endloop
  endfacet
  facet normal 0.760417 0.649435 0
    outer loop
      vertex 74.8985 71.8985 2.4
      vertex 75.0208 71.7553 5.39
      vertex 75.0208 71.7553 2.4
    endloop
  endfacet
  facet normal 0.923829 0.382805 0
    outer loop
      vertex 75.1913 71.4208 5.39
      vertex 75.1192 71.5948 2.4
      vertex 75.1192 71.5948 5.39
    endloop
  endfacet
  facet normal 0.923829 0.382805 0
    outer loop
      vertex 75.1192 71.5948 2.4
      vertex 75.1913 71.4208 5.39
      vertex 75.1913 71.4208 2.4
    endloop
  endfacet
  facet normal 0.97244 -0.233152 0
    outer loop
      vertex 75.1913 3.97918 5.39
      vertex 75.2352 4.16228 2.4
      vertex 75.2352 4.16228 5.39
    endloop
  endfacet
  facet normal 0.97244 -0.233152 0
    outer loop
      vertex 75.2352 4.16228 2.4
      vertex 75.1913 3.97918 5.39
      vertex 75.1913 3.97918 2.4
    endloop
  endfacet
  facet normal 0.382624 -0.923904 0
    outer loop
      vertex 74.4208 3.20873 2.4
      vertex 74.5948 3.28079 5.39
      vertex 74.4208 3.20873 5.39
    endloop
  endfacet
  facet normal 0.382624 -0.923904 0
    outer loop
      vertex 74.5948 3.28079 5.39
      vertex 74.4208 3.20873 2.4
      vertex 74.5948 3.28079 2.4
    endloop
  endfacet
  facet normal 0.852605 -0.522556 0
    outer loop
      vertex 75.0208 3.64466 5.39
      vertex 75.1192 3.80521 2.4
      vertex 75.1192 3.80521 5.39
    endloop
  endfacet
  facet normal 0.852605 -0.522556 0
    outer loop
      vertex 75.1192 3.80521 2.4
      vertex 75.0208 3.64466 5.39
      vertex 75.0208 3.64466 2.4
    endloop
  endfacet
  facet normal 0.760395 -0.649461 0
    outer loop
      vertex 74.8985 3.50147 5.39
      vertex 75.0208 3.64466 2.4
      vertex 75.0208 3.64466 5.39
    endloop
  endfacet
  facet normal 0.760395 -0.649461 0
    outer loop
      vertex 75.0208 3.64466 2.4
      vertex 74.8985 3.50147 5.39
      vertex 74.8985 3.50147 2.4
    endloop
  endfacet
  facet normal -0.923881 -0.38268 0
    outer loop
      vertex 3.28079 3.80521 2.4
      vertex 3.20873 3.97918 5.39
      vertex 3.20873 3.97918 2.4
    endloop
  endfacet
  facet normal -0.923881 -0.38268 0
    outer loop
      vertex 3.20873 3.97918 5.39
      vertex 3.28079 3.80521 2.4
      vertex 3.28079 3.80521 5.39
    endloop
  endfacet
  facet normal -0.972368 -0.233453 0
    outer loop
      vertex 3.20873 3.97918 2.4
      vertex 3.16477 4.16228 5.39
      vertex 3.16477 4.16228 2.4
    endloop
  endfacet
  facet normal -0.972368 -0.233453 0
    outer loop
      vertex 3.16477 4.16228 5.39
      vertex 3.20873 3.97918 2.4
      vertex 3.20873 3.97918 5.39
    endloop
  endfacet
  facet normal -0.996919 -0.0784386 0
    outer loop
      vertex 3.16477 4.16228 2.4
      vertex 3.15 4.35 5.39
      vertex 3.15 4.35 2.4
    endloop
  endfacet
  facet normal -0.996919 -0.0784386 0
    outer loop
      vertex 3.15 4.35 5.39
      vertex 3.16477 4.16228 2.4
      vertex 3.16477 4.16228 5.39
    endloop
  endfacet
  facet normal -0.522517 -0.852629 0
    outer loop
      vertex 3.64466 3.37918 2.4
      vertex 3.80521 3.28079 5.39
      vertex 3.64466 3.37918 5.39
    endloop
  endfacet
  facet normal -0.522517 -0.852629 -0
    outer loop
      vertex 3.80521 3.28079 5.39
      vertex 3.64466 3.37918 2.4
      vertex 3.80521 3.28079 2.4
    endloop
  endfacet
  facet normal -0.64943 -0.760421 0
    outer loop
      vertex 3.50147 3.50147 2.4
      vertex 3.64466 3.37918 5.39
      vertex 3.50147 3.50147 5.39
    endloop
  endfacet
  facet normal -0.64943 -0.760421 -0
    outer loop
      vertex 3.64466 3.37918 5.39
      vertex 3.50147 3.50147 2.4
      vertex 3.64466 3.37918 2.4
    endloop
  endfacet
  facet normal 0.382805 0.923829 -0
    outer loop
      vertex 74.5948 72.1192 2.4
      vertex 74.4208 72.1913 5.39
      vertex 74.5948 72.1192 5.39
    endloop
  endfacet
  facet normal 0.382805 0.923829 0
    outer loop
      vertex 74.4208 72.1913 5.39
      vertex 74.5948 72.1192 2.4
      vertex 74.4208 72.1913 2.4
    endloop
  endfacet
  facet normal 0.852533 0.522674 0
    outer loop
      vertex 75.1192 71.5948 5.39
      vertex 75.0208 71.7553 2.4
      vertex 75.0208 71.7553 5.39
    endloop
  endfacet
  facet normal 0.852533 0.522674 0
    outer loop
      vertex 75.0208 71.7553 2.4
      vertex 75.1192 71.5948 5.39
      vertex 75.1192 71.5948 2.4
    endloop
  endfacet
  facet normal 0.97244 0.233152 0
    outer loop
      vertex 75.2352 71.2377 5.39
      vertex 75.1913 71.4208 2.4
      vertex 75.1913 71.4208 5.39
    endloop
  endfacet
  facet normal 0.97244 0.233152 0
    outer loop
      vertex 75.1913 71.4208 2.4
      vertex 75.2352 71.2377 5.39
      vertex 75.2352 71.2377 2.4
    endloop
  endfacet
  facet normal 0.996906 0.0786053 0
    outer loop
      vertex 75.25 71.05 5.39
      vertex 75.2352 71.2377 2.4
      vertex 75.2352 71.2377 5.39
    endloop
  endfacet
  facet normal 0.996906 0.0786053 0
    outer loop
      vertex 75.2352 71.2377 2.4
      vertex 75.25 71.05 5.39
      vertex 75.25 71.05 2.4
    endloop
  endfacet
  facet normal -0.233453 -0.972368 0
    outer loop
      vertex 3.97918 3.20873 2.4
      vertex 4.16228 3.16477 5.39
      vertex 3.97918 3.20873 5.39
    endloop
  endfacet
  facet normal -0.233453 -0.972368 -0
    outer loop
      vertex 4.16228 3.16477 5.39
      vertex 3.97918 3.20873 2.4
      vertex 4.16228 3.16477 2.4
    endloop
  endfacet
  facet normal -0.38268 -0.923881 0
    outer loop
      vertex 3.80521 3.28079 2.4
      vertex 3.97918 3.20873 5.39
      vertex 3.80521 3.28079 5.39
    endloop
  endfacet
  facet normal -0.38268 -0.923881 -0
    outer loop
      vertex 3.97918 3.20873 5.39
      vertex 3.80521 3.28079 2.4
      vertex 3.97918 3.20873 2.4
    endloop
  endfacet
  facet normal -1 0 0
    outer loop
      vertex 73.65 39.504 2.4
      vertex 73.65 69.85 5.39
      vertex 73.65 69.85 2.4
    endloop
  endfacet
  facet normal -1 -0 0
    outer loop
      vertex 73.65 69.85 5.39
      vertex 73.65 39.504 2.4
      vertex 73.65 39.504 5.39
    endloop
  endfacet
  facet normal -1 0 0
    outer loop
      vertex 73.65 5.55 2.4
      vertex 73.65 33.896 5.39
      vertex 73.65 33.896 2.4
    endloop
  endfacet
  facet normal -1 -0 0
    outer loop
      vertex 73.65 33.896 5.39
      vertex 73.65 5.55 2.4
      vertex 73.65 5.55 5.39
    endloop
  endfacet
  facet normal 0.760582 -0.649242 0
    outer loop
      vertex 4.90279 70.3202 5.39
      vertex 4.98431 70.4157 2.4
      vertex 4.98431 70.4157 5.39
    endloop
  endfacet
  facet normal 0.760582 -0.649242 0
    outer loop
      vertex 4.98431 70.4157 2.4
      vertex 4.90279 70.3202 5.39
      vertex 4.90279 70.3202 2.4
    endloop
  endfacet
  facet normal -0.760526 0.649307 0
    outer loop
      vertex 73.4157 4.98431 2.4
      vertex 73.4972 5.07977 5.39
      vertex 73.4972 5.07977 2.4
    endloop
  endfacet
  facet normal -0.760526 0.649307 0
    outer loop
      vertex 73.4972 5.07977 5.39
      vertex 73.4157 4.98431 2.4
      vertex 73.4157 4.98431 5.39
    endloop
  endfacet
  facet normal -0.233343 0.972395 0
    outer loop
      vertex 73.0972 4.78915 2.4
      vertex 72.9751 4.75985 5.39
      vertex 73.0972 4.78915 5.39
    endloop
  endfacet
  facet normal -0.233343 0.972395 0
    outer loop
      vertex 72.9751 4.75985 5.39
      vertex 73.0972 4.78915 2.4
      vertex 72.9751 4.75985 2.4
    endloop
  endfacet
  facet normal 0.0784603 0.996917 -0
    outer loop
      vertex 5.53679 4.75104 2.4
      vertex 5.42485 4.75985 5.39
      vertex 5.53679 4.75104 5.39
    endloop
  endfacet
  facet normal 0.0784603 0.996917 0
    outer loop
      vertex 5.42485 4.75985 5.39
      vertex 5.53679 4.75104 2.4
      vertex 5.42485 4.75985 2.4
    endloop
  endfacet
  facet normal 1 -0 0
    outer loop
      vertex 4.75 10.062 5.39
      vertex 4.75 65.338 2.4
      vertex 4.75 65.338 5.39
    endloop
  endfacet
  facet normal 1 0 0
    outer loop
      vertex 4.75 65.338 2.4
      vertex 4.75 10.062 5.39
      vertex 4.75 10.062 2.4
    endloop
  endfacet
  facet normal 0 -1 0
    outer loop
      vertex 66.5 70.65 2.4
      vertex 72.85 70.65 5.39
      vertex 66.5 70.65 5.39
    endloop
  endfacet
  facet normal 0 -1 -0
    outer loop
      vertex 72.85 70.65 5.39
      vertex 66.5 70.65 2.4
      vertex 72.85 70.65 2.4
    endloop
  endfacet
  facet normal 0 -1 0
    outer loop
      vertex 10.062 70.65 2.4
      vertex 30.5 70.65 5.39
      vertex 10.062 70.65 5.39
    endloop
  endfacet
  facet normal 0 -1 -0
    outer loop
      vertex 30.5 70.65 5.39
      vertex 10.062 70.65 2.4
      vertex 30.5 70.65 2.4
    endloop
  endfacet
  facet normal -0.0784941 0.996915 0
    outer loop
      vertex 72.9751 4.75985 2.4
      vertex 72.85 4.75 5.39
      vertex 72.9751 4.75985 5.39
    endloop
  endfacet
  facet normal -0.0784941 0.996915 0
    outer loop
      vertex 72.85 4.75 5.39
      vertex 72.9751 4.75985 2.4
      vertex 72.85 4.75 2.4
    endloop
  endfacet
  facet normal 0.85262 0.522532 0
    outer loop
      vertex 4.90279 5.07977 5.39
      vertex 4.83719 5.18681 2.4
      vertex 4.83719 5.18681 5.39
    endloop
  endfacet
  facet normal 0.85262 0.522532 0
    outer loop
      vertex 4.83719 5.18681 2.4
      vertex 4.90279 5.07977 5.39
      vertex 4.90279 5.07977 2.4
    endloop
  endfacet
  facet normal 0.996915 -0.0784881 0
    outer loop
      vertex 4.75104 69.8632 5.39
      vertex 4.75985 69.9751 2.4
      vertex 4.75985 69.9751 5.39
    endloop
  endfacet
  facet normal 0.996915 -0.0784881 0
    outer loop
      vertex 4.75985 69.9751 2.4
      vertex 4.75104 69.8632 5.39
      vertex 4.75104 69.8632 2.4
    endloop
  endfacet
  facet normal 0.996917 0.0784603 0
    outer loop
      vertex 4.75985 5.42485 5.39
      vertex 4.75104 5.53679 2.4
      vertex 4.75104 5.53679 5.39
    endloop
  endfacet
  facet normal 0.996917 0.0784603 0
    outer loop
      vertex 4.75104 5.53679 2.4
      vertex 4.75985 5.42485 5.39
      vertex 4.75985 5.42485 2.4
    endloop
  endfacet
  facet normal -0.522674 -0.852533 0
    outer loop
      vertex 73.2132 70.5628 2.4
      vertex 73.3202 70.4972 5.39
      vertex 73.2132 70.5628 5.39
    endloop
  endfacet
  facet normal -0.522674 -0.852533 -0
    outer loop
      vertex 73.3202 70.4972 5.39
      vertex 73.2132 70.5628 2.4
      vertex 73.3202 70.4972 2.4
    endloop
  endfacet
  facet normal -0.522674 0.852533 0
    outer loop
      vertex 73.3202 4.90279 2.4
      vertex 73.2132 4.83719 5.39
      vertex 73.3202 4.90279 5.39
    endloop
  endfacet
  facet normal -0.522674 0.852533 0
    outer loop
      vertex 73.2132 4.83719 5.39
      vertex 73.3202 4.90279 2.4
      vertex 73.2132 4.83719 2.4
    endloop
  endfacet
  facet normal 0.760447 0.649399 0
    outer loop
      vertex 4.98431 4.98431 5.39
      vertex 4.90279 5.07977 2.4
      vertex 4.90279 5.07977 5.39
    endloop
  endfacet
  facet normal 0.760447 0.649399 0
    outer loop
      vertex 4.90279 5.07977 2.4
      vertex 4.98431 4.98431 5.39
      vertex 4.98431 4.98431 2.4
    endloop
  endfacet
  facet normal 0.972395 -0.233343 0
    outer loop
      vertex 4.75985 69.9751 5.39
      vertex 4.78915 70.0972 2.4
      vertex 4.78915 70.0972 5.39
    endloop
  endfacet
  facet normal 0.972395 -0.233343 0
    outer loop
      vertex 4.78915 70.0972 2.4
      vertex 4.75985 69.9751 5.39
      vertex 4.75985 69.9751 2.4
    endloop
  endfacet
  facet normal 0.972377 0.233415 0
    outer loop
      vertex 4.78915 5.30279 5.39
      vertex 4.75985 5.42485 2.4
      vertex 4.75985 5.42485 5.39
    endloop
  endfacet
  facet normal 0.972377 0.233415 0
    outer loop
      vertex 4.75985 5.42485 2.4
      vertex 4.78915 5.30279 5.39
      vertex 4.78915 5.30279 2.4
    endloop
  endfacet
  facet normal 0.923881 0.38268 0
    outer loop
      vertex 4.83719 5.18681 5.39
      vertex 4.78915 5.30279 2.4
      vertex 4.78915 5.30279 5.39
    endloop
  endfacet
  facet normal 0.923881 0.38268 0
    outer loop
      vertex 4.78915 5.30279 2.4
      vertex 4.83719 5.18681 5.39
      vertex 4.83719 5.18681 2.4
    endloop
  endfacet
  facet normal -0.924017 -0.382352 0
    outer loop
      vertex 73.6108 70.0972 2.4
      vertex 73.5628 70.2132 5.39
      vertex 73.5628 70.2132 2.4
    endloop
  endfacet
  facet normal -0.924017 -0.382352 0
    outer loop
      vertex 73.5628 70.2132 5.39
      vertex 73.6108 70.0972 2.4
      vertex 73.6108 70.0972 5.39
    endloop
  endfacet
  facet normal -0.76066 -0.64915 0
    outer loop
      vertex 73.4972 70.3202 2.4
      vertex 73.4157 70.4157 5.39
      vertex 73.4157 70.4157 2.4
    endloop
  endfacet
  facet normal -0.76066 -0.64915 0
    outer loop
      vertex 73.4157 70.4157 5.39
      vertex 73.4972 70.3202 2.4
      vertex 73.4972 70.3202 5.39
    endloop
  endfacet
  facet normal -0.852533 -0.522674 0
    outer loop
      vertex 73.5628 70.2132 2.4
      vertex 73.4972 70.3202 5.39
      vertex 73.4972 70.3202 2.4
    endloop
  endfacet
  facet normal -0.852533 -0.522674 0
    outer loop
      vertex 73.4972 70.3202 5.39
      vertex 73.5628 70.2132 2.4
      vertex 73.5628 70.2132 5.39
    endloop
  endfacet
  facet normal 0.649307 -0.760526 0
    outer loop
      vertex 4.98431 70.4157 2.4
      vertex 5.07977 70.4972 5.39
      vertex 4.98431 70.4157 5.39
    endloop
  endfacet
  facet normal 0.649307 -0.760526 0
    outer loop
      vertex 5.07977 70.4972 5.39
      vertex 4.98431 70.4157 2.4
      vertex 5.07977 70.4972 2.4
    endloop
  endfacet
  facet normal 0.852533 -0.522674 0
    outer loop
      vertex 4.83719 70.2132 5.39
      vertex 4.90279 70.3202 2.4
      vertex 4.90279 70.3202 5.39
    endloop
  endfacet
  facet normal 0.852533 -0.522674 0
    outer loop
      vertex 4.90279 70.3202 2.4
      vertex 4.83719 70.2132 5.39
      vertex 4.83719 70.2132 2.4
    endloop
  endfacet
  facet normal 0.0783717 -0.996924 0
    outer loop
      vertex 5.42485 70.6402 2.4
      vertex 5.53679 70.649 5.39
      vertex 5.42485 70.6402 5.39
    endloop
  endfacet
  facet normal 0.0783717 -0.996924 0
    outer loop
      vertex 5.53679 70.649 5.39
      vertex 5.42485 70.6402 2.4
      vertex 5.53679 70.649 2.4
    endloop
  endfacet
  facet normal 0.382408 -0.923994 0
    outer loop
      vertex 5.18681 70.5628 2.4
      vertex 5.30279 70.6108 5.39
      vertex 5.18681 70.5628 5.39
    endloop
  endfacet
  facet normal 0.382408 -0.923994 0
    outer loop
      vertex 5.30279 70.6108 5.39
      vertex 5.18681 70.5628 2.4
      vertex 5.30279 70.6108 2.4
    endloop
  endfacet
  facet normal -0.923994 0.382408 0
    outer loop
      vertex 73.5628 5.18681 2.4
      vertex 73.6108 5.30279 5.39
      vertex 73.6108 5.30279 2.4
    endloop
  endfacet
  facet normal -0.923994 0.382408 0
    outer loop
      vertex 73.6108 5.30279 5.39
      vertex 73.5628 5.18681 2.4
      vertex 73.5628 5.18681 5.39
    endloop
  endfacet
  facet normal -0.649242 0.760582 0
    outer loop
      vertex 73.4157 4.98431 2.4
      vertex 73.3202 4.90279 5.39
      vertex 73.4157 4.98431 5.39
    endloop
  endfacet
  facet normal -0.649242 0.760582 0
    outer loop
      vertex 73.3202 4.90279 5.39
      vertex 73.4157 4.98431 2.4
      vertex 73.3202 4.90279 2.4
    endloop
  endfacet
  facet normal 0.522532 0.85262 -0
    outer loop
      vertex 5.18681 4.83719 2.4
      vertex 5.07977 4.90279 5.39
      vertex 5.18681 4.83719 5.39
    endloop
  endfacet
  facet normal 0.522532 0.85262 0
    outer loop
      vertex 5.07977 4.90279 5.39
      vertex 5.18681 4.83719 2.4
      vertex 5.07977 4.90279 2.4
    endloop
  endfacet
  facet normal 0.233415 0.972377 -0
    outer loop
      vertex 5.42485 4.75985 2.4
      vertex 5.30279 4.78915 5.39
      vertex 5.42485 4.75985 5.39
    endloop
  endfacet
  facet normal 0.233415 0.972377 0
    outer loop
      vertex 5.30279 4.78915 5.39
      vertex 5.42485 4.75985 2.4
      vertex 5.30279 4.78915 2.4
    endloop
  endfacet
  facet normal 0 1 -0
    outer loop
      vertex 72.85 4.75 2.4
      vertex 67.2 4.75 5.39
      vertex 72.85 4.75 5.39
    endloop
  endfacet
  facet normal 0 1 0
    outer loop
      vertex 67.2 4.75 5.39
      vertex 72.85 4.75 2.4
      vertex 67.2 4.75 2.4
    endloop
  endfacet
  facet normal 0 1 -0
    outer loop
      vertex 27.2 4.75 2.4
      vertex 10.062 4.75 5.39
      vertex 27.2 4.75 5.39
    endloop
  endfacet
  facet normal 0 1 0
    outer loop
      vertex 10.062 4.75 5.39
      vertex 27.2 4.75 2.4
      vertex 10.062 4.75 2.4
    endloop
  endfacet
  facet normal 0.923904 -0.382624 0
    outer loop
      vertex 4.78915 70.0972 5.39
      vertex 4.83719 70.2132 2.4
      vertex 4.83719 70.2132 5.39
    endloop
  endfacet
  facet normal 0.923904 -0.382624 0
    outer loop
      vertex 4.83719 70.2132 2.4
      vertex 4.78915 70.0972 5.39
      vertex 4.78915 70.0972 2.4
    endloop
  endfacet
  facet normal -0.972214 -0.234096 0
    outer loop
      vertex 73.6402 69.9751 2.4
      vertex 73.6108 70.0972 5.39
      vertex 73.6108 70.0972 2.4
    endloop
  endfacet
  facet normal -0.972214 -0.234096 0
    outer loop
      vertex 73.6108 70.0972 5.39
      vertex 73.6402 69.9751 2.4
      vertex 73.6402 69.9751 5.39
    endloop
  endfacet
  facet normal -0.64915 -0.76066 0
    outer loop
      vertex 73.3202 70.4972 2.4
      vertex 73.4157 70.4157 5.39
      vertex 73.3202 70.4972 5.39
    endloop
  endfacet
  facet normal -0.64915 -0.76066 -0
    outer loop
      vertex 73.4157 70.4157 5.39
      vertex 73.3202 70.4972 2.4
      vertex 73.4157 70.4157 2.4
    endloop
  endfacet
  facet normal -0.0780981 -0.996946 0
    outer loop
      vertex 72.85 70.65 2.4
      vertex 72.9751 70.6402 5.39
      vertex 72.85 70.65 5.39
    endloop
  endfacet
  facet normal -0.0780981 -0.996946 -0
    outer loop
      vertex 72.9751 70.6402 5.39
      vertex 72.85 70.65 2.4
      vertex 72.9751 70.6402 2.4
    endloop
  endfacet
  facet normal 0.234168 -0.972196 0
    outer loop
      vertex 5.30279 70.6108 2.4
      vertex 5.42485 70.6402 5.39
      vertex 5.30279 70.6108 5.39
    endloop
  endfacet
  facet normal 0.234168 -0.972196 0
    outer loop
      vertex 5.42485 70.6402 5.39
      vertex 5.30279 70.6108 2.4
      vertex 5.42485 70.6402 2.4
    endloop
  endfacet
  facet normal 0.522532 -0.85262 0
    outer loop
      vertex 5.07977 70.4972 2.4
      vertex 5.18681 70.5628 5.39
      vertex 5.07977 70.4972 5.39
    endloop
  endfacet
  facet normal 0.522532 -0.85262 0
    outer loop
      vertex 5.18681 70.5628 5.39
      vertex 5.07977 70.4972 2.4
      vertex 5.18681 70.5628 2.4
    endloop
  endfacet
  facet normal -0.85262 0.522532 0
    outer loop
      vertex 73.4972 5.07977 2.4
      vertex 73.5628 5.18681 5.39
      vertex 73.5628 5.18681 2.4
    endloop
  endfacet
  facet normal -0.85262 0.522532 0
    outer loop
      vertex 73.5628 5.18681 5.39
      vertex 73.4972 5.07977 2.4
      vertex 73.4972 5.07977 5.39
    endloop
  endfacet
  facet normal -0.996948 0.0780671 0
    outer loop
      vertex 73.6402 5.42485 2.4
      vertex 73.65 5.55 5.39
      vertex 73.65 5.55 2.4
    endloop
  endfacet
  facet normal -0.996948 0.0780671 0
    outer loop
      vertex 73.65 5.55 5.39
      vertex 73.6402 5.42485 2.4
      vertex 73.6402 5.42485 5.39
    endloop
  endfacet
  facet normal 0.38268 0.923881 -0
    outer loop
      vertex 5.30279 4.78915 2.4
      vertex 5.18681 4.83719 5.39
      vertex 5.30279 4.78915 5.39
    endloop
  endfacet
  facet normal 0.38268 0.923881 0
    outer loop
      vertex 5.18681 4.83719 5.39
      vertex 5.30279 4.78915 2.4
      vertex 5.18681 4.83719 2.4
    endloop
  endfacet
  facet normal -0.382624 0.923904 0
    outer loop
      vertex 73.2132 4.83719 2.4
      vertex 73.0972 4.78915 5.39
      vertex 73.2132 4.83719 5.39
    endloop
  endfacet
  facet normal -0.382624 0.923904 0
    outer loop
      vertex 73.0972 4.78915 5.39
      vertex 73.2132 4.83719 2.4
      vertex 73.0972 4.78915 2.4
    endloop
  endfacet
  facet normal 0.649399 0.760447 -0
    outer loop
      vertex 5.07977 4.90279 2.4
      vertex 4.98431 4.98431 5.39
      vertex 5.07977 4.90279 5.39
    endloop
  endfacet
  facet normal 0.649399 0.760447 0
    outer loop
      vertex 4.98431 4.98431 5.39
      vertex 5.07977 4.90279 2.4
      vertex 4.98431 4.98431 2.4
    endloop
  endfacet
  facet normal -0.996946 -0.0780981 0
    outer loop
      vertex 73.65 69.85 2.4
      vertex 73.6402 69.9751 5.39
      vertex 73.6402 69.9751 2.4
    endloop
  endfacet
  facet normal -0.996946 -0.0780981 0
    outer loop
      vertex 73.6402 69.9751 5.39
      vertex 73.65 69.85 2.4
      vertex 73.65 69.85 5.39
    endloop
  endfacet
  facet normal -0.382352 -0.924017 0
    outer loop
      vertex 73.0972 70.6108 2.4
      vertex 73.2132 70.5628 5.39
      vertex 73.0972 70.6108 5.39
    endloop
  endfacet
  facet normal -0.382352 -0.924017 -0
    outer loop
      vertex 73.2132 70.5628 5.39
      vertex 73.0972 70.6108 2.4
      vertex 73.2132 70.5628 2.4
    endloop
  endfacet
  facet normal -0.234096 -0.972214 0
    outer loop
      vertex 72.9751 70.6402 2.4
      vertex 73.0972 70.6108 5.39
      vertex 72.9751 70.6402 5.39
    endloop
  endfacet
  facet normal -0.234096 -0.972214 -0
    outer loop
      vertex 73.0972 70.6108 5.39
      vertex 72.9751 70.6402 2.4
      vertex 73.0972 70.6108 2.4
    endloop
  endfacet
  facet normal -0.972196 0.234168 0
    outer loop
      vertex 73.6108 5.30279 2.4
      vertex 73.6402 5.42485 5.39
      vertex 73.6402 5.42485 2.4
    endloop
  endfacet
  facet normal -0.972196 0.234168 0
    outer loop
      vertex 73.6402 5.42485 5.39
      vertex 73.6108 5.30279 2.4
      vertex 73.6108 5.30279 5.39
    endloop
  endfacet
  facet normal -1 0 0
    outer loop
      vertex 27.2 4.75 5.39
      vertex 27.2 6.3 2.4
      vertex 27.2 4.75 2.4
    endloop
  endfacet
  facet normal -1 0 0
    outer loop
      vertex 27.2 6.3 2.4
      vertex 27.2 4.75 5.39
      vertex 27.2 6.3 13.89
    endloop
  endfacet
  facet normal -1 0 0
    outer loop
      vertex 27.2 4.7 13.89
      vertex 27.2 4.75 5.39
      vertex 27.2 4.7 5.39
    endloop
  endfacet
  facet normal -1 0 0
    outer loop
      vertex 27.2 4.75 5.39
      vertex 27.2 4.7 13.89
      vertex 27.2 6.3 13.89
    endloop
  endfacet
  facet normal -0 0 1
    outer loop
      vertex 27.2 6.3 13.89
      vertex 67.2 4.7 13.89
      vertex 67.2 6.3 13.89
    endloop
  endfacet
  facet normal 0 0 1
    outer loop
      vertex 67.2 4.7 13.89
      vertex 27.2 6.3 13.89
      vertex 27.2 4.7 13.89
    endloop
  endfacet
  facet normal 1 0 0
    outer loop
      vertex 67.2 6.3 13.89
      vertex 67.2 4.75 5.39
      vertex 67.2 6.3 2.4
    endloop
  endfacet
  facet normal 1 -0 0
    outer loop
      vertex 67.2 4.7 13.89
      vertex 67.2 4.75 5.39
      vertex 67.2 6.3 13.89
    endloop
  endfacet
  facet normal 1 0 0
    outer loop
      vertex 67.2 4.75 5.39
      vertex 67.2 4.7 13.89
      vertex 67.2 4.7 5.39
    endloop
  endfacet
  facet normal 1 0 0
    outer loop
      vertex 67.2 6.3 2.4
      vertex 67.2 4.75 5.39
      vertex 67.2 4.75 2.4
    endloop
  endfacet
  facet normal 0 -1 0
    outer loop
      vertex 27.2 4.7 5.39
      vertex 67.2 4.7 13.89
      vertex 27.2 4.7 13.89
    endloop
  endfacet
  facet normal 0 -1 -0
    outer loop
      vertex 67.2 4.7 13.89
      vertex 27.2 4.7 5.39
      vertex 67.2 4.7 5.39
    endloop
  endfacet
  facet normal 0 1 -0
    outer loop
      vertex 67.2 6.3 2.4
      vertex 27.2 6.3 13.89
      vertex 67.2 6.3 13.89
    endloop
  endfacet
  facet normal 0 1 0
    outer loop
      vertex 27.2 6.3 13.89
      vertex 67.2 6.3 2.4
      vertex 27.2 6.3 2.4
    endloop
  endfacet
  facet normal -1 0 0
    outer loop
      vertex 27.2 29.1 2.4
      vertex 27.2 30.7 13.89
      vertex 27.2 30.7 2.4
    endloop
  endfacet
  facet normal -1 -0 0
    outer loop
      vertex 27.2 30.7 13.89
      vertex 27.2 29.1 2.4
      vertex 27.2 29.1 13.89
    endloop
  endfacet
  facet normal -0 0 1
    outer loop
      vertex 27.2 30.7 13.89
      vertex 67.2 29.1 13.89
      vertex 67.2 30.7 13.89
    endloop
  endfacet
  facet normal 0 0 1
    outer loop
      vertex 67.2 29.1 13.89
      vertex 27.2 30.7 13.89
      vertex 27.2 29.1 13.89
    endloop
  endfacet
  facet normal 1 -0 0
    outer loop
      vertex 67.2 29.1 13.89
      vertex 67.2 30.7 2.4
      vertex 67.2 30.7 13.89
    endloop
  endfacet
  facet normal 1 0 0
    outer loop
      vertex 67.2 30.7 2.4
      vertex 67.2 29.1 13.89
      vertex 67.2 29.1 2.4
    endloop
  endfacet
  facet normal 0 -1 0
    outer loop
      vertex 27.2 29.1 2.4
      vertex 67.2 29.1 13.89
      vertex 27.2 29.1 13.89
    endloop
  endfacet
  facet normal 0 -1 -0
    outer loop
      vertex 67.2 29.1 13.89
      vertex 27.2 29.1 2.4
      vertex 67.2 29.1 2.4
    endloop
  endfacet
  facet normal 0 1 -0
    outer loop
      vertex 67.2 30.7 2.4
      vertex 27.2 30.7 13.89
      vertex 67.2 30.7 13.89
    endloop
  endfacet
  facet normal 0 1 0
    outer loop
      vertex 27.2 30.7 13.89
      vertex 67.2 30.7 2.4
      vertex 27.2 30.7 2.4
    endloop
  endfacet
  facet normal -1 0 0
    outer loop
      vertex 30.5 42.7 2.4
      vertex 30.5 44.3 21.39
      vertex 30.5 44.3 2.4
    endloop
  endfacet
  facet normal -1 -0 0
    outer loop
      vertex 30.5 44.3 21.39
      vertex 30.5 42.7 2.4
      vertex 30.5 42.7 21.39
    endloop
  endfacet
  facet normal -0 0 1
    outer loop
      vertex 30.5 44.3 21.39
      vertex 66.5 42.7 21.39
      vertex 66.5 44.3 21.39
    endloop
  endfacet
  facet normal 0 0 1
    outer loop
      vertex 66.5 42.7 21.39
      vertex 30.5 44.3 21.39
      vertex 30.5 42.7 21.39
    endloop
  endfacet
  facet normal 1 -0 0
    outer loop
      vertex 66.5 42.7 21.39
      vertex 66.5 44.3 2.4
      vertex 66.5 44.3 21.39
    endloop
  endfacet
  facet normal 1 0 0
    outer loop
      vertex 66.5 44.3 2.4
      vertex 66.5 42.7 21.39
      vertex 66.5 42.7 2.4
    endloop
  endfacet
  facet normal 0 1 -0
    outer loop
      vertex 66.5 44.3 2.4
      vertex 30.5 44.3 21.39
      vertex 66.5 44.3 21.39
    endloop
  endfacet
  facet normal 0 1 0
    outer loop
      vertex 30.5 44.3 21.39
      vertex 66.5 44.3 2.4
      vertex 30.5 44.3 2.4
    endloop
  endfacet
  facet normal 0 -1 0
    outer loop
      vertex 30.5 42.7 2.4
      vertex 66.5 42.7 21.39
      vertex 30.5 42.7 21.39
    endloop
  endfacet
  facet normal 0 -1 -0
    outer loop
      vertex 66.5 42.7 21.39
      vertex 30.5 42.7 2.4
      vertex 66.5 42.7 2.4
    endloop
  endfacet
  facet normal -1 0 0
    outer loop
      vertex 30.5 70.65 2.4
      vertex 30.5 69.1 2.4
      vertex 30.5 70.65 5.39
    endloop
  endfacet
  facet normal -1 0 0
    outer loop
      vertex 30.5 70.65 5.39
      vertex 30.5 70.7 21.39
      vertex 30.5 70.7 5.39
    endloop
  endfacet
  facet normal -1 0 0
    outer loop
      vertex 30.5 69.1 21.39
      vertex 30.5 70.65 5.39
      vertex 30.5 69.1 2.4
    endloop
  endfacet
  facet normal -1 0 0
    outer loop
      vertex 30.5 70.65 5.39
      vertex 30.5 69.1 21.39
      vertex 30.5 70.7 21.39
    endloop
  endfacet
  facet normal -0 0 1
    outer loop
      vertex 30.5 70.7 21.39
      vertex 66.5 69.1 21.39
      vertex 66.5 70.7 21.39
    endloop
  endfacet
  facet normal 0 0 1
    outer loop
      vertex 66.5 69.1 21.39
      vertex 30.5 70.7 21.39
      vertex 30.5 69.1 21.39
    endloop
  endfacet
  facet normal 1 0 0
    outer loop
      vertex 66.5 70.7 21.39
      vertex 66.5 70.65 5.39
      vertex 66.5 70.7 5.39
    endloop
  endfacet
  facet normal 1 -0 0
    outer loop
      vertex 66.5 69.1 21.39
      vertex 66.5 70.65 5.39
      vertex 66.5 70.7 21.39
    endloop
  endfacet
  facet normal 1 0 0
    outer loop
      vertex 66.5 69.1 2.4
      vertex 66.5 70.65 5.39
      vertex 66.5 69.1 21.39
    endloop
  endfacet
  facet normal 1 0 0
    outer loop
      vertex 66.5 70.65 5.39
      vertex 66.5 69.1 2.4
      vertex 66.5 70.65 2.4
    endloop
  endfacet
  facet normal 0 1 -0
    outer loop
      vertex 66.5 70.7 5.39
      vertex 30.5 70.7 21.39
      vertex 66.5 70.7 21.39
    endloop
  endfacet
  facet normal 0 1 0
    outer loop
      vertex 30.5 70.7 21.39
      vertex 66.5 70.7 5.39
      vertex 30.5 70.7 5.39
    endloop
  endfacet
  facet normal 0 -1 0
    outer loop
      vertex 30.5 69.1 2.4
      vertex 66.5 69.1 21.39
      vertex 30.5 69.1 21.39
    endloop
  endfacet
  facet normal 0 -1 -0
    outer loop
      vertex 66.5 69.1 21.39
      vertex 30.5 69.1 2.4
      vertex 66.5 69.1 2.4
    endloop
  endfacet
  facet normal -0.996917 -0.0784595 0
    outer loop
      vertex 0.0369349 2.5307 0
      vertex 0 3 2.4
      vertex 0 3 0
    endloop
  endfacet
  facet normal -0.996917 -0.0784595 0
    outer loop
      vertex 0 3 2.4
      vertex 0.0369349 2.5307 0
      vertex 0.0369349 2.5307 2.4
    endloop
  endfacet
  facet normal -0.85265 0.522483 0
    outer loop
      vertex 0.32698 73.762 0
      vertex 0.572948 74.1634 2.4
      vertex 0.572948 74.1634 0
    endloop
  endfacet
  facet normal -0.85265 0.522483 0
    outer loop
      vertex 0.572948 74.1634 2.4
      vertex 0.32698 73.762 0
      vertex 0.32698 73.762 2.4
    endloop
  endfacet
  facet normal -1 0 0
    outer loop
      vertex 0 3 0
      vertex 0 72.4 2.4
      vertex 0 72.4 0
    endloop
  endfacet
  facet normal -1 -0 0
    outer loop
      vertex 0 72.4 2.4
      vertex 0 3 0
      vertex 0 3 2.4
    endloop
  endfacet
  facet normal 0 0 -1
    outer loop
      vertex 9.17533 8.79923 0
      vertex 69.4832 36.1747 0
      vertex 9.31471 8.57178 0
    endloop
  endfacet
  facet normal 0 0 -1
    outer loop
      vertex 69.4 36.7 0
      vertex 9.47907 67.3341 0
      vertex 9.5 67.6 0
    endloop
  endfacet
  facet normal -0 0 -1
    outer loop
      vertex 69.4832 36.1747 0
      vertex 9.17533 8.79923 0
      vertex 69.4209 36.4341 0
    endloop
  endfacet
  facet normal 0 0 -1
    outer loop
      vertex 69.4 36.7 0
      vertex 9.4168 67.0747 0
      vertex 9.47907 67.3341 0
    endloop
  endfacet
  facet normal 0 0 -1
    outer loop
      vertex 9.00208 9.00208 0
      vertex 69.4209 36.4341 0
      vertex 9.17533 8.79923 0
    endloop
  endfacet
  facet normal 0 0 -1
    outer loop
      vertex 69.4 36.7 0
      vertex 9.31471 66.8282 0
      vertex 9.4168 67.0747 0
    endloop
  endfacet
  facet normal -0 0 -1
    outer loop
      vertex 69.4209 36.4341 0
      vertex 9.00208 9.00208 0
      vertex 69.4 36.7 0
    endloop
  endfacet
  facet normal 0 0 -1
    outer loop
      vertex 69.4 36.7 0
      vertex 9.17533 66.6008 0
      vertex 9.31471 66.8282 0
    endloop
  endfacet
  facet normal 0 0 -1
    outer loop
      vertex 8.79923 9.17533 0
      vertex 69.4 36.7 0
      vertex 9.00208 9.00208 0
    endloop
  endfacet
  facet normal 0 0 -1
    outer loop
      vertex 69.4 36.7 0
      vertex 9.00208 66.3979 0
      vertex 9.17533 66.6008 0
    endloop
  endfacet
  facet normal 0 0 -1
    outer loop
      vertex 8.79923 66.2247 0
      vertex 69.4 36.7 0
      vertex 8.79923 9.17533 0
    endloop
  endfacet
  facet normal 0 0 -1
    outer loop
      vertex 69.4 36.7 0
      vertex 8.79923 66.2247 0
      vertex 9.00208 66.3979 0
    endloop
  endfacet
  facet normal 0 0 -1
    outer loop
      vertex 8.57178 9.31471 0
      vertex 8.79923 66.2247 0
      vertex 8.79923 9.17533 0
    endloop
  endfacet
  facet normal 0 0 -1
    outer loop
      vertex 8.57178 9.31471 0
      vertex 8.57178 66.0853 0
      vertex 8.79923 66.2247 0
    endloop
  endfacet
  facet normal 0 0 -1
    outer loop
      vertex 8.32533 9.4168 0
      vertex 8.57178 66.0853 0
      vertex 8.57178 9.31471 0
    endloop
  endfacet
  facet normal 0 0 -1
    outer loop
      vertex 8.32533 9.4168 0
      vertex 8.32533 65.9832 0
      vertex 8.57178 66.0853 0
    endloop
  endfacet
  facet normal 0 0 -1
    outer loop
      vertex 8.06594 9.47907 0
      vertex 8.32533 65.9832 0
      vertex 8.32533 9.4168 0
    endloop
  endfacet
  facet normal 0 0 -1
    outer loop
      vertex 8.06594 9.47907 0
      vertex 8.06594 65.9209 0
      vertex 8.32533 65.9832 0
    endloop
  endfacet
  facet normal 0 0 -1
    outer loop
      vertex 7.8 9.5 0
      vertex 8.06594 65.9209 0
      vertex 8.06594 9.47907 0
    endloop
  endfacet
  facet normal 0 0 -1
    outer loop
      vertex 7.8 9.5 0
      vertex 7.8 65.9 0
      vertex 8.06594 65.9209 0
    endloop
  endfacet
  facet normal 0 0 -1
    outer loop
      vertex 7.53406 9.47907 0
      vertex 7.8 65.9 0
      vertex 7.8 9.5 0
    endloop
  endfacet
  facet normal 0 0 -1
    outer loop
      vertex 7.53406 9.47907 0
      vertex 7.53406 65.9209 0
      vertex 7.8 65.9 0
    endloop
  endfacet
  facet normal 0 0 -1
    outer loop
      vertex 7.27467 9.4168 0
      vertex 7.53406 65.9209 0
      vertex 7.53406 9.47907 0
    endloop
  endfacet
  facet normal 0 0 -1
    outer loop
      vertex 7.27467 9.4168 0
      vertex 7.27467 65.9832 0
      vertex 7.53406 65.9209 0
    endloop
  endfacet
  facet normal 0 0 -1
    outer loop
      vertex 7.02822 9.31471 0
      vertex 7.27467 65.9832 0
      vertex 7.27467 9.4168 0
    endloop
  endfacet
  facet normal 0 0 -1
    outer loop
      vertex 7.02822 9.31471 0
      vertex 7.02822 66.0853 0
      vertex 7.27467 65.9832 0
    endloop
  endfacet
  facet normal 0 0 -1
    outer loop
      vertex 6.80077 9.17533 0
      vertex 7.02822 66.0853 0
      vertex 7.02822 9.31471 0
    endloop
  endfacet
  facet normal 0 0 -1
    outer loop
      vertex 6.80077 9.17533 0
      vertex 6.80077 66.2247 0
      vertex 7.02822 66.0853 0
    endloop
  endfacet
  facet normal 0 0 -1
    outer loop
      vertex 6.59792 9.00208 0
      vertex 6.80077 66.2247 0
      vertex 6.80077 9.17533 0
    endloop
  endfacet
  facet normal 0 0 -1
    outer loop
      vertex 6.59792 9.00208 0
      vertex 6.59792 66.3979 0
      vertex 6.80077 66.2247 0
    endloop
  endfacet
  facet normal 0 0 -1
    outer loop
      vertex 0 3 0
      vertex 6.59792 9.00208 0
      vertex 6.42467 8.79923 0
    endloop
  endfacet
  facet normal -0 0 -1
    outer loop
      vertex 6.59792 9.00208 0
      vertex 0 3 0
      vertex 6.59792 66.3979 0
    endloop
  endfacet
  facet normal 0 0 -1
    outer loop
      vertex 0 3 0
      vertex 6.42467 8.79923 0
      vertex 6.28529 8.57178 0
    endloop
  endfacet
  facet normal 0 0 -1
    outer loop
      vertex 0 72.4 0
      vertex 6.59792 66.3979 0
      vertex 0 3 0
    endloop
  endfacet
  facet normal 0 0 -1
    outer loop
      vertex 0 3 0
      vertex 6.28529 8.57178 0
      vertex 6.1832 8.32533 0
    endloop
  endfacet
  facet normal 0 0 -1
    outer loop
      vertex 6.59792 66.3979 0
      vertex 0 72.4 0
      vertex 6.42467 66.6008 0
    endloop
  endfacet
  facet normal 0 0 -1
    outer loop
      vertex 0 3 0
      vertex 6.1832 8.32533 0
      vertex 6.12093 8.06594 0
    endloop
  endfacet
  facet normal 0 0 -1
    outer loop
      vertex 6.42467 66.6008 0
      vertex 0 72.4 0
      vertex 6.28529 66.8282 0
    endloop
  endfacet
  facet normal 0 0 -1
    outer loop
      vertex 0 3 0
      vertex 6.12093 8.06594 0
      vertex 6.1 7.8 0
    endloop
  endfacet
  facet normal 0 0 -1
    outer loop
      vertex 6.28529 66.8282 0
      vertex 0 72.4 0
      vertex 6.1832 67.0747 0
    endloop
  endfacet
  facet normal 0 0 -1
    outer loop
      vertex 75.4 0 0
      vertex 78.4 3 0
      vertex 78.3631 2.5307 0
    endloop
  endfacet
  facet normal 0 0 -1
    outer loop
      vertex 78.4 3 0
      vertex 72.8 36.7 0
      vertex 78.4 72.4 0
    endloop
  endfacet
  facet normal 0 0 -1
    outer loop
      vertex 75.4 0 0
      vertex 78.3631 2.5307 0
      vertex 78.2532 2.07295 0
    endloop
  endfacet
  facet normal 0 0 -1
    outer loop
      vertex 72.7791 36.9659 0
      vertex 78.4 72.4 0
      vertex 72.8 36.7 0
    endloop
  endfacet
  facet normal 0 0 -1
    outer loop
      vertex 75.4 0 0
      vertex 78.2532 2.07295 0
      vertex 78.073 1.63803 0
    endloop
  endfacet
  facet normal 0 0 -1
    outer loop
      vertex 72.7168 37.2253 0
      vertex 78.4 72.4 0
      vertex 72.7791 36.9659 0
    endloop
  endfacet
  facet normal 0 0 -1
    outer loop
      vertex 75.4 0 0
      vertex 78.073 1.63803 0
      vertex 77.827 1.23664 0
    endloop
  endfacet
  facet normal 0 0 -1
    outer loop
      vertex 72.6147 37.4718 0
      vertex 78.4 72.4 0
      vertex 72.7168 37.2253 0
    endloop
  endfacet
  facet normal 0 0 -1
    outer loop
      vertex 75.4 0 0
      vertex 77.827 1.23664 0
      vertex 77.5213 0.878679 0
    endloop
  endfacet
  facet normal 0 0 -1
    outer loop
      vertex 72.4753 37.6992 0
      vertex 78.4 72.4 0
      vertex 72.6147 37.4718 0
    endloop
  endfacet
  facet normal 0 0 -1
    outer loop
      vertex 75.4 0 0
      vertex 77.5213 0.878679 0
      vertex 77.1634 0.572948 0
    endloop
  endfacet
  facet normal 0 0 -1
    outer loop
      vertex 72.3021 37.9021 0
      vertex 78.4 72.4 0
      vertex 72.4753 37.6992 0
    endloop
  endfacet
  facet normal 0 0 -1
    outer loop
      vertex 75.4 0 0
      vertex 77.1634 0.572948 0
      vertex 76.762 0.32698 0
    endloop
  endfacet
  facet normal 0 0 -1
    outer loop
      vertex 72.0992 38.0753 0
      vertex 78.4 72.4 0
      vertex 72.3021 37.9021 0
    endloop
  endfacet
  facet normal 0 0 -1
    outer loop
      vertex 75.4 0 0
      vertex 76.762 0.32698 0
      vertex 76.327 0.14683 0
    endloop
  endfacet
  facet normal 0 0 -1
    outer loop
      vertex 71.8718 38.2147 0
      vertex 78.4 72.4 0
      vertex 72.0992 38.0753 0
    endloop
  endfacet
  facet normal 0 0 -1
    outer loop
      vertex 75.4 0 0
      vertex 76.327 0.14683 0
      vertex 75.8693 0.0369349 0
    endloop
  endfacet
  facet normal 0 0 -1
    outer loop
      vertex 71.6253 38.3168 0
      vertex 78.4 72.4 0
      vertex 71.8718 38.2147 0
    endloop
  endfacet
  facet normal 0 0 -1
    outer loop
      vertex 70.3282 35.1853 0
      vertex 78.4 3 0
      vertex 75.4 0 0
    endloop
  endfacet
  facet normal 0 0 -1
    outer loop
      vertex 71.3659 38.3791 0
      vertex 78.4 72.4 0
      vertex 71.6253 38.3168 0
    endloop
  endfacet
  facet normal 0 0 -1
    outer loop
      vertex 71.1 38.4 0
      vertex 78.4 72.4 0
      vertex 71.3659 38.3791 0
    endloop
  endfacet
  facet normal 0 0 -1
    outer loop
      vertex 78.4 3 0
      vertex 72.7791 36.4341 0
      vertex 72.8 36.7 0
    endloop
  endfacet
  facet normal 0 0 -1
    outer loop
      vertex 78.4 3 0
      vertex 72.7168 36.1747 0
      vertex 72.7791 36.4341 0
    endloop
  endfacet
  facet normal 0 0 -1
    outer loop
      vertex 78.4 3 0
      vertex 72.6147 35.9282 0
      vertex 72.7168 36.1747 0
    endloop
  endfacet
  facet normal 0 0 -1
    outer loop
      vertex 78.4 3 0
      vertex 72.4753 35.7008 0
      vertex 72.6147 35.9282 0
    endloop
  endfacet
  facet normal 0 0 -1
    outer loop
      vertex 78.4 3 0
      vertex 72.3021 35.4979 0
      vertex 72.4753 35.7008 0
    endloop
  endfacet
  facet normal 0 0 -1
    outer loop
      vertex 78.4 3 0
      vertex 72.0992 35.3247 0
      vertex 72.3021 35.4979 0
    endloop
  endfacet
  facet normal 0 0 -1
    outer loop
      vertex 78.4 3 0
      vertex 71.8718 35.1853 0
      vertex 72.0992 35.3247 0
    endloop
  endfacet
  facet normal 0 0 -1
    outer loop
      vertex 78.4 3 0
      vertex 71.6253 35.0832 0
      vertex 71.8718 35.1853 0
    endloop
  endfacet
  facet normal 0 0 -1
    outer loop
      vertex 78.4 3 0
      vertex 71.3659 35.0209 0
      vertex 71.6253 35.0832 0
    endloop
  endfacet
  facet normal 0 0 -1
    outer loop
      vertex 78.4 3 0
      vertex 71.1 35 0
      vertex 71.3659 35.0209 0
    endloop
  endfacet
  facet normal 0 0 -1
    outer loop
      vertex 78.4 3 0
      vertex 70.8341 35.0209 0
      vertex 71.1 35 0
    endloop
  endfacet
  facet normal 0 0 -1
    outer loop
      vertex 78.4 3 0
      vertex 70.5747 35.0832 0
      vertex 70.8341 35.0209 0
    endloop
  endfacet
  facet normal 0 0 -1
    outer loop
      vertex 78.4 3 0
      vertex 70.3282 35.1853 0
      vertex 70.5747 35.0832 0
    endloop
  endfacet
  facet normal 0 0 -1
    outer loop
      vertex 75.4 0 0
      vertex 70.1008 35.3247 0
      vertex 70.3282 35.1853 0
    endloop
  endfacet
  facet normal 0 0 -1
    outer loop
      vertex 75.4 0 0
      vertex 69.8979 35.4979 0
      vertex 70.1008 35.3247 0
    endloop
  endfacet
  facet normal 0 0 -1
    outer loop
      vertex 75.4 0 0
      vertex 69.7247 35.7008 0
      vertex 69.8979 35.4979 0
    endloop
  endfacet
  facet normal 0 0 -1
    outer loop
      vertex 9.47907 8.06594 0
      vertex 75.4 0 0
      vertex 9.5 7.8 0
    endloop
  endfacet
  facet normal 0 0 -1
    outer loop
      vertex 75.4 0 0
      vertex 9.47907 8.06594 0
      vertex 69.7247 35.7008 0
    endloop
  endfacet
  facet normal 0 0 -1
    outer loop
      vertex 9.4168 8.32533 0
      vertex 69.7247 35.7008 0
      vertex 9.47907 8.06594 0
    endloop
  endfacet
  facet normal 0 0 -1
    outer loop
      vertex 9.31471 8.57178 0
      vertex 69.5853 35.9282 0
      vertex 9.4168 8.32533 0
    endloop
  endfacet
  facet normal -0 0 -1
    outer loop
      vertex 69.7247 35.7008 0
      vertex 9.4168 8.32533 0
      vertex 69.5853 35.9282 0
    endloop
  endfacet
  facet normal 0 0 -1
    outer loop
      vertex 75.4 0 0
      vertex 9.47907 7.53406 0
      vertex 9.5 7.8 0
    endloop
  endfacet
  facet normal 0 0 -1
    outer loop
      vertex 75.4 0 0
      vertex 9.4168 7.27467 0
      vertex 9.47907 7.53406 0
    endloop
  endfacet
  facet normal 0 0 -1
    outer loop
      vertex 75.4 0 0
      vertex 9.31471 7.02822 0
      vertex 9.4168 7.27467 0
    endloop
  endfacet
  facet normal 0 0 -1
    outer loop
      vertex 75.4 0 0
      vertex 9.17533 6.80077 0
      vertex 9.31471 7.02822 0
    endloop
  endfacet
  facet normal 0 0 -1
    outer loop
      vertex 75.4 0 0
      vertex 9.00208 6.59792 0
      vertex 9.17533 6.80077 0
    endloop
  endfacet
  facet normal 0 0 -1
    outer loop
      vertex 3 0 0
      vertex 9.00208 6.59792 0
      vertex 75.4 0 0
    endloop
  endfacet
  facet normal 0 0 -1
    outer loop
      vertex 9.00208 6.59792 0
      vertex 3 0 0
      vertex 8.79923 6.42467 0
    endloop
  endfacet
  facet normal 0 0 -1
    outer loop
      vertex 8.79923 6.42467 0
      vertex 3 0 0
      vertex 8.57178 6.28529 0
    endloop
  endfacet
  facet normal 0 0 -1
    outer loop
      vertex 8.57178 6.28529 0
      vertex 3 0 0
      vertex 8.32533 6.1832 0
    endloop
  endfacet
  facet normal 0 0 -1
    outer loop
      vertex 8.32533 6.1832 0
      vertex 3 0 0
      vertex 8.06594 6.12093 0
    endloop
  endfacet
  facet normal 0 0 -1
    outer loop
      vertex 8.06594 6.12093 0
      vertex 3 0 0
      vertex 7.8 6.1 0
    endloop
  endfacet
  facet normal -0 0 -1
    outer loop
      vertex 6.12093 7.53406 0
      vertex 0 3 0
      vertex 6.1 7.8 0
    endloop
  endfacet
  facet normal -0 0 -1
    outer loop
      vertex 6.1832 7.27467 0
      vertex 0 3 0
      vertex 6.12093 7.53406 0
    endloop
  endfacet
  facet normal -0 0 -1
    outer loop
      vertex 6.28529 7.02822 0
      vertex 0 3 0
      vertex 6.1832 7.27467 0
    endloop
  endfacet
  facet normal -0 0 -1
    outer loop
      vertex 6.42467 6.80077 0
      vertex 0 3 0
      vertex 6.28529 7.02822 0
    endloop
  endfacet
  facet normal -0 0 -1
    outer loop
      vertex 6.59792 6.59792 0
      vertex 0 3 0
      vertex 6.42467 6.80077 0
    endloop
  endfacet
  facet normal 0 0 -1
    outer loop
      vertex 0 3 0
      vertex 6.59792 6.59792 0
      vertex 3 0 0
    endloop
  endfacet
  facet normal -0 0 -1
    outer loop
      vertex 6.80077 6.42467 0
      vertex 3 0 0
      vertex 6.59792 6.59792 0
    endloop
  endfacet
  facet normal -0 0 -1
    outer loop
      vertex 7.02822 6.28529 0
      vertex 3 0 0
      vertex 6.80077 6.42467 0
    endloop
  endfacet
  facet normal -0 0 -1
    outer loop
      vertex 7.27467 6.1832 0
      vertex 3 0 0
      vertex 7.02822 6.28529 0
    endloop
  endfacet
  facet normal -0 0 -1
    outer loop
      vertex 7.53406 6.12093 0
      vertex 3 0 0
      vertex 7.27467 6.1832 0
    endloop
  endfacet
  facet normal -0 0 -1
    outer loop
      vertex 7.8 6.1 0
      vertex 3 0 0
      vertex 7.53406 6.12093 0
    endloop
  endfacet
  facet normal 0 0 -1
    outer loop
      vertex 70.8341 38.3791 0
      vertex 78.4 72.4 0
      vertex 71.1 38.4 0
    endloop
  endfacet
  facet normal 0 0 -1
    outer loop
      vertex 70.5747 38.3168 0
      vertex 78.4 72.4 0
      vertex 70.8341 38.3791 0
    endloop
  endfacet
  facet normal 0 0 -1
    outer loop
      vertex 70.3282 38.2147 0
      vertex 78.4 72.4 0
      vertex 70.5747 38.3168 0
    endloop
  endfacet
  facet normal 0 0 -1
    outer loop
      vertex 78.4 72.4 0
      vertex 75.4 75.4 0
      vertex 78.3631 72.8693 0
    endloop
  endfacet
  facet normal 0 0 -1
    outer loop
      vertex 78.2532 73.327 0
      vertex 75.4 75.4 0
      vertex 78.073 73.762 0
    endloop
  endfacet
  facet normal 0 0 -1
    outer loop
      vertex 78.073 73.762 0
      vertex 75.4 75.4 0
      vertex 77.827 74.1634 0
    endloop
  endfacet
  facet normal 0 0 -1
    outer loop
      vertex 77.5213 74.5213 0
      vertex 75.4 75.4 0
      vertex 77.1634 74.827 0
    endloop
  endfacet
  facet normal 0 0 -1
    outer loop
      vertex 76.762 75.073 0
      vertex 75.4 75.4 0
      vertex 76.327 75.2532 0
    endloop
  endfacet
  facet normal 0 0 -1
    outer loop
      vertex 76.327 75.2532 0
      vertex 75.4 75.4 0
      vertex 75.8693 75.3631 0
    endloop
  endfacet
  facet normal 0 0 -1
    outer loop
      vertex 77.1634 74.827 0
      vertex 75.4 75.4 0
      vertex 76.762 75.073 0
    endloop
  endfacet
  facet normal 0 0 -1
    outer loop
      vertex 77.827 74.1634 0
      vertex 75.4 75.4 0
      vertex 77.5213 74.5213 0
    endloop
  endfacet
  facet normal 0 0 -1
    outer loop
      vertex 78.3631 72.8693 0
      vertex 75.4 75.4 0
      vertex 78.2532 73.327 0
    endloop
  endfacet
  facet normal -0 0 -1
    outer loop
      vertex 78.4 72.4 0
      vertex 70.3282 38.2147 0
      vertex 75.4 75.4 0
    endloop
  endfacet
  facet normal 0 0 -1
    outer loop
      vertex 70.1008 38.0753 0
      vertex 75.4 75.4 0
      vertex 70.3282 38.2147 0
    endloop
  endfacet
  facet normal 0 0 -1
    outer loop
      vertex 69.8979 37.9021 0
      vertex 75.4 75.4 0
      vertex 70.1008 38.0753 0
    endloop
  endfacet
  facet normal 0 0 -1
    outer loop
      vertex 9.5 67.6 0
      vertex 69.8979 37.9021 0
      vertex 69.7247 37.6992 0
    endloop
  endfacet
  facet normal 0 0 -1
    outer loop
      vertex 9.5 67.6 0
      vertex 69.7247 37.6992 0
      vertex 69.5853 37.4718 0
    endloop
  endfacet
  facet normal 0 0 -1
    outer loop
      vertex 9.5 67.6 0
      vertex 69.5853 37.4718 0
      vertex 69.4832 37.2253 0
    endloop
  endfacet
  facet normal 0 0 -1
    outer loop
      vertex 9.5 67.6 0
      vertex 69.4832 37.2253 0
      vertex 69.4209 36.9659 0
    endloop
  endfacet
  facet normal -0 0 -1
    outer loop
      vertex 69.5853 35.9282 0
      vertex 9.31471 8.57178 0
      vertex 69.4832 36.1747 0
    endloop
  endfacet
  facet normal 0 0 -1
    outer loop
      vertex 69.4 36.7 0
      vertex 9.5 67.6 0
      vertex 69.4209 36.9659 0
    endloop
  endfacet
  facet normal 0 0 -1
    outer loop
      vertex 69.8979 37.9021 0
      vertex 9.5 67.6 0
      vertex 75.4 75.4 0
    endloop
  endfacet
  facet normal 0 0 -1
    outer loop
      vertex 9.47907 67.8659 0
      vertex 75.4 75.4 0
      vertex 9.5 67.6 0
    endloop
  endfacet
  facet normal 0 0 -1
    outer loop
      vertex 9.4168 68.1253 0
      vertex 75.4 75.4 0
      vertex 9.47907 67.8659 0
    endloop
  endfacet
  facet normal 0 0 -1
    outer loop
      vertex 9.31471 68.3718 0
      vertex 75.4 75.4 0
      vertex 9.4168 68.1253 0
    endloop
  endfacet
  facet normal 0 0 -1
    outer loop
      vertex 9.17533 68.5992 0
      vertex 75.4 75.4 0
      vertex 9.31471 68.3718 0
    endloop
  endfacet
  facet normal 0 0 -1
    outer loop
      vertex 9.00208 68.8021 0
      vertex 75.4 75.4 0
      vertex 9.17533 68.5992 0
    endloop
  endfacet
  facet normal 0 0 -1
    outer loop
      vertex 3 75.4 0
      vertex 9.00208 68.8021 0
      vertex 8.79923 68.9753 0
    endloop
  endfacet
  facet normal 0 0 -1
    outer loop
      vertex 3 75.4 0
      vertex 8.79923 68.9753 0
      vertex 8.57178 69.1147 0
    endloop
  endfacet
  facet normal 0 0 -1
    outer loop
      vertex 3 75.4 0
      vertex 8.57178 69.1147 0
      vertex 8.32533 69.2168 0
    endloop
  endfacet
  facet normal 0 0 -1
    outer loop
      vertex 3 75.4 0
      vertex 8.32533 69.2168 0
      vertex 8.06594 69.2791 0
    endloop
  endfacet
  facet normal 0 0 -1
    outer loop
      vertex 3 75.4 0
      vertex 8.06594 69.2791 0
      vertex 7.8 69.3 0
    endloop
  endfacet
  facet normal 0 0 -1
    outer loop
      vertex 3 75.4 0
      vertex 7.8 69.3 0
      vertex 7.53406 69.2791 0
    endloop
  endfacet
  facet normal 0 0 -1
    outer loop
      vertex 9.00208 68.8021 0
      vertex 3 75.4 0
      vertex 75.4 75.4 0
    endloop
  endfacet
  facet normal 0 0 -1
    outer loop
      vertex 7.27467 69.2168 0
      vertex 3 75.4 0
      vertex 7.53406 69.2791 0
    endloop
  endfacet
  facet normal 0 0 -1
    outer loop
      vertex 7.02822 69.1147 0
      vertex 3 75.4 0
      vertex 7.27467 69.2168 0
    endloop
  endfacet
  facet normal 0 0 -1
    outer loop
      vertex 6.80077 68.9753 0
      vertex 3 75.4 0
      vertex 7.02822 69.1147 0
    endloop
  endfacet
  facet normal 0 0 -1
    outer loop
      vertex 6.59792 68.8021 0
      vertex 3 75.4 0
      vertex 6.80077 68.9753 0
    endloop
  endfacet
  facet normal 0 0 -1
    outer loop
      vertex 0 72.4 0
      vertex 6.59792 68.8021 0
      vertex 6.42467 68.5992 0
    endloop
  endfacet
  facet normal 0 0 -1
    outer loop
      vertex 0 72.4 0
      vertex 6.42467 68.5992 0
      vertex 6.28529 68.3718 0
    endloop
  endfacet
  facet normal 0 0 -1
    outer loop
      vertex 0 72.4 0
      vertex 6.28529 68.3718 0
      vertex 6.1832 68.1253 0
    endloop
  endfacet
  facet normal 0 0 -1
    outer loop
      vertex 0 72.4 0
      vertex 6.1832 68.1253 0
      vertex 6.12093 67.8659 0
    endloop
  endfacet
  facet normal 0 0 -1
    outer loop
      vertex 0 72.4 0
      vertex 6.12093 67.8659 0
      vertex 6.1 67.6 0
    endloop
  endfacet
  facet normal 0 0 -1
    outer loop
      vertex 6.1832 67.0747 0
      vertex 0 72.4 0
      vertex 6.12093 67.3341 0
    endloop
  endfacet
  facet normal 0 0 -1
    outer loop
      vertex 0 3 0
      vertex 3 0 0
      vertex 2.5307 0.0369349 0
    endloop
  endfacet
  facet normal 0 0 -1
    outer loop
      vertex 6.12093 67.3341 0
      vertex 0 72.4 0
      vertex 6.1 67.6 0
    endloop
  endfacet
  facet normal 0 0 -1
    outer loop
      vertex 0 3 0
      vertex 2.5307 0.0369349 0
      vertex 2.07295 0.14683 0
    endloop
  endfacet
  facet normal 0 0 -1
    outer loop
      vertex 6.59792 68.8021 0
      vertex 0 72.4 0
      vertex 3 75.4 0
    endloop
  endfacet
  facet normal 0 0 -1
    outer loop
      vertex 0 3 0
      vertex 2.07295 0.14683 0
      vertex 1.63803 0.32698 0
    endloop
  endfacet
  facet normal 0 0 -1
    outer loop
      vertex 3 75.4 0
      vertex 0 72.4 0
      vertex 2.5307 75.3631 0
    endloop
  endfacet
  facet normal 0 0 -1
    outer loop
      vertex 0 3 0
      vertex 1.63803 0.32698 0
      vertex 1.23664 0.572948 0
    endloop
  endfacet
  facet normal 0 0 -1
    outer loop
      vertex 2.5307 75.3631 0
      vertex 0 72.4 0
      vertex 2.07295 75.2532 0
    endloop
  endfacet
  facet normal 0 0 -1
    outer loop
      vertex 0 3 0
      vertex 1.23664 0.572948 0
      vertex 0.878679 0.878679 0
    endloop
  endfacet
  facet normal 0 0 -1
    outer loop
      vertex 2.07295 75.2532 0
      vertex 0 72.4 0
      vertex 1.63803 75.073 0
    endloop
  endfacet
  facet normal 0 0 -1
    outer loop
      vertex 0 3 0
      vertex 0.878679 0.878679 0
      vertex 0.572948 1.23664 0
    endloop
  endfacet
  facet normal 0 0 -1
    outer loop
      vertex 1.63803 75.073 0
      vertex 0 72.4 0
      vertex 1.23664 74.827 0
    endloop
  endfacet
  facet normal 0 0 -1
    outer loop
      vertex 0 3 0
      vertex 0.572948 1.23664 0
      vertex 0.32698 1.63803 0
    endloop
  endfacet
  facet normal 0 0 -1
    outer loop
      vertex 1.23664 74.827 0
      vertex 0 72.4 0
      vertex 0.878679 74.5213 0
    endloop
  endfacet
  facet normal 0 0 -1
    outer loop
      vertex 0 3 0
      vertex 0.32698 1.63803 0
      vertex 0.14683 2.07295 0
    endloop
  endfacet
  facet normal 0 0 -1
    outer loop
      vertex 0.878679 74.5213 0
      vertex 0 72.4 0
      vertex 0.572948 74.1634 0
    endloop
  endfacet
  facet normal 0 0 -1
    outer loop
      vertex 0 3 0
      vertex 0.14683 2.07295 0
      vertex 0.0369349 2.5307 0
    endloop
  endfacet
  facet normal 0 0 -1
    outer loop
      vertex 0.572948 74.1634 0
      vertex 0 72.4 0
      vertex 0.32698 73.762 0
    endloop
  endfacet
  facet normal 0 0 -1
    outer loop
      vertex 0.32698 73.762 0
      vertex 0 72.4 0
      vertex 0.14683 73.327 0
    endloop
  endfacet
  facet normal 0 0 -1
    outer loop
      vertex 0.14683 73.327 0
      vertex 0 72.4 0
      vertex 0.0369349 72.8693 0
    endloop
  endfacet
  facet normal 0 0 1
    outer loop
      vertex 75.1192 71.5948 2.4
      vertex 78.4 72.4 2.4
      vertex 78.3631 72.8693 2.4
    endloop
  endfacet
  facet normal 0 0 1
    outer loop
      vertex 78.4 72.4 2.4
      vertex 75.25 71.05 2.4
      vertex 78.4 3 2.4
    endloop
  endfacet
  facet normal 0 0 1
    outer loop
      vertex 75.0208 71.7553 2.4
      vertex 78.3631 72.8693 2.4
      vertex 78.2532 73.327 2.4
    endloop
  endfacet
  facet normal -0 0 1
    outer loop
      vertex 75.25 4.35 2.4
      vertex 78.4 3 2.4
      vertex 75.25 71.05 2.4
    endloop
  endfacet
  facet normal 0 0 1
    outer loop
      vertex 75.0208 71.7553 2.4
      vertex 78.2532 73.327 2.4
      vertex 78.073 73.762 2.4
    endloop
  endfacet
  facet normal -0 0 1
    outer loop
      vertex 75.2352 4.16228 2.4
      vertex 78.4 3 2.4
      vertex 75.25 4.35 2.4
    endloop
  endfacet
  facet normal 0 0 1
    outer loop
      vertex 75.0208 71.7553 2.4
      vertex 78.073 73.762 2.4
      vertex 77.827 74.1634 2.4
    endloop
  endfacet
  facet normal -0 0 1
    outer loop
      vertex 75.1913 3.97918 2.4
      vertex 78.4 3 2.4
      vertex 75.2352 4.16228 2.4
    endloop
  endfacet
  facet normal 0 0 1
    outer loop
      vertex 74.8985 71.8985 2.4
      vertex 77.827 74.1634 2.4
      vertex 77.5213 74.5213 2.4
    endloop
  endfacet
  facet normal -0 0 1
    outer loop
      vertex 75.1192 3.80521 2.4
      vertex 78.4 3 2.4
      vertex 75.1913 3.97918 2.4
    endloop
  endfacet
  facet normal 0 0 1
    outer loop
      vertex 74.8985 71.8985 2.4
      vertex 77.5213 74.5213 2.4
      vertex 77.1634 74.827 2.4
    endloop
  endfacet
  facet normal 0 0 1
    outer loop
      vertex 78.4 3 2.4
      vertex 75.1192 3.80521 2.4
      vertex 78.3631 2.5307 2.4
    endloop
  endfacet
  facet normal 0 0 1
    outer loop
      vertex 74.7553 72.0208 2.4
      vertex 77.1634 74.827 2.4
      vertex 76.762 75.073 2.4
    endloop
  endfacet
  facet normal -0 0 1
    outer loop
      vertex 75.0208 3.64466 2.4
      vertex 78.3631 2.5307 2.4
      vertex 75.1192 3.80521 2.4
    endloop
  endfacet
  facet normal 0 0 1
    outer loop
      vertex 74.7553 72.0208 2.4
      vertex 76.762 75.073 2.4
      vertex 76.327 75.2532 2.4
    endloop
  endfacet
  facet normal 0 0 1
    outer loop
      vertex 78.3631 2.5307 2.4
      vertex 75.0208 3.64466 2.4
      vertex 78.2532 2.07295 2.4
    endloop
  endfacet
  facet normal 0 0 1
    outer loop
      vertex 74.7553 72.0208 2.4
      vertex 76.327 75.2532 2.4
      vertex 75.8693 75.3631 2.4
    endloop
  endfacet
  facet normal 0 0 1
    outer loop
      vertex 78.2532 2.07295 2.4
      vertex 75.0208 3.64466 2.4
      vertex 78.073 1.63803 2.4
    endloop
  endfacet
  facet normal 0 0 1
    outer loop
      vertex 74.5948 72.1192 2.4
      vertex 75.8693 75.3631 2.4
      vertex 75.4 75.4 2.4
    endloop
  endfacet
  facet normal 0 0 1
    outer loop
      vertex 78.073 1.63803 2.4
      vertex 75.0208 3.64466 2.4
      vertex 77.827 1.23664 2.4
    endloop
  endfacet
  facet normal -0 0 1
    outer loop
      vertex 74.8985 3.50147 2.4
      vertex 77.827 1.23664 2.4
      vertex 75.0208 3.64466 2.4
    endloop
  endfacet
  facet normal 0 0 1
    outer loop
      vertex 78.4 72.4 2.4
      vertex 75.2352 71.2377 2.4
      vertex 75.25 71.05 2.4
    endloop
  endfacet
  facet normal 0 0 1
    outer loop
      vertex 78.4 72.4 2.4
      vertex 75.1913 71.4208 2.4
      vertex 75.2352 71.2377 2.4
    endloop
  endfacet
  facet normal 0 0 1
    outer loop
      vertex 78.4 72.4 2.4
      vertex 75.1192 71.5948 2.4
      vertex 75.1913 71.4208 2.4
    endloop
  endfacet
  facet normal 0 0 1
    outer loop
      vertex 78.3631 72.8693 2.4
      vertex 75.0208 71.7553 2.4
      vertex 75.1192 71.5948 2.4
    endloop
  endfacet
  facet normal 0 0 1
    outer loop
      vertex 77.827 74.1634 2.4
      vertex 74.8985 71.8985 2.4
      vertex 75.0208 71.7553 2.4
    endloop
  endfacet
  facet normal 0 0 1
    outer loop
      vertex 77.1634 74.827 2.4
      vertex 74.7553 72.0208 2.4
      vertex 74.8985 71.8985 2.4
    endloop
  endfacet
  facet normal 0 0 1
    outer loop
      vertex 75.8693 75.3631 2.4
      vertex 74.5948 72.1192 2.4
      vertex 74.7553 72.0208 2.4
    endloop
  endfacet
  facet normal 0 0 1
    outer loop
      vertex 75.4 75.4 2.4
      vertex 74.4208 72.1913 2.4
      vertex 74.5948 72.1192 2.4
    endloop
  endfacet
  facet normal 0 0 1
    outer loop
      vertex 75.4 75.4 2.4
      vertex 74.2377 72.2352 2.4
      vertex 74.4208 72.1913 2.4
    endloop
  endfacet
  facet normal 0 0 1
    outer loop
      vertex 75.4 75.4 2.4
      vertex 74.05 72.25 2.4
      vertex 74.2377 72.2352 2.4
    endloop
  endfacet
  facet normal 0 0 1
    outer loop
      vertex 75.4 75.4 2.4
      vertex 4.35 72.25 2.4
      vertex 74.05 72.25 2.4
    endloop
  endfacet
  facet normal -0 0 1
    outer loop
      vertex 0.572948 74.1634 2.4
      vertex 3.50147 71.8985 2.4
      vertex 0.878679 74.5213 2.4
    endloop
  endfacet
  facet normal -0 0 1
    outer loop
      vertex 0.878679 74.5213 2.4
      vertex 3.50147 71.8985 2.4
      vertex 1.23664 74.827 2.4
    endloop
  endfacet
  facet normal 0 0 1
    outer loop
      vertex 3.64466 72.0208 2.4
      vertex 1.23664 74.827 2.4
      vertex 3.50147 71.8985 2.4
    endloop
  endfacet
  facet normal -0 0 1
    outer loop
      vertex 1.23664 74.827 2.4
      vertex 3.64466 72.0208 2.4
      vertex 1.63803 75.073 2.4
    endloop
  endfacet
  facet normal -0 0 1
    outer loop
      vertex 1.63803 75.073 2.4
      vertex 3.64466 72.0208 2.4
      vertex 2.07295 75.2532 2.4
    endloop
  endfacet
  facet normal -0 0 1
    outer loop
      vertex 2.07295 75.2532 2.4
      vertex 3.64466 72.0208 2.4
      vertex 2.5307 75.3631 2.4
    endloop
  endfacet
  facet normal 0 0 1
    outer loop
      vertex 3.80521 72.1192 2.4
      vertex 2.5307 75.3631 2.4
      vertex 3.64466 72.0208 2.4
    endloop
  endfacet
  facet normal -0 0 1
    outer loop
      vertex 2.5307 75.3631 2.4
      vertex 3.80521 72.1192 2.4
      vertex 3 75.4 2.4
    endloop
  endfacet
  facet normal 0 0 1
    outer loop
      vertex 3.97918 72.1913 2.4
      vertex 3 75.4 2.4
      vertex 3.80521 72.1192 2.4
    endloop
  endfacet
  facet normal 0 0 1
    outer loop
      vertex 4.16228 72.2352 2.4
      vertex 3 75.4 2.4
      vertex 3.97918 72.1913 2.4
    endloop
  endfacet
  facet normal 0 0 1
    outer loop
      vertex 4.35 72.25 2.4
      vertex 3 75.4 2.4
      vertex 4.16228 72.2352 2.4
    endloop
  endfacet
  facet normal -0 0 1
    outer loop
      vertex 3 75.4 2.4
      vertex 4.35 72.25 2.4
      vertex 75.4 75.4 2.4
    endloop
  endfacet
  facet normal 0 0 1
    outer loop
      vertex 77.827 1.23664 2.4
      vertex 74.8985 3.50147 2.4
      vertex 77.5213 0.878679 2.4
    endloop
  endfacet
  facet normal 0 0 1
    outer loop
      vertex 77.5213 0.878679 2.4
      vertex 74.8985 3.50147 2.4
      vertex 77.1634 0.572948 2.4
    endloop
  endfacet
  facet normal -0 0 1
    outer loop
      vertex 74.7553 3.37918 2.4
      vertex 77.1634 0.572948 2.4
      vertex 74.8985 3.50147 2.4
    endloop
  endfacet
  facet normal 0 0 1
    outer loop
      vertex 77.1634 0.572948 2.4
      vertex 74.7553 3.37918 2.4
      vertex 76.762 0.32698 2.4
    endloop
  endfacet
  facet normal 0 0 1
    outer loop
      vertex 76.762 0.32698 2.4
      vertex 74.7553 3.37918 2.4
      vertex 76.327 0.14683 2.4
    endloop
  endfacet
  facet normal 0 0 1
    outer loop
      vertex 76.327 0.14683 2.4
      vertex 74.7553 3.37918 2.4
      vertex 75.8693 0.0369349 2.4
    endloop
  endfacet
  facet normal -0 0 1
    outer loop
      vertex 74.5948 3.28079 2.4
      vertex 75.8693 0.0369349 2.4
      vertex 74.7553 3.37918 2.4
    endloop
  endfacet
  facet normal 0 0 1
    outer loop
      vertex 75.8693 0.0369349 2.4
      vertex 74.5948 3.28079 2.4
      vertex 75.4 0 2.4
    endloop
  endfacet
  facet normal -0 0 1
    outer loop
      vertex 74.4208 3.20873 2.4
      vertex 75.4 0 2.4
      vertex 74.5948 3.28079 2.4
    endloop
  endfacet
  facet normal -0 0 1
    outer loop
      vertex 74.2377 3.16477 2.4
      vertex 75.4 0 2.4
      vertex 74.4208 3.20873 2.4
    endloop
  endfacet
  facet normal -0 0 1
    outer loop
      vertex 74.05 3.15 2.4
      vertex 75.4 0 2.4
      vertex 74.2377 3.16477 2.4
    endloop
  endfacet
  facet normal -0 0 1
    outer loop
      vertex 4.35 3.15 2.4
      vertex 75.4 0 2.4
      vertex 74.05 3.15 2.4
    endloop
  endfacet
  facet normal 0 0 1
    outer loop
      vertex 4.35 3.15 2.4
      vertex 3 0 2.4
      vertex 75.4 0 2.4
    endloop
  endfacet
  facet normal 0 0 1
    outer loop
      vertex 4.16228 3.16477 2.4
      vertex 3 0 2.4
      vertex 4.35 3.15 2.4
    endloop
  endfacet
  facet normal 0 0 1
    outer loop
      vertex 3.97918 3.20873 2.4
      vertex 3 0 2.4
      vertex 4.16228 3.16477 2.4
    endloop
  endfacet
  facet normal 0 0 1
    outer loop
      vertex 3.80521 3.28079 2.4
      vertex 3 0 2.4
      vertex 3.97918 3.20873 2.4
    endloop
  endfacet
  facet normal 0 0 1
    outer loop
      vertex 2.5307 0.0369349 2.4
      vertex 3.80521 3.28079 2.4
      vertex 3.64466 3.37918 2.4
    endloop
  endfacet
  facet normal 0 0 1
    outer loop
      vertex 1.23664 0.572948 2.4
      vertex 3.64466 3.37918 2.4
      vertex 3.50147 3.50147 2.4
    endloop
  endfacet
  facet normal 0 0 1
    outer loop
      vertex 0.572948 1.23664 2.4
      vertex 3.50147 3.50147 2.4
      vertex 3.37918 3.64466 2.4
    endloop
  endfacet
  facet normal 0 0 1
    outer loop
      vertex 0.0369349 2.5307 2.4
      vertex 3.37918 3.64466 2.4
      vertex 3.28079 3.80521 2.4
    endloop
  endfacet
  facet normal 0 0 1
    outer loop
      vertex 0 3 2.4
      vertex 3.28079 3.80521 2.4
      vertex 3.20873 3.97918 2.4
    endloop
  endfacet
  facet normal 0 0 1
    outer loop
      vertex 0 3 2.4
      vertex 3.20873 3.97918 2.4
      vertex 3.16477 4.16228 2.4
    endloop
  endfacet
  facet normal 0 0 1
    outer loop
      vertex 0 3 2.4
      vertex 3.16477 4.16228 2.4
      vertex 3.15 4.35 2.4
    endloop
  endfacet
  facet normal 0 0 1
    outer loop
      vertex 3.15 71.05 2.4
      vertex 0 72.4 2.4
      vertex 3.15 4.35 2.4
    endloop
  endfacet
  facet normal 0 0 1
    outer loop
      vertex 3.50147 71.8985 2.4
      vertex 0.572948 74.1634 2.4
      vertex 3.37918 71.7553 2.4
    endloop
  endfacet
  facet normal 0 0 1
    outer loop
      vertex 0 3 2.4
      vertex 3.15 4.35 2.4
      vertex 0 72.4 2.4
    endloop
  endfacet
  facet normal -0 0 1
    outer loop
      vertex 0.32698 73.762 2.4
      vertex 3.37918 71.7553 2.4
      vertex 0.572948 74.1634 2.4
    endloop
  endfacet
  facet normal 0 0 1
    outer loop
      vertex 3.28079 3.80521 2.4
      vertex 0 3 2.4
      vertex 0.0369349 2.5307 2.4
    endloop
  endfacet
  facet normal -0 0 1
    outer loop
      vertex 0.14683 73.327 2.4
      vertex 3.37918 71.7553 2.4
      vertex 0.32698 73.762 2.4
    endloop
  endfacet
  facet normal 0 0 1
    outer loop
      vertex 3.80521 3.28079 2.4
      vertex 2.5307 0.0369349 2.4
      vertex 3 0 2.4
    endloop
  endfacet
  facet normal -0 0 1
    outer loop
      vertex 0.0369349 72.8693 2.4
      vertex 3.37918 71.7553 2.4
      vertex 0.14683 73.327 2.4
    endloop
  endfacet
  facet normal 0 0 1
    outer loop
      vertex 3.64466 3.37918 2.4
      vertex 2.07295 0.14683 2.4
      vertex 2.5307 0.0369349 2.4
    endloop
  endfacet
  facet normal 0 0 1
    outer loop
      vertex 3.37918 71.7553 2.4
      vertex 0.0369349 72.8693 2.4
      vertex 3.28079 71.5948 2.4
    endloop
  endfacet
  facet normal 0 0 1
    outer loop
      vertex 3.64466 3.37918 2.4
      vertex 1.63803 0.32698 2.4
      vertex 2.07295 0.14683 2.4
    endloop
  endfacet
  facet normal -0 0 1
    outer loop
      vertex 0 72.4 2.4
      vertex 3.28079 71.5948 2.4
      vertex 0.0369349 72.8693 2.4
    endloop
  endfacet
  facet normal 0 0 1
    outer loop
      vertex 3.64466 3.37918 2.4
      vertex 1.23664 0.572948 2.4
      vertex 1.63803 0.32698 2.4
    endloop
  endfacet
  facet normal 0 0 1
    outer loop
      vertex 3.28079 71.5948 2.4
      vertex 0 72.4 2.4
      vertex 3.20873 71.4208 2.4
    endloop
  endfacet
  facet normal 0 0 1
    outer loop
      vertex 3.50147 3.50147 2.4
      vertex 0.878679 0.878679 2.4
      vertex 1.23664 0.572948 2.4
    endloop
  endfacet
  facet normal 0 0 1
    outer loop
      vertex 3.20873 71.4208 2.4
      vertex 0 72.4 2.4
      vertex 3.16477 71.2377 2.4
    endloop
  endfacet
  facet normal 0 0 1
    outer loop
      vertex 3.50147 3.50147 2.4
      vertex 0.572948 1.23664 2.4
      vertex 0.878679 0.878679 2.4
    endloop
  endfacet
  facet normal 0 0 1
    outer loop
      vertex 3.16477 71.2377 2.4
      vertex 0 72.4 2.4
      vertex 3.15 71.05 2.4
    endloop
  endfacet
  facet normal 0 0 1
    outer loop
      vertex 3.37918 3.64466 2.4
      vertex 0.32698 1.63803 2.4
      vertex 0.572948 1.23664 2.4
    endloop
  endfacet
  facet normal 0 0 1
    outer loop
      vertex 3.37918 3.64466 2.4
      vertex 0.14683 2.07295 2.4
      vertex 0.32698 1.63803 2.4
    endloop
  endfacet
  facet normal 0 0 1
    outer loop
      vertex 3.37918 3.64466 2.4
      vertex 0.0369349 2.5307 2.4
      vertex 0.14683 2.07295 2.4
    endloop
  endfacet
  facet normal 0 0 1
    outer loop
      vertex 72.85 70.65 2.4
      vertex 73.65 69.85 2.4
      vertex 73.6402 69.9751 2.4
    endloop
  endfacet
  facet normal -0 0 1
    outer loop
      vertex 74.1747 37.1711 2.4
      vertex 74.9 36.7 2.4
      vertex 74.8532 37.2944 2.4
    endloop
  endfacet
  facet normal 0 0 1
    outer loop
      vertex 74.1698 37.202 2.4
      vertex 74.8532 37.2944 2.4
      vertex 74.714 37.8743 2.4
    endloop
  endfacet
  facet normal 0 0 1
    outer loop
      vertex 74.9 36.7 2.4
      vertex 74.1747 37.1711 2.4
      vertex 74.2118 36.7 2.4
    endloop
  endfacet
  facet normal 0 0 1
    outer loop
      vertex 74.0535 37.6761 2.4
      vertex 74.714 37.8743 2.4
      vertex 74.4858 38.4252 2.4
    endloop
  endfacet
  facet normal 0 0 1
    outer loop
      vertex 74.9 36.7 2.4
      vertex 74.1747 36.2289 2.4
      vertex 74.8532 36.1055 2.4
    endloop
  endfacet
  facet normal -0 0 1
    outer loop
      vertex 74.1735 36.2132 2.4
      vertex 74.8532 36.1055 2.4
      vertex 74.1747 36.2289 2.4
    endloop
  endfacet
  facet normal 0 0 1
    outer loop
      vertex 74.1747 36.2289 2.4
      vertex 74.9 36.7 2.4
      vertex 74.2118 36.7 2.4
    endloop
  endfacet
  facet normal -0 0 1
    outer loop
      vertex 73.6257 38.5157 2.4
      vertex 74.4858 38.4252 2.4
      vertex 74.1743 38.9336 2.4
    endloop
  endfacet
  facet normal 0 0 1
    outer loop
      vertex 74.8532 37.2944 2.4
      vertex 74.1735 37.1868 2.4
      vertex 74.1747 37.1711 2.4
    endloop
  endfacet
  facet normal 0 0 1
    outer loop
      vertex 74.8532 37.2944 2.4
      vertex 74.1698 37.202 2.4
      vertex 74.1735 37.1868 2.4
    endloop
  endfacet
  facet normal 0 0 1
    outer loop
      vertex 74.714 37.8743 2.4
      vertex 74.0595 37.6616 2.4
      vertex 74.1698 37.202 2.4
    endloop
  endfacet
  facet normal 0 0 1
    outer loop
      vertex 74.714 37.8743 2.4
      vertex 74.0535 37.6761 2.4
      vertex 74.0595 37.6616 2.4
    endloop
  endfacet
  facet normal 0 0 1
    outer loop
      vertex 74.4858 38.4252 2.4
      vertex 73.8726 38.1127 2.4
      vertex 74.0535 37.6761 2.4
    endloop
  endfacet
  facet normal 0 0 1
    outer loop
      vertex 73.6073 38.541 2.4
      vertex 74.1743 38.9336 2.4
      vertex 73.787 39.387 2.4
    endloop
  endfacet
  facet normal 0 0 1
    outer loop
      vertex 73.3003 38.9003 2.4
      vertex 73.787 39.387 2.4
      vertex 73.65 39.504 2.4
    endloop
  endfacet
  facet normal 0 0 1
    outer loop
      vertex 74.4858 38.4252 2.4
      vertex 73.6257 38.5157 2.4
      vertex 73.8726 38.1127 2.4
    endloop
  endfacet
  facet normal 0 0 1
    outer loop
      vertex 73.65 69.85 2.4
      vertex 66.5 44.3 2.4
      vertex 73.65 39.504 2.4
    endloop
  endfacet
  facet normal 0 0 1
    outer loop
      vertex 74.1743 38.9336 2.4
      vertex 73.6175 38.529 2.4
      vertex 73.6257 38.5157 2.4
    endloop
  endfacet
  facet normal 0 0 1
    outer loop
      vertex 72.85 70.65 2.4
      vertex 73.6402 69.9751 2.4
      vertex 73.6108 70.0972 2.4
    endloop
  endfacet
  facet normal 0 0 1
    outer loop
      vertex 74.1743 38.9336 2.4
      vertex 73.6073 38.541 2.4
      vertex 73.6175 38.529 2.4
    endloop
  endfacet
  facet normal 0 0 1
    outer loop
      vertex 72.85 70.65 2.4
      vertex 73.6108 70.0972 2.4
      vertex 73.5628 70.2132 2.4
    endloop
  endfacet
  facet normal 0 0 1
    outer loop
      vertex 72.85 70.65 2.4
      vertex 73.5628 70.2132 2.4
      vertex 73.4972 70.3202 2.4
    endloop
  endfacet
  facet normal 0 0 1
    outer loop
      vertex 72.85 70.65 2.4
      vertex 73.4972 70.3202 2.4
      vertex 73.4157 70.4157 2.4
    endloop
  endfacet
  facet normal 0 0 1
    outer loop
      vertex 72.85 70.65 2.4
      vertex 73.4157 70.4157 2.4
      vertex 73.3202 70.4972 2.4
    endloop
  endfacet
  facet normal 0 0 1
    outer loop
      vertex 73.787 39.387 2.4
      vertex 73.3003 38.9003 2.4
      vertex 73.6073 38.541 2.4
    endloop
  endfacet
  facet normal 0 0 1
    outer loop
      vertex 72.85 70.65 2.4
      vertex 73.3202 70.4972 2.4
      vertex 73.2132 70.5628 2.4
    endloop
  endfacet
  facet normal 0 0 1
    outer loop
      vertex 72.85 70.65 2.4
      vertex 73.2132 70.5628 2.4
      vertex 73.0972 70.6108 2.4
    endloop
  endfacet
  facet normal 0 0 1
    outer loop
      vertex 72.85 70.65 2.4
      vertex 73.0972 70.6108 2.4
      vertex 72.9751 70.6402 2.4
    endloop
  endfacet
  facet normal 0 0 1
    outer loop
      vertex 73.65 39.504 2.4
      vertex 72.941 39.2073 2.4
      vertex 73.3003 38.9003 2.4
    endloop
  endfacet
  facet normal 0 0 1
    outer loop
      vertex 73.65 39.504 2.4
      vertex 72.929 39.2175 2.4
      vertex 72.941 39.2073 2.4
    endloop
  endfacet
  facet normal 0 0 1
    outer loop
      vertex 73.65 39.504 2.4
      vertex 72.9157 39.2257 2.4
      vertex 72.929 39.2175 2.4
    endloop
  endfacet
  facet normal 0 0 1
    outer loop
      vertex 73.65 69.85 2.4
      vertex 72.85 70.65 2.4
      vertex 66.5 69.1 2.4
    endloop
  endfacet
  facet normal 0 0 1
    outer loop
      vertex 73.65 39.504 2.4
      vertex 72.5127 39.4726 2.4
      vertex 72.9157 39.2257 2.4
    endloop
  endfacet
  facet normal -0 -0 1
    outer loop
      vertex 72.0616 39.6595 2.4
      vertex 73.65 39.504 2.4
      vertex 66.5 44.3 2.4
    endloop
  endfacet
  facet normal 0 0 1
    outer loop
      vertex 73.65 39.504 2.4
      vertex 72.0761 39.6535 2.4
      vertex 72.5127 39.4726 2.4
    endloop
  endfacet
  facet normal 0 0 1
    outer loop
      vertex 73.65 39.504 2.4
      vertex 72.0616 39.6595 2.4
      vertex 72.0761 39.6535 2.4
    endloop
  endfacet
  facet normal 0 0 1
    outer loop
      vertex 72.0616 39.6595 2.4
      vertex 66.5 44.3 2.4
      vertex 71.602 39.7698 2.4
    endloop
  endfacet
  facet normal 0 0 1
    outer loop
      vertex 71.602 39.7698 2.4
      vertex 66.5 44.3 2.4
      vertex 71.5868 39.7735 2.4
    endloop
  endfacet
  facet normal 0 0 1
    outer loop
      vertex 71.5868 39.7735 2.4
      vertex 66.5 44.3 2.4
      vertex 71.5711 39.7747 2.4
    endloop
  endfacet
  facet normal 0 0 1
    outer loop
      vertex 71.5711 39.7747 2.4
      vertex 66.5 44.3 2.4
      vertex 71.1 39.8118 2.4
    endloop
  endfacet
  facet normal 0 0 1
    outer loop
      vertex 71.1 39.8118 2.4
      vertex 66.5 44.3 2.4
      vertex 70.6289 39.7747 2.4
    endloop
  endfacet
  facet normal 0 0 1
    outer loop
      vertex 70.6289 39.7747 2.4
      vertex 66.5 44.3 2.4
      vertex 70.6132 39.7735 2.4
    endloop
  endfacet
  facet normal -0 0 1
    outer loop
      vertex 66.5 42.7 2.4
      vertex 70.6132 39.7735 2.4
      vertex 66.5 44.3 2.4
    endloop
  endfacet
  facet normal 0 0 1
    outer loop
      vertex 70.6132 39.7735 2.4
      vertex 66.5 42.7 2.4
      vertex 70.598 39.7698 2.4
    endloop
  endfacet
  facet normal 0 0 1
    outer loop
      vertex 70.598 39.7698 2.4
      vertex 66.5 42.7 2.4
      vertex 70.1384 39.6595 2.4
    endloop
  endfacet
  facet normal 0 0 1
    outer loop
      vertex 70.1384 39.6595 2.4
      vertex 66.5 42.7 2.4
      vertex 70.1239 39.6535 2.4
    endloop
  endfacet
  facet normal 0 0 1
    outer loop
      vertex 70.1239 39.6535 2.4
      vertex 66.5 42.7 2.4
      vertex 69.6873 39.4726 2.4
    endloop
  endfacet
  facet normal 0 0 1
    outer loop
      vertex 69.6873 39.4726 2.4
      vertex 66.5 42.7 2.4
      vertex 69.2843 39.2257 2.4
    endloop
  endfacet
  facet normal 0 0 1
    outer loop
      vertex 69.2843 39.2257 2.4
      vertex 66.5 42.7 2.4
      vertex 69.271 39.2175 2.4
    endloop
  endfacet
  facet normal 0 0 1
    outer loop
      vertex 69.271 39.2175 2.4
      vertex 66.5 42.7 2.4
      vertex 69.259 39.2073 2.4
    endloop
  endfacet
  facet normal 0 0 1
    outer loop
      vertex 69.259 39.2073 2.4
      vertex 66.5 42.7 2.4
      vertex 68.8997 38.9003 2.4
    endloop
  endfacet
  facet normal 0 0 1
    outer loop
      vertex 68.8997 38.9003 2.4
      vertex 66.5 42.7 2.4
      vertex 68.5927 38.541 2.4
    endloop
  endfacet
  facet normal 0 0 1
    outer loop
      vertex 68.5927 38.541 2.4
      vertex 66.5 42.7 2.4
      vertex 68.5825 38.529 2.4
    endloop
  endfacet
  facet normal 0 0 1
    outer loop
      vertex 68.5825 38.529 2.4
      vertex 66.5 42.7 2.4
      vertex 68.5743 38.5157 2.4
    endloop
  endfacet
  facet normal 0 0 1
    outer loop
      vertex 68.5743 38.5157 2.4
      vertex 66.5 42.7 2.4
      vertex 68.3274 38.1127 2.4
    endloop
  endfacet
  facet normal 0 0 1
    outer loop
      vertex 68.3274 38.1127 2.4
      vertex 66.5 42.7 2.4
      vertex 68.1465 37.6761 2.4
    endloop
  endfacet
  facet normal 0 0 1
    outer loop
      vertex 68.1465 37.6761 2.4
      vertex 66.5 42.7 2.4
      vertex 68.1405 37.6616 2.4
    endloop
  endfacet
  facet normal 0 0 1
    outer loop
      vertex 66.5 42.7 2.4
      vertex 67.9882 36.7 2.4
      vertex 68.0253 37.1711 2.4
    endloop
  endfacet
  facet normal 0 0 1
    outer loop
      vertex 66.5 42.7 2.4
      vertex 68.0253 37.1711 2.4
      vertex 68.0266 37.1868 2.4
    endloop
  endfacet
  facet normal 0 0 1
    outer loop
      vertex 66.5 69.1 2.4
      vertex 72.85 70.65 2.4
      vertex 66.5 70.65 2.4
    endloop
  endfacet
  facet normal 0 0 1
    outer loop
      vertex 73.65 69.85 2.4
      vertex 66.5 69.1 2.4
      vertex 66.5 44.3 2.4
    endloop
  endfacet
  facet normal 0 0 1
    outer loop
      vertex 68.1405 37.6616 2.4
      vertex 66.5 42.7 2.4
      vertex 68.0302 37.202 2.4
    endloop
  endfacet
  facet normal 0 0 1
    outer loop
      vertex 68.0302 37.202 2.4
      vertex 66.5 42.7 2.4
      vertex 68.0266 37.1868 2.4
    endloop
  endfacet
  facet normal 0 0 1
    outer loop
      vertex 67.9882 36.7 2.4
      vertex 66.5 42.7 2.4
      vertex 67.2 30.7 2.4
    endloop
  endfacet
  facet normal -0 0 1
    outer loop
      vertex 30.5 42.7 2.4
      vertex 67.2 30.7 2.4
      vertex 66.5 42.7 2.4
    endloop
  endfacet
  facet normal 0 0 1
    outer loop
      vertex 67.2 30.7 2.4
      vertex 30.5 42.7 2.4
      vertex 27.2 30.7 2.4
    endloop
  endfacet
  facet normal -0 0 1
    outer loop
      vertex 74.1698 36.198 2.4
      vertex 74.8532 36.1055 2.4
      vertex 74.1735 36.2132 2.4
    endloop
  endfacet
  facet normal 0 0 1
    outer loop
      vertex 74.8532 36.1055 2.4
      vertex 74.1698 36.198 2.4
      vertex 74.714 35.5257 2.4
    endloop
  endfacet
  facet normal -0 0 1
    outer loop
      vertex 74.0595 35.7384 2.4
      vertex 74.714 35.5257 2.4
      vertex 74.1698 36.198 2.4
    endloop
  endfacet
  facet normal -0 0 1
    outer loop
      vertex 74.0535 35.7239 2.4
      vertex 74.714 35.5257 2.4
      vertex 74.0595 35.7384 2.4
    endloop
  endfacet
  facet normal 0 0 1
    outer loop
      vertex 74.714 35.5257 2.4
      vertex 74.0535 35.7239 2.4
      vertex 74.4858 34.9748 2.4
    endloop
  endfacet
  facet normal -0 0 1
    outer loop
      vertex 73.8726 35.2873 2.4
      vertex 74.4858 34.9748 2.4
      vertex 74.0535 35.7239 2.4
    endloop
  endfacet
  facet normal 0 0 1
    outer loop
      vertex 73.6257 34.8843 2.4
      vertex 74.4858 34.9748 2.4
      vertex 73.8726 35.2873 2.4
    endloop
  endfacet
  facet normal 0 0 1
    outer loop
      vertex 74.4858 34.9748 2.4
      vertex 73.6257 34.8843 2.4
      vertex 74.1743 34.4664 2.4
    endloop
  endfacet
  facet normal -0 0 1
    outer loop
      vertex 73.6175 34.871 2.4
      vertex 74.1743 34.4664 2.4
      vertex 73.6257 34.8843 2.4
    endloop
  endfacet
  facet normal -0 0 1
    outer loop
      vertex 67.2 29.1 2.4
      vertex 73.65 5.55 2.4
      vertex 73.65 33.896 2.4
    endloop
  endfacet
  facet normal -0 0 1
    outer loop
      vertex 73.6073 34.859 2.4
      vertex 74.1743 34.4664 2.4
      vertex 73.6175 34.871 2.4
    endloop
  endfacet
  facet normal 0 0 1
    outer loop
      vertex 74.1743 34.4664 2.4
      vertex 73.6073 34.859 2.4
      vertex 73.787 34.013 2.4
    endloop
  endfacet
  facet normal -0 0 1
    outer loop
      vertex 73.3003 34.4996 2.4
      vertex 73.787 34.013 2.4
      vertex 73.6073 34.859 2.4
    endloop
  endfacet
  facet normal 0 0 1
    outer loop
      vertex 73.787 34.013 2.4
      vertex 73.3003 34.4996 2.4
      vertex 73.65 33.896 2.4
    endloop
  endfacet
  facet normal -0 0 1
    outer loop
      vertex 72.941 34.1927 2.4
      vertex 73.65 33.896 2.4
      vertex 73.3003 34.4996 2.4
    endloop
  endfacet
  facet normal -0 0 1
    outer loop
      vertex 72.929 34.1825 2.4
      vertex 73.65 33.896 2.4
      vertex 72.941 34.1927 2.4
    endloop
  endfacet
  facet normal -0 0 1
    outer loop
      vertex 72.9157 34.1743 2.4
      vertex 73.65 33.896 2.4
      vertex 72.929 34.1825 2.4
    endloop
  endfacet
  facet normal -0 0 1
    outer loop
      vertex 72.5127 33.9274 2.4
      vertex 73.65 33.896 2.4
      vertex 72.9157 34.1743 2.4
    endloop
  endfacet
  facet normal 0 0 1
    outer loop
      vertex 72.0761 33.7465 2.4
      vertex 73.65 33.896 2.4
      vertex 72.5127 33.9274 2.4
    endloop
  endfacet
  facet normal -0 0 1
    outer loop
      vertex 67.2 6.3 2.4
      vertex 73.65 5.55 2.4
      vertex 67.2 29.1 2.4
    endloop
  endfacet
  facet normal 0 -0 1
    outer loop
      vertex 72.85 4.75 2.4
      vertex 73.65 5.55 2.4
      vertex 67.2 6.3 2.4
    endloop
  endfacet
  facet normal 0 0 1
    outer loop
      vertex 73.65 5.55 2.4
      vertex 72.85 4.75 2.4
      vertex 73.6402 5.42485 2.4
    endloop
  endfacet
  facet normal 0 0 1
    outer loop
      vertex 73.6402 5.42485 2.4
      vertex 72.85 4.75 2.4
      vertex 73.6108 5.30279 2.4
    endloop
  endfacet
  facet normal 0 0 1
    outer loop
      vertex 73.6108 5.30279 2.4
      vertex 72.85 4.75 2.4
      vertex 73.5628 5.18681 2.4
    endloop
  endfacet
  facet normal 0 0 1
    outer loop
      vertex 73.5628 5.18681 2.4
      vertex 72.85 4.75 2.4
      vertex 73.4972 5.07977 2.4
    endloop
  endfacet
  facet normal 0 0 1
    outer loop
      vertex 73.4972 5.07977 2.4
      vertex 72.85 4.75 2.4
      vertex 73.4157 4.98431 2.4
    endloop
  endfacet
  facet normal 0 0 1
    outer loop
      vertex 73.4157 4.98431 2.4
      vertex 72.85 4.75 2.4
      vertex 73.3202 4.90279 2.4
    endloop
  endfacet
  facet normal 0 0 1
    outer loop
      vertex 73.3202 4.90279 2.4
      vertex 72.85 4.75 2.4
      vertex 73.2132 4.83719 2.4
    endloop
  endfacet
  facet normal 0 0 1
    outer loop
      vertex 72.0616 33.7405 2.4
      vertex 73.65 33.896 2.4
      vertex 72.0761 33.7465 2.4
    endloop
  endfacet
  facet normal 0 0 1
    outer loop
      vertex 73.65 33.896 2.4
      vertex 72.0616 33.7405 2.4
      vertex 67.2 29.1 2.4
    endloop
  endfacet
  facet normal 0 0 1
    outer loop
      vertex 67.2 29.1 2.4
      vertex 72.0616 33.7405 2.4
      vertex 71.602 33.6302 2.4
    endloop
  endfacet
  facet normal 0 0 1
    outer loop
      vertex 67.2 29.1 2.4
      vertex 71.602 33.6302 2.4
      vertex 71.5868 33.6265 2.4
    endloop
  endfacet
  facet normal 0 0 1
    outer loop
      vertex 67.2 29.1 2.4
      vertex 71.5868 33.6265 2.4
      vertex 71.5711 33.6253 2.4
    endloop
  endfacet
  facet normal 0 0 1
    outer loop
      vertex 67.2 29.1 2.4
      vertex 71.5711 33.6253 2.4
      vertex 71.1 33.5882 2.4
    endloop
  endfacet
  facet normal 0 0 1
    outer loop
      vertex 67.2 30.7 2.4
      vertex 71.1 33.5882 2.4
      vertex 70.6289 33.6253 2.4
    endloop
  endfacet
  facet normal 0 0 1
    outer loop
      vertex 67.2 30.7 2.4
      vertex 70.6289 33.6253 2.4
      vertex 70.6132 33.6265 2.4
    endloop
  endfacet
  facet normal 0 0 1
    outer loop
      vertex 67.2 30.7 2.4
      vertex 70.6132 33.6265 2.4
      vertex 70.598 33.6302 2.4
    endloop
  endfacet
  facet normal 0 0 1
    outer loop
      vertex 67.2 30.7 2.4
      vertex 70.598 33.6302 2.4
      vertex 70.1384 33.7405 2.4
    endloop
  endfacet
  facet normal 0 0 1
    outer loop
      vertex 67.2 30.7 2.4
      vertex 70.1384 33.7405 2.4
      vertex 70.1239 33.7465 2.4
    endloop
  endfacet
  facet normal 0 0 1
    outer loop
      vertex 67.2 30.7 2.4
      vertex 70.1239 33.7465 2.4
      vertex 69.6873 33.9274 2.4
    endloop
  endfacet
  facet normal 0 0 1
    outer loop
      vertex 67.2 30.7 2.4
      vertex 69.6873 33.9274 2.4
      vertex 69.2843 34.1743 2.4
    endloop
  endfacet
  facet normal 0 0 1
    outer loop
      vertex 67.2 30.7 2.4
      vertex 69.2843 34.1743 2.4
      vertex 69.271 34.1825 2.4
    endloop
  endfacet
  facet normal 0 0 1
    outer loop
      vertex 67.2 30.7 2.4
      vertex 69.271 34.1825 2.4
      vertex 69.259 34.1927 2.4
    endloop
  endfacet
  facet normal 0 0 1
    outer loop
      vertex 67.2 30.7 2.4
      vertex 69.259 34.1927 2.4
      vertex 68.8997 34.4996 2.4
    endloop
  endfacet
  facet normal 0 0 1
    outer loop
      vertex 67.2 30.7 2.4
      vertex 68.8997 34.4996 2.4
      vertex 68.5927 34.859 2.4
    endloop
  endfacet
  facet normal 0 0 1
    outer loop
      vertex 67.2 30.7 2.4
      vertex 68.5927 34.859 2.4
      vertex 68.5825 34.871 2.4
    endloop
  endfacet
  facet normal 0 0 1
    outer loop
      vertex 67.2 30.7 2.4
      vertex 68.5825 34.871 2.4
      vertex 68.5743 34.8843 2.4
    endloop
  endfacet
  facet normal 0 0 1
    outer loop
      vertex 67.2 30.7 2.4
      vertex 68.5743 34.8843 2.4
      vertex 68.3274 35.2873 2.4
    endloop
  endfacet
  facet normal 0 0 1
    outer loop
      vertex 67.2 30.7 2.4
      vertex 68.3274 35.2873 2.4
      vertex 68.1465 35.7239 2.4
    endloop
  endfacet
  facet normal 0 0 1
    outer loop
      vertex 67.2 30.7 2.4
      vertex 68.1465 35.7239 2.4
      vertex 68.1405 35.7384 2.4
    endloop
  endfacet
  facet normal 0 0 1
    outer loop
      vertex 67.2 30.7 2.4
      vertex 68.1405 35.7384 2.4
      vertex 68.0302 36.198 2.4
    endloop
  endfacet
  facet normal 0 0 1
    outer loop
      vertex 67.2 30.7 2.4
      vertex 68.0302 36.198 2.4
      vertex 68.0266 36.2132 2.4
    endloop
  endfacet
  facet normal 0 0 1
    outer loop
      vertex 67.2 30.7 2.4
      vertex 68.0253 36.2289 2.4
      vertex 67.9882 36.7 2.4
    endloop
  endfacet
  facet normal 0 0 1
    outer loop
      vertex 67.2 30.7 2.4
      vertex 68.0266 36.2132 2.4
      vertex 68.0253 36.2289 2.4
    endloop
  endfacet
  facet normal 0 0 1
    outer loop
      vertex 71.1 33.5882 2.4
      vertex 67.2 30.7 2.4
      vertex 67.2 29.1 2.4
    endloop
  endfacet
  facet normal 0 0 1
    outer loop
      vertex 73.2132 4.83719 2.4
      vertex 72.85 4.75 2.4
      vertex 73.0972 4.78915 2.4
    endloop
  endfacet
  facet normal 0 0 1
    outer loop
      vertex 73.0972 4.78915 2.4
      vertex 72.85 4.75 2.4
      vertex 72.9751 4.75985 2.4
    endloop
  endfacet
  facet normal 0 0 1
    outer loop
      vertex 72.85 4.75 2.4
      vertex 67.2 6.3 2.4
      vertex 67.2 4.75 2.4
    endloop
  endfacet
  facet normal 0 0 1
    outer loop
      vertex 10.7535 66.6239 2.4
      vertex 30.5 69.1 2.4
      vertex 10.7595 66.6384 2.4
    endloop
  endfacet
  facet normal 0 0 1
    outer loop
      vertex 27.2 30.7 2.4
      vertex 10.8747 8.27114 2.4
      vertex 10.9118 7.8 2.4
    endloop
  endfacet
  facet normal 0 0 1
    outer loop
      vertex 10.5726 66.1873 2.4
      vertex 30.5 69.1 2.4
      vertex 10.7535 66.6239 2.4
    endloop
  endfacet
  facet normal 0 0 1
    outer loop
      vertex 27.2 30.7 2.4
      vertex 10.8735 8.28679 2.4
      vertex 10.8747 8.27114 2.4
    endloop
  endfacet
  facet normal 0 0 1
    outer loop
      vertex 10.3257 65.7843 2.4
      vertex 30.5 69.1 2.4
      vertex 10.5726 66.1873 2.4
    endloop
  endfacet
  facet normal 0 0 1
    outer loop
      vertex 27.2 30.7 2.4
      vertex 10.8698 8.30204 2.4
      vertex 10.8735 8.28679 2.4
    endloop
  endfacet
  facet normal 0 0 1
    outer loop
      vertex 10.3175 65.771 2.4
      vertex 30.5 69.1 2.4
      vertex 10.3257 65.7843 2.4
    endloop
  endfacet
  facet normal 0 0 1
    outer loop
      vertex 27.2 30.7 2.4
      vertex 10.7595 8.76159 2.4
      vertex 10.8698 8.30204 2.4
    endloop
  endfacet
  facet normal 0 0 1
    outer loop
      vertex 30.5 69.1 2.4
      vertex 10.3175 65.771 2.4
      vertex 30.5 44.3 2.4
    endloop
  endfacet
  facet normal 0 0 1
    outer loop
      vertex 27.2 30.7 2.4
      vertex 10.7535 8.77608 2.4
      vertex 10.7595 8.76159 2.4
    endloop
  endfacet
  facet normal -0 0 1
    outer loop
      vertex 10.3073 65.759 2.4
      vertex 30.5 44.3 2.4
      vertex 10.3175 65.771 2.4
    endloop
  endfacet
  facet normal 0 0 1
    outer loop
      vertex 27.2 30.7 2.4
      vertex 10.5726 9.21271 2.4
      vertex 10.7535 8.77608 2.4
    endloop
  endfacet
  facet normal -0 0 1
    outer loop
      vertex 10.0003 65.3997 2.4
      vertex 30.5 44.3 2.4
      vertex 10.3073 65.759 2.4
    endloop
  endfacet
  facet normal 0 0 1
    outer loop
      vertex 27.2 30.7 2.4
      vertex 10.3257 9.61567 2.4
      vertex 10.5726 9.21271 2.4
    endloop
  endfacet
  facet normal -0 0 1
    outer loop
      vertex 9.64098 65.0927 2.4
      vertex 30.5 44.3 2.4
      vertex 10.0003 65.3997 2.4
    endloop
  endfacet
  facet normal 0 0 1
    outer loop
      vertex 27.2 30.7 2.4
      vertex 10.3175 9.62905 2.4
      vertex 10.3257 9.61567 2.4
    endloop
  endfacet
  facet normal -0 0 1
    outer loop
      vertex 9.62905 65.0825 2.4
      vertex 30.5 44.3 2.4
      vertex 9.64098 65.0927 2.4
    endloop
  endfacet
  facet normal 0 0 1
    outer loop
      vertex 27.2 30.7 2.4
      vertex 10.3073 9.64098 2.4
      vertex 10.3175 9.62905 2.4
    endloop
  endfacet
  facet normal -0 0 1
    outer loop
      vertex 9.61567 65.0743 2.4
      vertex 30.5 44.3 2.4
      vertex 9.62905 65.0825 2.4
    endloop
  endfacet
  facet normal 0 0 1
    outer loop
      vertex 27.2 30.7 2.4
      vertex 10.0003 10.0003 2.4
      vertex 10.3073 9.64098 2.4
    endloop
  endfacet
  facet normal -0 0 1
    outer loop
      vertex 9.21271 64.8274 2.4
      vertex 30.5 44.3 2.4
      vertex 9.61567 65.0743 2.4
    endloop
  endfacet
  facet normal 0 0 1
    outer loop
      vertex 27.2 30.7 2.4
      vertex 9.64098 10.3073 2.4
      vertex 10.0003 10.0003 2.4
    endloop
  endfacet
  facet normal -0 0 1
    outer loop
      vertex 8.77608 64.6465 2.4
      vertex 30.5 44.3 2.4
      vertex 9.21271 64.8274 2.4
    endloop
  endfacet
  facet normal 0 0 1
    outer loop
      vertex 27.2 30.7 2.4
      vertex 9.62905 10.3175 2.4
      vertex 9.64098 10.3073 2.4
    endloop
  endfacet
  facet normal -0 0 1
    outer loop
      vertex 8.76159 64.6405 2.4
      vertex 30.5 44.3 2.4
      vertex 8.77608 64.6465 2.4
    endloop
  endfacet
  facet normal 0 0 1
    outer loop
      vertex 27.2 30.7 2.4
      vertex 9.61567 10.3257 2.4
      vertex 9.62905 10.3175 2.4
    endloop
  endfacet
  facet normal -0 0 1
    outer loop
      vertex 8.30204 64.5302 2.4
      vertex 30.5 44.3 2.4
      vertex 8.76159 64.6405 2.4
    endloop
  endfacet
  facet normal 0 0 1
    outer loop
      vertex 27.2 30.7 2.4
      vertex 9.21271 10.5726 2.4
      vertex 9.61567 10.3257 2.4
    endloop
  endfacet
  facet normal -0 0 1
    outer loop
      vertex 8.28679 64.5266 2.4
      vertex 30.5 44.3 2.4
      vertex 8.30204 64.5302 2.4
    endloop
  endfacet
  facet normal 0 0 1
    outer loop
      vertex 27.2 30.7 2.4
      vertex 8.77608 10.7535 2.4
      vertex 9.21271 10.5726 2.4
    endloop
  endfacet
  facet normal -0 0 1
    outer loop
      vertex 8.27114 64.5253 2.4
      vertex 30.5 44.3 2.4
      vertex 8.28679 64.5266 2.4
    endloop
  endfacet
  facet normal 0 0 1
    outer loop
      vertex 27.2 30.7 2.4
      vertex 8.76159 10.7595 2.4
      vertex 8.77608 10.7535 2.4
    endloop
  endfacet
  facet normal -0 0 1
    outer loop
      vertex 7.8 64.4882 2.4
      vertex 30.5 44.3 2.4
      vertex 8.27114 64.5253 2.4
    endloop
  endfacet
  facet normal 0 0 1
    outer loop
      vertex 27.2 30.7 2.4
      vertex 8.30204 10.8698 2.4
      vertex 8.76159 10.7595 2.4
    endloop
  endfacet
  facet normal 0 0 1
    outer loop
      vertex 30.5 44.3 2.4
      vertex 7.8 64.4882 2.4
      vertex 30.5 42.7 2.4
    endloop
  endfacet
  facet normal 0 0 1
    outer loop
      vertex 27.2 30.7 2.4
      vertex 8.28679 10.8735 2.4
      vertex 8.30204 10.8698 2.4
    endloop
  endfacet
  facet normal 0 0 1
    outer loop
      vertex 30.5 42.7 2.4
      vertex 7.8 64.4882 2.4
      vertex 27.2 30.7 2.4
    endloop
  endfacet
  facet normal 0 0 1
    outer loop
      vertex 27.2 30.7 2.4
      vertex 8.27114 10.8747 2.4
      vertex 8.28679 10.8735 2.4
    endloop
  endfacet
  facet normal 0 0 1
    outer loop
      vertex 7.32886 64.5253 2.4
      vertex 27.2 30.7 2.4
      vertex 7.8 64.4882 2.4
    endloop
  endfacet
  facet normal 0 0 1
    outer loop
      vertex 27.2 30.7 2.4
      vertex 7.8 10.9118 2.4
      vertex 8.27114 10.8747 2.4
    endloop
  endfacet
  facet normal 0 0 1
    outer loop
      vertex 7.31321 64.5266 2.4
      vertex 27.2 30.7 2.4
      vertex 7.32886 64.5253 2.4
    endloop
  endfacet
  facet normal 0 0 1
    outer loop
      vertex 27.2 30.7 2.4
      vertex 7.32886 10.8747 2.4
      vertex 7.8 10.9118 2.4
    endloop
  endfacet
  facet normal 0 0 1
    outer loop
      vertex 7.29796 64.5302 2.4
      vertex 27.2 30.7 2.4
      vertex 7.31321 64.5266 2.4
    endloop
  endfacet
  facet normal 0 0 1
    outer loop
      vertex 27.2 30.7 2.4
      vertex 7.31321 10.8735 2.4
      vertex 7.32886 10.8747 2.4
    endloop
  endfacet
  facet normal 0 0 1
    outer loop
      vertex 7.29796 10.8698 2.4
      vertex 27.2 30.7 2.4
      vertex 7.29796 64.5302 2.4
    endloop
  endfacet
  facet normal 0 0 1
    outer loop
      vertex 27.2 30.7 2.4
      vertex 7.29796 10.8698 2.4
      vertex 7.31321 10.8735 2.4
    endloop
  endfacet
  facet normal 0 0 1
    outer loop
      vertex 6.83841 64.6405 2.4
      vertex 7.29796 10.8698 2.4
      vertex 7.29796 64.5302 2.4
    endloop
  endfacet
  facet normal 0 0 1
    outer loop
      vertex 6.83841 64.6405 2.4
      vertex 6.83841 10.7595 2.4
      vertex 7.29796 10.8698 2.4
    endloop
  endfacet
  facet normal 0 0 1
    outer loop
      vertex 4.75 65.338 2.4
      vertex 6.83841 64.6405 2.4
      vertex 6.82392 64.6465 2.4
    endloop
  endfacet
  facet normal 0 0 1
    outer loop
      vertex 6.83841 64.6405 2.4
      vertex 4.75 65.338 2.4
      vertex 6.83841 10.7595 2.4
    endloop
  endfacet
  facet normal 0 0 1
    outer loop
      vertex 4.75 65.338 2.4
      vertex 6.82392 64.6465 2.4
      vertex 6.38729 64.8274 2.4
    endloop
  endfacet
  facet normal 0 0 1
    outer loop
      vertex 4.75 10.062 2.4
      vertex 6.83841 10.7595 2.4
      vertex 4.75 65.338 2.4
    endloop
  endfacet
  facet normal 0 0 1
    outer loop
      vertex 4.75 65.338 2.4
      vertex 6.38729 64.8274 2.4
      vertex 5.98433 65.0743 2.4
    endloop
  endfacet
  facet normal 0 0 1
    outer loop
      vertex 6.83841 10.7595 2.4
      vertex 4.75 10.062 2.4
      vertex 6.82392 10.7535 2.4
    endloop
  endfacet
  facet normal 0 0 1
    outer loop
      vertex 4.75 65.338 2.4
      vertex 5.98433 65.0743 2.4
      vertex 5.97095 65.0825 2.4
    endloop
  endfacet
  facet normal 0 0 1
    outer loop
      vertex 6.82392 10.7535 2.4
      vertex 4.75 10.062 2.4
      vertex 6.38729 10.5726 2.4
    endloop
  endfacet
  facet normal 0 0 1
    outer loop
      vertex 4.75 65.338 2.4
      vertex 5.97095 65.0825 2.4
      vertex 5.95902 65.0927 2.4
    endloop
  endfacet
  facet normal 0 0 1
    outer loop
      vertex 6.38729 10.5726 2.4
      vertex 4.75 10.062 2.4
      vertex 5.98433 10.3257 2.4
    endloop
  endfacet
  facet normal -0 0 1
    outer loop
      vertex 4.75 65.338 2.4
      vertex 5.95902 65.0927 2.4
      vertex 5.59965 65.3997 2.4
    endloop
  endfacet
  facet normal 0 0 1
    outer loop
      vertex 5.98433 10.3257 2.4
      vertex 4.75 10.062 2.4
      vertex 5.97095 10.3175 2.4
    endloop
  endfacet
  facet normal 0 0 1
    outer loop
      vertex 4.75 65.338 2.4
      vertex 5.59965 65.3997 2.4
      vertex 5.29272 65.759 2.4
    endloop
  endfacet
  facet normal 0 0 1
    outer loop
      vertex 5.97095 10.3175 2.4
      vertex 4.75 10.062 2.4
      vertex 5.95902 10.3073 2.4
    endloop
  endfacet
  facet normal 0 0 1
    outer loop
      vertex 4.75 65.338 2.4
      vertex 5.29272 65.759 2.4
      vertex 5.28253 65.771 2.4
    endloop
  endfacet
  facet normal 0 0 1
    outer loop
      vertex 5.95902 10.3073 2.4
      vertex 4.75 10.062 2.4
      vertex 5.59965 10.0003 2.4
    endloop
  endfacet
  facet normal 0 0 1
    outer loop
      vertex 4.72573 65.3664 2.4
      vertex 5.28253 65.771 2.4
      vertex 5.27433 65.7843 2.4
    endloop
  endfacet
  facet normal 0 0 1
    outer loop
      vertex 5.59965 10.0003 2.4
      vertex 4.75 10.062 2.4
      vertex 5.29272 9.64098 2.4
    endloop
  endfacet
  facet normal -0 0 1
    outer loop
      vertex 4.41418 65.8748 2.4
      vertex 5.27433 65.7843 2.4
      vertex 5.0274 66.1873 2.4
    endloop
  endfacet
  facet normal 0 0 1
    outer loop
      vertex 5.29272 9.64098 2.4
      vertex 4.75 10.062 2.4
      vertex 5.28253 9.62905 2.4
    endloop
  endfacet
  facet normal 0 0 1
    outer loop
      vertex 4.41418 65.8748 2.4
      vertex 5.0274 66.1873 2.4
      vertex 4.84654 66.6239 2.4
    endloop
  endfacet
  facet normal -0 0 1
    outer loop
      vertex 4.72573 10.0336 2.4
      vertex 5.28253 9.62905 2.4
      vertex 4.75 10.062 2.4
    endloop
  endfacet
  facet normal 0 0 1
    outer loop
      vertex 4.18598 66.4257 2.4
      vertex 4.84654 66.6239 2.4
      vertex 4.84054 66.6384 2.4
    endloop
  endfacet
  facet normal 0 0 1
    outer loop
      vertex 5.28253 9.62905 2.4
      vertex 4.72573 10.0336 2.4
      vertex 5.27433 9.61567 2.4
    endloop
  endfacet
  facet normal 0 0 1
    outer loop
      vertex 4.41418 9.52516 2.4
      vertex 5.27433 9.61567 2.4
      vertex 4.72573 10.0336 2.4
    endloop
  endfacet
  facet normal 0 0 1
    outer loop
      vertex 4.18598 66.4257 2.4
      vertex 4.84054 66.6384 2.4
      vertex 4.73021 67.098 2.4
    endloop
  endfacet
  facet normal 0 0 1
    outer loop
      vertex 4.04678 67.0055 2.4
      vertex 4.73021 67.098 2.4
      vertex 4.72655 67.1132 2.4
    endloop
  endfacet
  facet normal 0 0 1
    outer loop
      vertex 5.28253 65.771 2.4
      vertex 4.72573 65.3664 2.4
      vertex 4.75 65.338 2.4
    endloop
  endfacet
  facet normal 0 0 1
    outer loop
      vertex 4.04678 67.0055 2.4
      vertex 4.72655 67.1132 2.4
      vertex 4.72532 67.1289 2.4
    endloop
  endfacet
  facet normal -0 0 1
    outer loop
      vertex 4 67.6 2.4
      vertex 4.72532 67.1289 2.4
      vertex 4.68824 67.6 2.4
    endloop
  endfacet
  facet normal 0 0 1
    outer loop
      vertex 4.72655 68.0868 2.4
      vertex 4.04678 68.1945 2.4
      vertex 4.72532 68.0711 2.4
    endloop
  endfacet
  facet normal 0 0 1
    outer loop
      vertex 5.27433 65.7843 2.4
      vertex 4.41418 65.8748 2.4
      vertex 4.72573 65.3664 2.4
    endloop
  endfacet
  facet normal 0 0 1
    outer loop
      vertex 4 67.6 2.4
      vertex 4.72532 68.0711 2.4
      vertex 4.04678 68.1945 2.4
    endloop
  endfacet
  facet normal 0 0 1
    outer loop
      vertex 4.84654 66.6239 2.4
      vertex 4.18598 66.4257 2.4
      vertex 4.41418 65.8748 2.4
    endloop
  endfacet
  facet normal 0 0 1
    outer loop
      vertex 4.72532 68.0711 2.4
      vertex 4 67.6 2.4
      vertex 4.68824 67.6 2.4
    endloop
  endfacet
  facet normal 0 0 1
    outer loop
      vertex 4.73021 67.098 2.4
      vertex 4.04678 67.0055 2.4
      vertex 4.18598 66.4257 2.4
    endloop
  endfacet
  facet normal 0 0 1
    outer loop
      vertex 4.72532 67.1289 2.4
      vertex 4 67.6 2.4
      vertex 4.04678 67.0055 2.4
    endloop
  endfacet
  facet normal 0 0 1
    outer loop
      vertex 10.8735 68.0868 2.4
      vertex 30.5 69.1 2.4
      vertex 30.5 70.65 2.4
    endloop
  endfacet
  facet normal 0 0 1
    outer loop
      vertex 10.8747 67.1289 2.4
      vertex 30.5 69.1 2.4
      vertex 10.9118 67.6 2.4
    endloop
  endfacet
  facet normal 0 0 1
    outer loop
      vertex 10.8735 67.1132 2.4
      vertex 30.5 69.1 2.4
      vertex 10.8747 67.1289 2.4
    endloop
  endfacet
  facet normal 0 0 1
    outer loop
      vertex 10.9118 7.8 2.4
      vertex 27.2 29.1 2.4
      vertex 27.2 30.7 2.4
    endloop
  endfacet
  facet normal 0 0 1
    outer loop
      vertex 27.2 29.1 2.4
      vertex 10.9118 7.8 2.4
      vertex 27.2 6.3 2.4
    endloop
  endfacet
  facet normal 0 0 1
    outer loop
      vertex 10.7595 66.6384 2.4
      vertex 30.5 69.1 2.4
      vertex 10.8698 67.098 2.4
    endloop
  endfacet
  facet normal 0 0 1
    outer loop
      vertex 10.8698 67.098 2.4
      vertex 30.5 69.1 2.4
      vertex 10.8735 67.1132 2.4
    endloop
  endfacet
  facet normal 0 0 1
    outer loop
      vertex 30.5 69.1 2.4
      vertex 10.8747 68.0711 2.4
      vertex 10.9118 67.6 2.4
    endloop
  endfacet
  facet normal 0 0 1
    outer loop
      vertex 30.5 69.1 2.4
      vertex 10.8735 68.0868 2.4
      vertex 10.8747 68.0711 2.4
    endloop
  endfacet
  facet normal 0 0 1
    outer loop
      vertex 30.5 70.65 2.4
      vertex 10.8698 68.102 2.4
      vertex 10.8735 68.0868 2.4
    endloop
  endfacet
  facet normal 0 0 1
    outer loop
      vertex 30.5 70.65 2.4
      vertex 10.7595 68.5616 2.4
      vertex 10.8698 68.102 2.4
    endloop
  endfacet
  facet normal 0 0 1
    outer loop
      vertex 30.5 70.65 2.4
      vertex 10.7535 68.5761 2.4
      vertex 10.7595 68.5616 2.4
    endloop
  endfacet
  facet normal 0 0 1
    outer loop
      vertex 30.5 70.65 2.4
      vertex 10.5726 69.0127 2.4
      vertex 10.7535 68.5761 2.4
    endloop
  endfacet
  facet normal -0 0 1
    outer loop
      vertex 10.062 70.65 2.4
      vertex 10.5726 69.0127 2.4
      vertex 30.5 70.65 2.4
    endloop
  endfacet
  facet normal 0 0 1
    outer loop
      vertex 10.5726 69.0127 2.4
      vertex 10.062 70.65 2.4
      vertex 10.3257 69.4157 2.4
    endloop
  endfacet
  facet normal 0 0 1
    outer loop
      vertex 10.3257 69.4157 2.4
      vertex 10.062 70.65 2.4
      vertex 10.3175 69.429 2.4
    endloop
  endfacet
  facet normal 0 0 1
    outer loop
      vertex 10.3175 69.429 2.4
      vertex 10.062 70.65 2.4
      vertex 10.3073 69.441 2.4
    endloop
  endfacet
  facet normal 0 0 1
    outer loop
      vertex 9.62905 70.1175 2.4
      vertex 10.062 70.65 2.4
      vertex 10.0336 70.6743 2.4
    endloop
  endfacet
  facet normal 0 0 1
    outer loop
      vertex 10.062 70.65 2.4
      vertex 10.0003 69.8003 2.4
      vertex 10.3073 69.441 2.4
    endloop
  endfacet
  facet normal 0 0 1
    outer loop
      vertex 10.062 70.65 2.4
      vertex 9.64098 70.1073 2.4
      vertex 10.0003 69.8003 2.4
    endloop
  endfacet
  facet normal 0 0 1
    outer loop
      vertex 10.062 70.65 2.4
      vertex 9.62905 70.1175 2.4
      vertex 9.64098 70.1073 2.4
    endloop
  endfacet
  facet normal 0 0 1
    outer loop
      vertex 10.0336 70.6743 2.4
      vertex 9.61567 70.1257 2.4
      vertex 9.62905 70.1175 2.4
    endloop
  endfacet
  facet normal 0 0 1
    outer loop
      vertex 9.52516 70.9858 2.4
      vertex 9.61567 70.1257 2.4
      vertex 10.0336 70.6743 2.4
    endloop
  endfacet
  facet normal 0 0 1
    outer loop
      vertex 9.52516 70.9858 2.4
      vertex 9.21271 70.3726 2.4
      vertex 9.61567 70.1257 2.4
    endloop
  endfacet
  facet normal 0 0 1
    outer loop
      vertex 8.77608 70.5535 2.4
      vertex 9.52516 70.9858 2.4
      vertex 8.97426 71.214 2.4
    endloop
  endfacet
  facet normal 0 0 1
    outer loop
      vertex 9.52516 70.9858 2.4
      vertex 8.77608 70.5535 2.4
      vertex 9.21271 70.3726 2.4
    endloop
  endfacet
  facet normal 0 0 1
    outer loop
      vertex 8.97426 71.214 2.4
      vertex 8.76159 70.5595 2.4
      vertex 8.77608 70.5535 2.4
    endloop
  endfacet
  facet normal 0 0 1
    outer loop
      vertex 8.30204 70.6698 2.4
      vertex 8.97426 71.214 2.4
      vertex 8.39445 71.3532 2.4
    endloop
  endfacet
  facet normal 0 0 1
    outer loop
      vertex 8.97426 71.214 2.4
      vertex 8.30204 70.6698 2.4
      vertex 8.76159 70.5595 2.4
    endloop
  endfacet
  facet normal 0 0 1
    outer loop
      vertex 8.39445 71.3532 2.4
      vertex 8.28679 70.6735 2.4
      vertex 8.30204 70.6698 2.4
    endloop
  endfacet
  facet normal 0 0 1
    outer loop
      vertex 8.39445 71.3532 2.4
      vertex 8.27114 70.6747 2.4
      vertex 8.28679 70.6735 2.4
    endloop
  endfacet
  facet normal 0 0 1
    outer loop
      vertex 7.8 71.4 2.4
      vertex 8.27114 70.6747 2.4
      vertex 8.39445 71.3532 2.4
    endloop
  endfacet
  facet normal 0 0 1
    outer loop
      vertex 8.27114 70.6747 2.4
      vertex 7.8 71.4 2.4
      vertex 7.8 70.7118 2.4
    endloop
  endfacet
  facet normal 0 0 1
    outer loop
      vertex 7.8 71.4 2.4
      vertex 7.32886 70.6747 2.4
      vertex 7.8 70.7118 2.4
    endloop
  endfacet
  facet normal -0 0 1
    outer loop
      vertex 7.20555 71.3532 2.4
      vertex 7.32886 70.6747 2.4
      vertex 7.8 71.4 2.4
    endloop
  endfacet
  facet normal 0 0 1
    outer loop
      vertex 7.32886 70.6747 2.4
      vertex 7.20555 71.3532 2.4
      vertex 7.31321 70.6735 2.4
    endloop
  endfacet
  facet normal 0 0 1
    outer loop
      vertex 7.31321 70.6735 2.4
      vertex 7.20555 71.3532 2.4
      vertex 7.29796 70.6698 2.4
    endloop
  endfacet
  facet normal -0 0 1
    outer loop
      vertex 6.62574 71.214 2.4
      vertex 7.29796 70.6698 2.4
      vertex 7.20555 71.3532 2.4
    endloop
  endfacet
  facet normal 0 0 1
    outer loop
      vertex 7.29796 70.6698 2.4
      vertex 6.62574 71.214 2.4
      vertex 6.83841 70.5595 2.4
    endloop
  endfacet
  facet normal 0 0 1
    outer loop
      vertex 6.83841 70.5595 2.4
      vertex 6.62574 71.214 2.4
      vertex 6.82392 70.5535 2.4
    endloop
  endfacet
  facet normal -0 0 1
    outer loop
      vertex 6.07484 70.9858 2.4
      vertex 6.82392 70.5535 2.4
      vertex 6.62574 71.214 2.4
    endloop
  endfacet
  facet normal 0 0 1
    outer loop
      vertex 6.82392 70.5535 2.4
      vertex 6.07484 70.9858 2.4
      vertex 6.38729 70.3726 2.4
    endloop
  endfacet
  facet normal 0 0 1
    outer loop
      vertex 6.07484 70.9858 2.4
      vertex 5.98433 70.1257 2.4
      vertex 6.38729 70.3726 2.4
    endloop
  endfacet
  facet normal -0 0 1
    outer loop
      vertex 5.56642 70.6743 2.4
      vertex 5.98433 70.1257 2.4
      vertex 6.07484 70.9858 2.4
    endloop
  endfacet
  facet normal 0 0 1
    outer loop
      vertex 5.98433 70.1257 2.4
      vertex 5.56642 70.6743 2.4
      vertex 5.97095 70.1175 2.4
    endloop
  endfacet
  facet normal -0 0 1
    outer loop
      vertex 5.53679 70.649 2.4
      vertex 5.97095 70.1175 2.4
      vertex 5.56642 70.6743 2.4
    endloop
  endfacet
  facet normal 0 0 1
    outer loop
      vertex 5.97095 70.1175 2.4
      vertex 5.53679 70.649 2.4
      vertex 5.95902 70.1073 2.4
    endloop
  endfacet
  facet normal 0 0 1
    outer loop
      vertex 5.95902 70.1073 2.4
      vertex 5.53679 70.649 2.4
      vertex 5.59965 69.8003 2.4
    endloop
  endfacet
  facet normal -0 0 1
    outer loop
      vertex 5.42485 70.6402 2.4
      vertex 5.59965 69.8003 2.4
      vertex 5.53679 70.649 2.4
    endloop
  endfacet
  facet normal -0 0 1
    outer loop
      vertex 5.30279 70.6108 2.4
      vertex 5.59965 69.8003 2.4
      vertex 5.42485 70.6402 2.4
    endloop
  endfacet
  facet normal -0 0 1
    outer loop
      vertex 5.18681 70.5628 2.4
      vertex 5.59965 69.8003 2.4
      vertex 5.30279 70.6108 2.4
    endloop
  endfacet
  facet normal -0 0 1
    outer loop
      vertex 5.07977 70.4972 2.4
      vertex 5.59965 69.8003 2.4
      vertex 5.18681 70.5628 2.4
    endloop
  endfacet
  facet normal -0 0 1
    outer loop
      vertex 4.98431 70.4157 2.4
      vertex 5.59965 69.8003 2.4
      vertex 5.07977 70.4972 2.4
    endloop
  endfacet
  facet normal -0 0 1
    outer loop
      vertex 4.90279 70.3202 2.4
      vertex 5.59965 69.8003 2.4
      vertex 4.98431 70.4157 2.4
    endloop
  endfacet
  facet normal -0 0 1
    outer loop
      vertex 4.83719 70.2132 2.4
      vertex 5.59965 69.8003 2.4
      vertex 4.90279 70.3202 2.4
    endloop
  endfacet
  facet normal -0 0 1
    outer loop
      vertex 4.78915 70.0972 2.4
      vertex 5.59965 69.8003 2.4
      vertex 4.83719 70.2132 2.4
    endloop
  endfacet
  facet normal -0 0 1
    outer loop
      vertex 4.75985 69.9751 2.4
      vertex 5.59965 69.8003 2.4
      vertex 4.78915 70.0972 2.4
    endloop
  endfacet
  facet normal -0 0 1
    outer loop
      vertex 4.75104 69.8632 2.4
      vertex 5.59965 69.8003 2.4
      vertex 4.75985 69.9751 2.4
    endloop
  endfacet
  facet normal 0 0 1
    outer loop
      vertex 5.28253 69.429 2.4
      vertex 4.72573 69.8336 2.4
      vertex 5.27433 69.4157 2.4
    endloop
  endfacet
  facet normal 0 0 1
    outer loop
      vertex 4.41418 69.3252 2.4
      vertex 5.27433 69.4157 2.4
      vertex 4.72573 69.8336 2.4
    endloop
  endfacet
  facet normal 0 0 1
    outer loop
      vertex 5.59965 69.8003 2.4
      vertex 4.75104 69.8632 2.4
      vertex 5.29272 69.441 2.4
    endloop
  endfacet
  facet normal 0 0 1
    outer loop
      vertex 5.29272 69.441 2.4
      vertex 4.75104 69.8632 2.4
      vertex 5.28253 69.429 2.4
    endloop
  endfacet
  facet normal -0 0 1
    outer loop
      vertex 4.72573 69.8336 2.4
      vertex 5.28253 69.429 2.4
      vertex 4.75104 69.8632 2.4
    endloop
  endfacet
  facet normal 0 0 1
    outer loop
      vertex 5.27433 69.4157 2.4
      vertex 4.41418 69.3252 2.4
      vertex 5.0274 69.0127 2.4
    endloop
  endfacet
  facet normal 0 0 1
    outer loop
      vertex 5.0274 69.0127 2.4
      vertex 4.41418 69.3252 2.4
      vertex 4.84654 68.5761 2.4
    endloop
  endfacet
  facet normal -0 0 1
    outer loop
      vertex 4.18598 68.7743 2.4
      vertex 4.84654 68.5761 2.4
      vertex 4.41418 69.3252 2.4
    endloop
  endfacet
  facet normal 0 0 1
    outer loop
      vertex 4.84654 68.5761 2.4
      vertex 4.18598 68.7743 2.4
      vertex 4.84054 68.5616 2.4
    endloop
  endfacet
  facet normal 0 0 1
    outer loop
      vertex 4.84054 68.5616 2.4
      vertex 4.18598 68.7743 2.4
      vertex 4.73021 68.102 2.4
    endloop
  endfacet
  facet normal -0 0 1
    outer loop
      vertex 4.04678 68.1945 2.4
      vertex 4.73021 68.102 2.4
      vertex 4.18598 68.7743 2.4
    endloop
  endfacet
  facet normal 0 0 1
    outer loop
      vertex 4.73021 68.102 2.4
      vertex 4.04678 68.1945 2.4
      vertex 4.72655 68.0868 2.4
    endloop
  endfacet
  facet normal -0 0 1
    outer loop
      vertex 30.5 69.1 2.4
      vertex 66.5 44.3 2.4
      vertex 66.5 69.1 2.4
    endloop
  endfacet
  facet normal 0 0 1
    outer loop
      vertex 66.5 44.3 2.4
      vertex 30.5 69.1 2.4
      vertex 30.5 44.3 2.4
    endloop
  endfacet
  facet normal -0 0 1
    outer loop
      vertex 27.2 29.1 2.4
      vertex 67.2 6.3 2.4
      vertex 67.2 29.1 2.4
    endloop
  endfacet
  facet normal 0 0 1
    outer loop
      vertex 67.2 6.3 2.4
      vertex 27.2 29.1 2.4
      vertex 27.2 6.3 2.4
    endloop
  endfacet
  facet normal -0 0 1
    outer loop
      vertex 10.8747 7.32886 2.4
      vertex 27.2 6.3 2.4
      vertex 10.9118 7.8 2.4
    endloop
  endfacet
  facet normal -0 0 1
    outer loop
      vertex 10.8735 7.31321 2.4
      vertex 27.2 6.3 2.4
      vertex 10.8747 7.32886 2.4
    endloop
  endfacet
  facet normal 0 0 1
    outer loop
      vertex 27.2 6.3 2.4
      vertex 10.8735 7.31321 2.4
      vertex 27.2 4.75 2.4
    endloop
  endfacet
  facet normal -0 0 1
    outer loop
      vertex 10.8698 7.29796 2.4
      vertex 27.2 4.75 2.4
      vertex 10.8735 7.31321 2.4
    endloop
  endfacet
  facet normal -0 0 1
    outer loop
      vertex 10.7595 6.83841 2.4
      vertex 27.2 4.75 2.4
      vertex 10.8698 7.29796 2.4
    endloop
  endfacet
  facet normal -0 0 1
    outer loop
      vertex 10.7535 6.82392 2.4
      vertex 27.2 4.75 2.4
      vertex 10.7595 6.83841 2.4
    endloop
  endfacet
  facet normal -0 0 1
    outer loop
      vertex 10.5726 6.38729 2.4
      vertex 27.2 4.75 2.4
      vertex 10.7535 6.82392 2.4
    endloop
  endfacet
  facet normal 0 0 1
    outer loop
      vertex 10.062 4.75 2.4
      vertex 10.5726 6.38729 2.4
      vertex 10.3257 5.98433 2.4
    endloop
  endfacet
  facet normal 0 0 1
    outer loop
      vertex 10.062 4.75 2.4
      vertex 10.3257 5.98433 2.4
      vertex 10.3175 5.97095 2.4
    endloop
  endfacet
  facet normal 0 0 1
    outer loop
      vertex 10.062 4.75 2.4
      vertex 10.3175 5.97095 2.4
      vertex 10.3073 5.95902 2.4
    endloop
  endfacet
  facet normal 0 0 1
    outer loop
      vertex 10.5726 6.38729 2.4
      vertex 10.062 4.75 2.4
      vertex 27.2 4.75 2.4
    endloop
  endfacet
  facet normal -0 0 1
    outer loop
      vertex 10.0003 5.59965 2.4
      vertex 10.062 4.75 2.4
      vertex 10.3073 5.95902 2.4
    endloop
  endfacet
  facet normal -0 0 1
    outer loop
      vertex 9.64098 5.29272 2.4
      vertex 10.062 4.75 2.4
      vertex 10.0003 5.59965 2.4
    endloop
  endfacet
  facet normal -0 0 1
    outer loop
      vertex 9.62905 5.28253 2.4
      vertex 10.062 4.75 2.4
      vertex 9.64098 5.29272 2.4
    endloop
  endfacet
  facet normal 0 0 1
    outer loop
      vertex 10.062 4.75 2.4
      vertex 9.62905 5.28253 2.4
      vertex 10.0336 4.72573 2.4
    endloop
  endfacet
  facet normal -0 0 1
    outer loop
      vertex 9.61567 5.27433 2.4
      vertex 10.0336 4.72573 2.4
      vertex 9.62905 5.28253 2.4
    endloop
  endfacet
  facet normal 0 0 1
    outer loop
      vertex 9.61567 5.27433 2.4
      vertex 9.52516 4.41418 2.4
      vertex 10.0336 4.72573 2.4
    endloop
  endfacet
  facet normal -0 0 1
    outer loop
      vertex 9.21271 5.0274 2.4
      vertex 9.52516 4.41418 2.4
      vertex 9.61567 5.27433 2.4
    endloop
  endfacet
  facet normal -0 0 1
    outer loop
      vertex 8.77608 4.84654 2.4
      vertex 9.52516 4.41418 2.4
      vertex 9.21271 5.0274 2.4
    endloop
  endfacet
  facet normal 0 0 1
    outer loop
      vertex 9.52516 4.41418 2.4
      vertex 8.77608 4.84654 2.4
      vertex 8.97426 4.18598 2.4
    endloop
  endfacet
  facet normal -0 0 1
    outer loop
      vertex 8.76159 4.84054 2.4
      vertex 8.97426 4.18598 2.4
      vertex 8.77608 4.84654 2.4
    endloop
  endfacet
  facet normal -0 0 1
    outer loop
      vertex 8.30204 4.73021 2.4
      vertex 8.97426 4.18598 2.4
      vertex 8.76159 4.84054 2.4
    endloop
  endfacet
  facet normal 0 0 1
    outer loop
      vertex 8.97426 4.18598 2.4
      vertex 8.30204 4.73021 2.4
      vertex 8.39445 4.04678 2.4
    endloop
  endfacet
  facet normal -0 0 1
    outer loop
      vertex 8.28679 4.72655 2.4
      vertex 8.39445 4.04678 2.4
      vertex 8.30204 4.73021 2.4
    endloop
  endfacet
  facet normal -0 0 1
    outer loop
      vertex 8.27114 4.72532 2.4
      vertex 8.39445 4.04678 2.4
      vertex 8.28679 4.72655 2.4
    endloop
  endfacet
  facet normal 0 0 1
    outer loop
      vertex 7.8 4 2.4
      vertex 8.27114 4.72532 2.4
      vertex 7.8 4.68824 2.4
    endloop
  endfacet
  facet normal 0 0 1
    outer loop
      vertex 8.27114 4.72532 2.4
      vertex 7.8 4 2.4
      vertex 8.39445 4.04678 2.4
    endloop
  endfacet
  facet normal 0 0 1
    outer loop
      vertex 7.32886 4.72532 2.4
      vertex 7.8 4 2.4
      vertex 7.8 4.68824 2.4
    endloop
  endfacet
  facet normal 0 0 1
    outer loop
      vertex 7.20555 4.04678 2.4
      vertex 7.32886 4.72532 2.4
      vertex 7.31321 4.72655 2.4
    endloop
  endfacet
  facet normal 0 0 1
    outer loop
      vertex 7.20555 4.04678 2.4
      vertex 7.31321 4.72655 2.4
      vertex 7.29796 4.73021 2.4
    endloop
  endfacet
  facet normal 0 0 1
    outer loop
      vertex 7.32886 4.72532 2.4
      vertex 7.20555 4.04678 2.4
      vertex 7.8 4 2.4
    endloop
  endfacet
  facet normal 0 0 1
    outer loop
      vertex 6.62574 4.18598 2.4
      vertex 7.29796 4.73021 2.4
      vertex 6.83841 4.84054 2.4
    endloop
  endfacet
  facet normal 0 0 1
    outer loop
      vertex 6.62574 4.18598 2.4
      vertex 6.83841 4.84054 2.4
      vertex 6.82392 4.84654 2.4
    endloop
  endfacet
  facet normal 0 0 1
    outer loop
      vertex 7.29796 4.73021 2.4
      vertex 6.62574 4.18598 2.4
      vertex 7.20555 4.04678 2.4
    endloop
  endfacet
  facet normal 0 0 1
    outer loop
      vertex 6.07484 4.41418 2.4
      vertex 6.82392 4.84654 2.4
      vertex 6.38729 5.0274 2.4
    endloop
  endfacet
  facet normal 0 0 1
    outer loop
      vertex 6.82392 4.84654 2.4
      vertex 6.07484 4.41418 2.4
      vertex 6.62574 4.18598 2.4
    endloop
  endfacet
  facet normal 0 0 1
    outer loop
      vertex 5.98433 5.27433 2.4
      vertex 6.07484 4.41418 2.4
      vertex 6.38729 5.0274 2.4
    endloop
  endfacet
  facet normal 0 0 1
    outer loop
      vertex 5.56642 4.72573 2.4
      vertex 5.98433 5.27433 2.4
      vertex 5.97095 5.28253 2.4
    endloop
  endfacet
  facet normal 0 0 1
    outer loop
      vertex 5.53679 4.75104 2.4
      vertex 5.97095 5.28253 2.4
      vertex 5.95902 5.29272 2.4
    endloop
  endfacet
  facet normal 0 0 1
    outer loop
      vertex 5.53679 4.75104 2.4
      vertex 5.95902 5.29272 2.4
      vertex 5.59965 5.59965 2.4
    endloop
  endfacet
  facet normal 0 0 1
    outer loop
      vertex 5.98433 5.27433 2.4
      vertex 5.56642 4.72573 2.4
      vertex 6.07484 4.41418 2.4
    endloop
  endfacet
  facet normal 0 0 1
    outer loop
      vertex 5.97095 5.28253 2.4
      vertex 5.53679 4.75104 2.4
      vertex 5.56642 4.72573 2.4
    endloop
  endfacet
  facet normal 0 0 1
    outer loop
      vertex 5.59965 5.59965 2.4
      vertex 5.42485 4.75985 2.4
      vertex 5.53679 4.75104 2.4
    endloop
  endfacet
  facet normal 0 0 1
    outer loop
      vertex 5.59965 5.59965 2.4
      vertex 5.30279 4.78915 2.4
      vertex 5.42485 4.75985 2.4
    endloop
  endfacet
  facet normal 0 0 1
    outer loop
      vertex 4.75104 5.53679 2.4
      vertex 5.59965 5.59965 2.4
      vertex 5.29272 5.95902 2.4
    endloop
  endfacet
  facet normal 0 0 1
    outer loop
      vertex 4.75104 5.53679 2.4
      vertex 5.29272 5.95902 2.4
      vertex 5.28253 5.97095 2.4
    endloop
  endfacet
  facet normal 0 0 1
    outer loop
      vertex 4.72573 5.56642 2.4
      vertex 5.28253 5.97095 2.4
      vertex 5.27433 5.98433 2.4
    endloop
  endfacet
  facet normal 0 0 1
    outer loop
      vertex 5.59965 5.59965 2.4
      vertex 5.18681 4.83719 2.4
      vertex 5.30279 4.78915 2.4
    endloop
  endfacet
  facet normal 0 0 1
    outer loop
      vertex 5.59965 5.59965 2.4
      vertex 5.07977 4.90279 2.4
      vertex 5.18681 4.83719 2.4
    endloop
  endfacet
  facet normal -0 0 1
    outer loop
      vertex 4.41418 6.07484 2.4
      vertex 5.27433 5.98433 2.4
      vertex 5.0274 6.38729 2.4
    endloop
  endfacet
  facet normal 0 0 1
    outer loop
      vertex 5.59965 5.59965 2.4
      vertex 4.75104 5.53679 2.4
      vertex 4.75985 5.42485 2.4
    endloop
  endfacet
  facet normal 0 0 1
    outer loop
      vertex 5.59965 5.59965 2.4
      vertex 4.98431 4.98431 2.4
      vertex 5.07977 4.90279 2.4
    endloop
  endfacet
  facet normal 0 0 1
    outer loop
      vertex 4.41418 6.07484 2.4
      vertex 5.0274 6.38729 2.4
      vertex 4.84654 6.82392 2.4
    endloop
  endfacet
  facet normal 0 0 1
    outer loop
      vertex 4.18598 6.62574 2.4
      vertex 4.84654 6.82392 2.4
      vertex 4.84054 6.83841 2.4
    endloop
  endfacet
  facet normal 0 0 1
    outer loop
      vertex 5.59965 5.59965 2.4
      vertex 4.90279 5.07977 2.4
      vertex 4.98431 4.98431 2.4
    endloop
  endfacet
  facet normal 0 0 1
    outer loop
      vertex 5.59965 5.59965 2.4
      vertex 4.83719 5.18681 2.4
      vertex 4.90279 5.07977 2.4
    endloop
  endfacet
  facet normal 0 0 1
    outer loop
      vertex 5.59965 5.59965 2.4
      vertex 4.78915 5.30279 2.4
      vertex 4.83719 5.18681 2.4
    endloop
  endfacet
  facet normal 0 0 1
    outer loop
      vertex 5.59965 5.59965 2.4
      vertex 4.75985 5.42485 2.4
      vertex 4.78915 5.30279 2.4
    endloop
  endfacet
  facet normal 0 0 1
    outer loop
      vertex 4.18598 6.62574 2.4
      vertex 4.84054 6.83841 2.4
      vertex 4.73021 7.29796 2.4
    endloop
  endfacet
  facet normal 0 0 1
    outer loop
      vertex 4.04678 7.20555 2.4
      vertex 4.73021 7.29796 2.4
      vertex 4.72655 7.31321 2.4
    endloop
  endfacet
  facet normal 0 0 1
    outer loop
      vertex 5.28253 5.97095 2.4
      vertex 4.72573 5.56642 2.4
      vertex 4.75104 5.53679 2.4
    endloop
  endfacet
  facet normal 0 0 1
    outer loop
      vertex 4.04678 7.20555 2.4
      vertex 4.72655 7.31321 2.4
      vertex 4.72532 7.32886 2.4
    endloop
  endfacet
  facet normal -0 0 1
    outer loop
      vertex 4 7.8 2.4
      vertex 4.72532 7.32886 2.4
      vertex 4.68824 7.8 2.4
    endloop
  endfacet
  facet normal 0 0 1
    outer loop
      vertex 4.72655 8.28679 2.4
      vertex 4.04678 8.39445 2.4
      vertex 4.72532 8.27114 2.4
    endloop
  endfacet
  facet normal 0 0 1
    outer loop
      vertex 5.27433 5.98433 2.4
      vertex 4.41418 6.07484 2.4
      vertex 4.72573 5.56642 2.4
    endloop
  endfacet
  facet normal 0 0 1
    outer loop
      vertex 4 7.8 2.4
      vertex 4.72532 8.27114 2.4
      vertex 4.04678 8.39445 2.4
    endloop
  endfacet
  facet normal 0 0 1
    outer loop
      vertex 4.84654 6.82392 2.4
      vertex 4.18598 6.62574 2.4
      vertex 4.41418 6.07484 2.4
    endloop
  endfacet
  facet normal 0 0 1
    outer loop
      vertex 4.72532 8.27114 2.4
      vertex 4 7.8 2.4
      vertex 4.68824 7.8 2.4
    endloop
  endfacet
  facet normal 0 0 1
    outer loop
      vertex 4.73021 7.29796 2.4
      vertex 4.04678 7.20555 2.4
      vertex 4.18598 6.62574 2.4
    endloop
  endfacet
  facet normal 0 0 1
    outer loop
      vertex 4.72532 7.32886 2.4
      vertex 4 7.8 2.4
      vertex 4.04678 7.20555 2.4
    endloop
  endfacet
  facet normal 0 0 1
    outer loop
      vertex 5.27433 9.61567 2.4
      vertex 4.41418 9.52516 2.4
      vertex 5.0274 9.21271 2.4
    endloop
  endfacet
  facet normal 0 0 1
    outer loop
      vertex 5.0274 9.21271 2.4
      vertex 4.41418 9.52516 2.4
      vertex 4.84654 8.77608 2.4
    endloop
  endfacet
  facet normal -0 0 1
    outer loop
      vertex 4.18598 8.97426 2.4
      vertex 4.84654 8.77608 2.4
      vertex 4.41418 9.52516 2.4
    endloop
  endfacet
  facet normal 0 0 1
    outer loop
      vertex 4.84654 8.77608 2.4
      vertex 4.18598 8.97426 2.4
      vertex 4.84054 8.76159 2.4
    endloop
  endfacet
  facet normal 0 0 1
    outer loop
      vertex 4.84054 8.76159 2.4
      vertex 4.18598 8.97426 2.4
      vertex 4.73021 8.30204 2.4
    endloop
  endfacet
  facet normal -0 0 1
    outer loop
      vertex 4.04678 8.39445 2.4
      vertex 4.73021 8.30204 2.4
      vertex 4.18598 8.97426 2.4
    endloop
  endfacet
  facet normal 0 0 1
    outer loop
      vertex 4.73021 8.30204 2.4
      vertex 4.04678 8.39445 2.4
      vertex 4.72655 8.28679 2.4
    endloop
  endfacet
  facet normal 0.649516 -0.760348 0
    outer loop
      vertex 77.1634 0.572948 0
      vertex 77.5213 0.878679 2.4
      vertex 77.1634 0.572948 2.4
    endloop
  endfacet
  facet normal 0.649516 -0.760348 0
    outer loop
      vertex 77.5213 0.878679 2.4
      vertex 77.1634 0.572948 0
      vertex 77.5213 0.878679 0
    endloop
  endfacet
  facet normal 0 -1 0
    outer loop
      vertex 3 0 0
      vertex 75.4 0 2.4
      vertex 3 0 2.4
    endloop
  endfacet
  facet normal 0 -1 -0
    outer loop
      vertex 75.4 0 2.4
      vertex 3 0 0
      vertex 75.4 0 0
    endloop
  endfacet
  facet normal -0.233443 -0.97237 0
    outer loop
      vertex 2.07295 0.14683 0
      vertex 2.5307 0.0369349 2.4
      vertex 2.07295 0.14683 2.4
    endloop
  endfacet
  facet normal -0.233443 -0.97237 -0
    outer loop
      vertex 2.5307 0.0369349 2.4
      vertex 2.07295 0.14683 0
      vertex 2.5307 0.0369349 0
    endloop
  endfacet
  facet normal 0 1 -0
    outer loop
      vertex 75.4 75.4 0
      vertex 3 75.4 2.4
      vertex 75.4 75.4 2.4
    endloop
  endfacet
  facet normal 0 1 0
    outer loop
      vertex 3 75.4 2.4
      vertex 75.4 75.4 0
      vertex 3 75.4 0
    endloop
  endfacet
  facet normal -0.923904 0.382624 0
    outer loop
      vertex 0.14683 73.327 0
      vertex 0.32698 73.762 2.4
      vertex 0.32698 73.762 0
    endloop
  endfacet
  facet normal -0.923904 0.382624 0
    outer loop
      vertex 0.32698 73.762 2.4
      vertex 0.14683 73.327 0
      vertex 0.14683 73.327 2.4
    endloop
  endfacet
  facet normal -0.760348 0.649516 0
    outer loop
      vertex 0.572948 74.1634 0
      vertex 0.878679 74.5213 2.4
      vertex 0.878679 74.5213 0
    endloop
  endfacet
  facet normal -0.760348 0.649516 0
    outer loop
      vertex 0.878679 74.5213 2.4
      vertex 0.572948 74.1634 0
      vertex 0.572948 74.1634 2.4
    endloop
  endfacet
  facet normal 1 -0 0
    outer loop
      vertex 78.4 3 2.4
      vertex 78.4 72.4 0
      vertex 78.4 72.4 2.4
    endloop
  endfacet
  facet normal 1 0 0
    outer loop
      vertex 78.4 72.4 0
      vertex 78.4 3 2.4
      vertex 78.4 3 0
    endloop
  endfacet
  facet normal 0.996923 0.0783858 0
    outer loop
      vertex 78.4 72.4 2.4
      vertex 78.3631 72.8693 0
      vertex 78.3631 72.8693 2.4
    endloop
  endfacet
  facet normal 0.996923 0.0783858 0
    outer loop
      vertex 78.3631 72.8693 0
      vertex 78.4 72.4 2.4
      vertex 78.4 72.4 0
    endloop
  endfacet
  facet normal 0.996923 -0.0783858 0
    outer loop
      vertex 78.3631 2.5307 2.4
      vertex 78.4 3 0
      vertex 78.4 3 2.4
    endloop
  endfacet
  facet normal 0.996923 -0.0783858 0
    outer loop
      vertex 78.4 3 0
      vertex 78.3631 2.5307 2.4
      vertex 78.3631 2.5307 0
    endloop
  endfacet
  facet normal 0.0784595 -0.996917 0
    outer loop
      vertex 75.4 0 0
      vertex 75.8693 0.0369349 2.4
      vertex 75.4 0 2.4
    endloop
  endfacet
  facet normal 0.0784595 -0.996917 0
    outer loop
      vertex 75.8693 0.0369349 2.4
      vertex 75.4 0 0
      vertex 75.8693 0.0369349 0
    endloop
  endfacet
  facet normal 0.649478 0.76038 -0
    outer loop
      vertex 77.5213 74.5213 0
      vertex 77.1634 74.827 2.4
      vertex 77.5213 74.5213 2.4
    endloop
  endfacet
  facet normal 0.649478 0.76038 0
    outer loop
      vertex 77.1634 74.827 2.4
      vertex 77.5213 74.5213 0
      vertex 77.1634 74.827 0
    endloop
  endfacet
  facet normal -0.972365 0.233468 0
    outer loop
      vertex 0.0369349 72.8693 0
      vertex 0.14683 73.327 2.4
      vertex 0.14683 73.327 0
    endloop
  endfacet
  facet normal -0.972365 0.233468 0
    outer loop
      vertex 0.14683 73.327 2.4
      vertex 0.0369349 72.8693 0
      vertex 0.0369349 72.8693 2.4
    endloop
  endfacet
  facet normal -0.996917 0.0784595 0
    outer loop
      vertex 0 72.4 0
      vertex 0.0369349 72.8693 2.4
      vertex 0.0369349 72.8693 0
    endloop
  endfacet
  facet normal -0.996917 0.0784595 0
    outer loop
      vertex 0.0369349 72.8693 2.4
      vertex 0 72.4 0
      vertex 0 72.4 2.4
    endloop
  endfacet
  facet normal 0.522483 -0.85265 0
    outer loop
      vertex 76.762 0.32698 0
      vertex 77.1634 0.572948 2.4
      vertex 76.762 0.32698 2.4
    endloop
  endfacet
  facet normal 0.522483 -0.85265 0
    outer loop
      vertex 77.1634 0.572948 2.4
      vertex 76.762 0.32698 0
      vertex 77.1634 0.572948 0
    endloop
  endfacet
  facet normal 0.852614 -0.522542 0
    outer loop
      vertex 77.827 1.23664 2.4
      vertex 78.073 1.63803 0
      vertex 78.073 1.63803 2.4
    endloop
  endfacet
  facet normal 0.852614 -0.522542 0
    outer loop
      vertex 78.073 1.63803 0
      vertex 77.827 1.23664 2.4
      vertex 77.827 1.23664 0
    endloop
  endfacet
  facet normal 0.972368 -0.233453 0
    outer loop
      vertex 78.2532 2.07295 2.4
      vertex 78.3631 2.5307 0
      vertex 78.3631 2.5307 2.4
    endloop
  endfacet
  facet normal 0.972368 -0.233453 0
    outer loop
      vertex 78.3631 2.5307 0
      vertex 78.2532 2.07295 2.4
      vertex 78.2532 2.07295 0
    endloop
  endfacet
  facet normal 0.923842 -0.382775 0
    outer loop
      vertex 78.073 1.63803 2.4
      vertex 78.2532 2.07295 0
      vertex 78.2532 2.07295 2.4
    endloop
  endfacet
  facet normal 0.923842 -0.382775 0
    outer loop
      vertex 78.2532 2.07295 0
      vertex 78.073 1.63803 2.4
      vertex 78.073 1.63803 0
    endloop
  endfacet
  facet normal -0.97237 -0.233443 0
    outer loop
      vertex 0.14683 2.07295 0
      vertex 0.0369349 2.5307 2.4
      vertex 0.0369349 2.5307 0
    endloop
  endfacet
  facet normal -0.97237 -0.233443 0
    outer loop
      vertex 0.0369349 2.5307 2.4
      vertex 0.14683 2.07295 0
      vertex 0.14683 2.07295 2.4
    endloop
  endfacet
  facet normal -0.649452 -0.760402 0
    outer loop
      vertex 0.878679 0.878679 0
      vertex 1.23664 0.572948 2.4
      vertex 0.878679 0.878679 2.4
    endloop
  endfacet
  facet normal -0.649452 -0.760402 -0
    outer loop
      vertex 1.23664 0.572948 2.4
      vertex 0.878679 0.878679 0
      vertex 1.23664 0.572948 0
    endloop
  endfacet
  facet normal -0.382684 -0.923879 0
    outer loop
      vertex 1.63803 0.32698 0
      vertex 2.07295 0.14683 2.4
      vertex 1.63803 0.32698 2.4
    endloop
  endfacet
  facet normal -0.382684 -0.923879 -0
    outer loop
      vertex 2.07295 0.14683 2.4
      vertex 1.63803 0.32698 0
      vertex 2.07295 0.14683 0
    endloop
  endfacet
  facet normal -0.0783858 0.996923 0
    outer loop
      vertex 3 75.4 0
      vertex 2.5307 75.3631 2.4
      vertex 3 75.4 2.4
    endloop
  endfacet
  facet normal -0.0783858 0.996923 0
    outer loop
      vertex 2.5307 75.3631 2.4
      vertex 3 75.4 0
      vertex 2.5307 75.3631 0
    endloop
  endfacet
  facet normal 0.522532 0.85262 -0
    outer loop
      vertex 77.1634 74.827 0
      vertex 76.762 75.073 2.4
      vertex 77.1634 74.827 2.4
    endloop
  endfacet
  facet normal 0.522532 0.85262 0
    outer loop
      vertex 76.762 75.073 2.4
      vertex 77.1634 74.827 0
      vertex 76.762 75.073 0
    endloop
  endfacet
  facet normal 0.923867 0.382714 0
    outer loop
      vertex 78.2532 73.327 2.4
      vertex 78.073 73.762 0
      vertex 78.073 73.762 2.4
    endloop
  endfacet
  facet normal 0.923867 0.382714 0
    outer loop
      vertex 78.073 73.762 0
      vertex 78.2532 73.327 2.4
      vertex 78.2532 73.327 0
    endloop
  endfacet
  facet normal 0.76038 0.649478 0
    outer loop
      vertex 77.827 74.1634 2.4
      vertex 77.5213 74.5213 0
      vertex 77.5213 74.5213 2.4
    endloop
  endfacet
  facet normal 0.76038 0.649478 0
    outer loop
      vertex 77.5213 74.5213 0
      vertex 77.827 74.1634 2.4
      vertex 77.827 74.1634 0
    endloop
  endfacet
  facet normal 0.85262 0.522532 0
    outer loop
      vertex 78.073 73.762 2.4
      vertex 77.827 74.1634 0
      vertex 77.827 74.1634 2.4
    endloop
  endfacet
  facet normal 0.85262 0.522532 0
    outer loop
      vertex 77.827 74.1634 0
      vertex 78.073 73.762 2.4
      vertex 78.073 73.762 0
    endloop
  endfacet
  facet normal 0.760435 -0.649414 0
    outer loop
      vertex 77.5213 0.878679 2.4
      vertex 77.827 1.23664 0
      vertex 77.827 1.23664 2.4
    endloop
  endfacet
  facet normal 0.760435 -0.649414 0
    outer loop
      vertex 77.827 1.23664 0
      vertex 77.5213 0.878679 2.4
      vertex 77.5213 0.878679 0
    endloop
  endfacet
  facet normal -0.0784595 -0.996917 0
    outer loop
      vertex 2.5307 0.0369349 0
      vertex 3 0 2.4
      vertex 2.5307 0.0369349 2.4
    endloop
  endfacet
  facet normal -0.0784595 -0.996917 -0
    outer loop
      vertex 3 0 2.4
      vertex 2.5307 0.0369349 0
      vertex 3 0 0
    endloop
  endfacet
  facet normal -0.522492 -0.852644 0
    outer loop
      vertex 1.23664 0.572948 0
      vertex 1.63803 0.32698 2.4
      vertex 1.23664 0.572948 2.4
    endloop
  endfacet
  facet normal -0.522492 -0.852644 -0
    outer loop
      vertex 1.63803 0.32698 2.4
      vertex 1.23664 0.572948 0
      vertex 1.63803 0.32698 0
    endloop
  endfacet
  facet normal -0.760402 -0.649452 0
    outer loop
      vertex 0.878679 0.878679 0
      vertex 0.572948 1.23664 2.4
      vertex 0.572948 1.23664 0
    endloop
  endfacet
  facet normal -0.760402 -0.649452 0
    outer loop
      vertex 0.572948 1.23664 2.4
      vertex 0.878679 0.878679 0
      vertex 0.878679 0.878679 2.4
    endloop
  endfacet
  facet normal -0.649414 0.760435 0
    outer loop
      vertex 1.23664 74.827 0
      vertex 0.878679 74.5213 2.4
      vertex 1.23664 74.827 2.4
    endloop
  endfacet
  facet normal -0.649414 0.760435 0
    outer loop
      vertex 0.878679 74.5213 2.4
      vertex 1.23664 74.827 0
      vertex 0.878679 74.5213 0
    endloop
  endfacet
  facet normal -0.382775 0.923842 0
    outer loop
      vertex 2.07295 75.2532 0
      vertex 1.63803 75.073 2.4
      vertex 2.07295 75.2532 2.4
    endloop
  endfacet
  facet normal -0.382775 0.923842 0
    outer loop
      vertex 1.63803 75.073 2.4
      vertex 2.07295 75.2532 0
      vertex 1.63803 75.073 0
    endloop
  endfacet
  facet normal -0.233453 0.972368 0
    outer loop
      vertex 2.5307 75.3631 0
      vertex 2.07295 75.2532 2.4
      vertex 2.5307 75.3631 2.4
    endloop
  endfacet
  facet normal -0.233453 0.972368 0
    outer loop
      vertex 2.07295 75.2532 2.4
      vertex 2.5307 75.3631 0
      vertex 2.07295 75.2532 0
    endloop
  endfacet
  facet normal 0.0783858 0.996923 -0
    outer loop
      vertex 75.8693 75.3631 0
      vertex 75.4 75.4 2.4
      vertex 75.8693 75.3631 2.4
    endloop
  endfacet
  facet normal 0.0783858 0.996923 0
    outer loop
      vertex 75.4 75.4 2.4
      vertex 75.8693 75.3631 0
      vertex 75.4 75.4 0
    endloop
  endfacet
  facet normal 0.972362 0.233477 0
    outer loop
      vertex 78.3631 72.8693 2.4
      vertex 78.2532 73.327 0
      vertex 78.2532 73.327 2.4
    endloop
  endfacet
  facet normal 0.972362 0.233477 0
    outer loop
      vertex 78.2532 73.327 0
      vertex 78.3631 72.8693 2.4
      vertex 78.3631 72.8693 0
    endloop
  endfacet
  facet normal 0.233468 -0.972365 0
    outer loop
      vertex 75.8693 0.0369349 0
      vertex 76.327 0.14683 2.4
      vertex 75.8693 0.0369349 2.4
    endloop
  endfacet
  facet normal 0.233468 -0.972365 0
    outer loop
      vertex 76.327 0.14683 2.4
      vertex 75.8693 0.0369349 0
      vertex 76.327 0.14683 0
    endloop
  endfacet
  facet normal 0.382624 -0.923904 0
    outer loop
      vertex 76.327 0.14683 0
      vertex 76.762 0.32698 2.4
      vertex 76.327 0.14683 2.4
    endloop
  endfacet
  facet normal 0.382624 -0.923904 0
    outer loop
      vertex 76.762 0.32698 2.4
      vertex 76.327 0.14683 0
      vertex 76.762 0.32698 0
    endloop
  endfacet
  facet normal -0.852644 -0.522492 0
    outer loop
      vertex 0.572948 1.23664 0
      vertex 0.32698 1.63803 2.4
      vertex 0.32698 1.63803 0
    endloop
  endfacet
  facet normal -0.852644 -0.522492 0
    outer loop
      vertex 0.32698 1.63803 2.4
      vertex 0.572948 1.23664 0
      vertex 0.572948 1.23664 2.4
    endloop
  endfacet
  facet normal -0.923879 -0.382684 0
    outer loop
      vertex 0.32698 1.63803 0
      vertex 0.14683 2.07295 2.4
      vertex 0.14683 2.07295 0
    endloop
  endfacet
  facet normal -0.923879 -0.382684 0
    outer loop
      vertex 0.14683 2.07295 2.4
      vertex 0.32698 1.63803 0
      vertex 0.32698 1.63803 2.4
    endloop
  endfacet
  facet normal -0.522542 0.852614 0
    outer loop
      vertex 1.63803 75.073 0
      vertex 1.23664 74.827 2.4
      vertex 1.63803 75.073 2.4
    endloop
  endfacet
  facet normal -0.522542 0.852614 0
    outer loop
      vertex 1.23664 74.827 2.4
      vertex 1.63803 75.073 0
      vertex 1.23664 74.827 0
    endloop
  endfacet
  facet normal 0.233477 0.972362 -0
    outer loop
      vertex 76.327 75.2532 0
      vertex 75.8693 75.3631 2.4
      vertex 76.327 75.2532 2.4
    endloop
  endfacet
  facet normal 0.233477 0.972362 0
    outer loop
      vertex 75.8693 75.3631 2.4
      vertex 76.327 75.2532 0
      vertex 75.8693 75.3631 0
    endloop
  endfacet
  facet normal 0.382714 0.923867 -0
    outer loop
      vertex 76.762 75.073 0
      vertex 76.327 75.2532 2.4
      vertex 76.762 75.073 2.4
    endloop
  endfacet
  facet normal 0.382714 0.923867 0
    outer loop
      vertex 76.327 75.2532 2.4
      vertex 76.762 75.073 0
      vertex 76.327 75.2532 0
    endloop
  endfacet
  facet normal -0.649447 -0.760406 0
    outer loop
      vertex 8.79923 9.17533 0
      vertex 9.00208 9.00208 0.799999
      vertex 8.79923 9.17533 0.799999
    endloop
  endfacet
  facet normal -0.649447 -0.760406 -0
    outer loop
      vertex 9.00208 9.00208 0.799999
      vertex 8.79923 9.17533 0
      vertex 9.00208 9.00208 0
    endloop
  endfacet
  facet normal 0.382706 0.92387 -0
    outer loop
      vertex 7.27467 6.1832 0
      vertex 7.02822 6.28529 0.799999
      vertex 7.27467 6.1832 0.799999
    endloop
  endfacet
  facet normal 0.382706 0.92387 0
    outer loop
      vertex 7.02822 6.28529 0.799999
      vertex 7.27467 6.1832 0
      vertex 7.02822 6.28529 0
    endloop
  endfacet
  facet normal 0.382706 -0.92387 0
    outer loop
      vertex 7.02822 9.31471 0
      vertex 7.27467 9.4168 0.799999
      vertex 7.02822 9.31471 0.799999
    endloop
  endfacet
  facet normal 0.382706 -0.92387 0
    outer loop
      vertex 7.27467 9.4168 0.799999
      vertex 7.02822 9.31471 0
      vertex 7.27467 9.4168 0
    endloop
  endfacet
  facet normal 0.852643 -0.522494 0
    outer loop
      vertex 6.28529 8.57178 0.799999
      vertex 6.42467 8.79923 0
      vertex 6.42467 8.79923 0.799999
    endloop
  endfacet
  facet normal 0.852643 -0.522494 0
    outer loop
      vertex 6.42467 8.79923 0
      vertex 6.28529 8.57178 0.799999
      vertex 6.28529 8.57178 0
    endloop
  endfacet
  facet normal -0.92387 -0.382706 0
    outer loop
      vertex 9.4168 8.32533 0
      vertex 9.31471 8.57178 0.799999
      vertex 9.31471 8.57178 0
    endloop
  endfacet
  facet normal -0.92387 -0.382706 0
    outer loop
      vertex 9.31471 8.57178 0.799999
      vertex 9.4168 8.32533 0
      vertex 9.4168 8.32533 0.799999
    endloop
  endfacet
  facet normal -0.852643 -0.522494 0
    outer loop
      vertex 9.31471 8.57178 0
      vertex 9.17533 8.79923 0.799999
      vertex 9.17533 8.79923 0
    endloop
  endfacet
  facet normal -0.852643 -0.522494 0
    outer loop
      vertex 9.17533 8.79923 0.799999
      vertex 9.31471 8.57178 0
      vertex 9.31471 8.57178 0.799999
    endloop
  endfacet
  facet normal -0.760406 -0.649447 0
    outer loop
      vertex 9.17533 8.79923 0
      vertex 9.00208 9.00208 0.799999
      vertex 9.00208 9.00208 0
    endloop
  endfacet
  facet normal -0.760406 -0.649447 0
    outer loop
      vertex 9.00208 9.00208 0.799999
      vertex 9.17533 8.79923 0
      vertex 9.17533 8.79923 0.799999
    endloop
  endfacet
  facet normal -0.522494 -0.852643 0
    outer loop
      vertex 8.57178 9.31471 0
      vertex 8.79923 9.17533 0.799999
      vertex 8.57178 9.31471 0.799999
    endloop
  endfacet
  facet normal -0.522494 -0.852643 -0
    outer loop
      vertex 8.79923 9.17533 0.799999
      vertex 8.57178 9.31471 0
      vertex 8.79923 9.17533 0
    endloop
  endfacet
  facet normal -0.233431 -0.972373 0
    outer loop
      vertex 8.06594 9.47907 0
      vertex 8.32533 9.4168 0.799999
      vertex 8.06594 9.47907 0.799999
    endloop
  endfacet
  facet normal -0.233431 -0.972373 -0
    outer loop
      vertex 8.32533 9.4168 0.799999
      vertex 8.06594 9.47907 0
      vertex 8.32533 9.4168 0
    endloop
  endfacet
  facet normal 0.972373 -0.233431 0
    outer loop
      vertex 6.12093 8.06594 0.799999
      vertex 6.1832 8.32533 0
      vertex 6.1832 8.32533 0.799999
    endloop
  endfacet
  facet normal 0.972373 -0.233431 0
    outer loop
      vertex 6.1832 8.32533 0
      vertex 6.12093 8.06594 0.799999
      vertex 6.12093 8.06594 0
    endloop
  endfacet
  facet normal 0.760406 -0.649447 0
    outer loop
      vertex 6.42467 8.79923 0.799999
      vertex 6.59792 9.00208 0
      vertex 6.59792 9.00208 0.799999
    endloop
  endfacet
  facet normal 0.760406 -0.649447 0
    outer loop
      vertex 6.59792 9.00208 0
      vertex 6.42467 8.79923 0.799999
      vertex 6.42467 8.79923 0
    endloop
  endfacet
  facet normal 0.522494 -0.852643 0
    outer loop
      vertex 6.80077 9.17533 0
      vertex 7.02822 9.31471 0.799999
      vertex 6.80077 9.17533 0.799999
    endloop
  endfacet
  facet normal 0.522494 -0.852643 0
    outer loop
      vertex 7.02822 9.31471 0.799999
      vertex 6.80077 9.17533 0
      vertex 7.02822 9.31471 0
    endloop
  endfacet
  facet normal 0.233431 -0.972373 0
    outer loop
      vertex 7.27467 9.4168 0
      vertex 7.53406 9.47907 0.799999
      vertex 7.27467 9.4168 0.799999
    endloop
  endfacet
  facet normal 0.233431 -0.972373 0
    outer loop
      vertex 7.53406 9.47907 0.799999
      vertex 7.27467 9.4168 0
      vertex 7.53406 9.47907 0
    endloop
  endfacet
  facet normal 0.649447 -0.760406 0
    outer loop
      vertex 6.59792 9.00208 0
      vertex 6.80077 9.17533 0.799999
      vertex 6.59792 9.00208 0.799999
    endloop
  endfacet
  facet normal 0.649447 -0.760406 0
    outer loop
      vertex 6.80077 9.17533 0.799999
      vertex 6.59792 9.00208 0
      vertex 6.80077 9.17533 0
    endloop
  endfacet
  facet normal -0.996917 -0.0784593 0
    outer loop
      vertex 9.5 7.8 0
      vertex 9.47907 8.06594 0.799999
      vertex 9.47907 8.06594 0
    endloop
  endfacet
  facet normal -0.996917 -0.0784593 0
    outer loop
      vertex 9.47907 8.06594 0.799999
      vertex 9.5 7.8 0
      vertex 9.5 7.8 0.799999
    endloop
  endfacet
  facet normal -0.382706 0.92387 0
    outer loop
      vertex 8.57178 6.28529 0
      vertex 8.32533 6.1832 0.799999
      vertex 8.57178 6.28529 0.799999
    endloop
  endfacet
  facet normal -0.382706 0.92387 0
    outer loop
      vertex 8.32533 6.1832 0.799999
      vertex 8.57178 6.28529 0
      vertex 8.32533 6.1832 0
    endloop
  endfacet
  facet normal -0.852643 0.522494 0
    outer loop
      vertex 9.17533 6.80077 0
      vertex 9.31471 7.02822 0.799999
      vertex 9.31471 7.02822 0
    endloop
  endfacet
  facet normal -0.852643 0.522494 0
    outer loop
      vertex 9.31471 7.02822 0.799999
      vertex 9.17533 6.80077 0
      vertex 9.17533 6.80077 0.799999
    endloop
  endfacet
  facet normal 0.233431 0.972373 -0
    outer loop
      vertex 7.53406 6.12093 0
      vertex 7.27467 6.1832 0.799999
      vertex 7.53406 6.12093 0.799999
    endloop
  endfacet
  facet normal 0.233431 0.972373 0
    outer loop
      vertex 7.27467 6.1832 0.799999
      vertex 7.53406 6.12093 0
      vertex 7.27467 6.1832 0
    endloop
  endfacet
  facet normal 0.649447 0.760406 -0
    outer loop
      vertex 6.80077 6.42467 0
      vertex 6.59792 6.59792 0.799999
      vertex 6.80077 6.42467 0.799999
    endloop
  endfacet
  facet normal 0.649447 0.760406 0
    outer loop
      vertex 6.59792 6.59792 0.799999
      vertex 6.80077 6.42467 0
      vertex 6.59792 6.59792 0
    endloop
  endfacet
  facet normal 0.852643 0.522494 0
    outer loop
      vertex 6.42467 6.80077 0.799999
      vertex 6.28529 7.02822 0
      vertex 6.28529 7.02822 0.799999
    endloop
  endfacet
  facet normal 0.852643 0.522494 0
    outer loop
      vertex 6.28529 7.02822 0
      vertex 6.42467 6.80077 0.799999
      vertex 6.42467 6.80077 0
    endloop
  endfacet
  facet normal 0.760406 0.649447 0
    outer loop
      vertex 6.59792 6.59792 0.799999
      vertex 6.42467 6.80077 0
      vertex 6.42467 6.80077 0.799999
    endloop
  endfacet
  facet normal 0.760406 0.649447 0
    outer loop
      vertex 6.42467 6.80077 0
      vertex 6.59792 6.59792 0.799999
      vertex 6.59792 6.59792 0
    endloop
  endfacet
  facet normal -0.972373 -0.233431 0
    outer loop
      vertex 9.47907 8.06594 0
      vertex 9.4168 8.32533 0.799999
      vertex 9.4168 8.32533 0
    endloop
  endfacet
  facet normal -0.972373 -0.233431 0
    outer loop
      vertex 9.4168 8.32533 0.799999
      vertex 9.47907 8.06594 0
      vertex 9.47907 8.06594 0.799999
    endloop
  endfacet
  facet normal -0.0784593 -0.996917 0
    outer loop
      vertex 7.8 9.5 0
      vertex 8.06594 9.47907 0.799999
      vertex 7.8 9.5 0.799999
    endloop
  endfacet
  facet normal -0.0784593 -0.996917 -0
    outer loop
      vertex 8.06594 9.47907 0.799999
      vertex 7.8 9.5 0
      vertex 8.06594 9.47907 0
    endloop
  endfacet
  facet normal -0.382706 -0.92387 0
    outer loop
      vertex 8.32533 9.4168 0
      vertex 8.57178 9.31471 0.799999
      vertex 8.32533 9.4168 0.799999
    endloop
  endfacet
  facet normal -0.382706 -0.92387 -0
    outer loop
      vertex 8.57178 9.31471 0.799999
      vertex 8.32533 9.4168 0
      vertex 8.57178 9.31471 0
    endloop
  endfacet
  facet normal 0.996917 -0.0784593 0
    outer loop
      vertex 6.1 7.8 0.799999
      vertex 6.12093 8.06594 0
      vertex 6.12093 8.06594 0.799999
    endloop
  endfacet
  facet normal 0.996917 -0.0784593 0
    outer loop
      vertex 6.12093 8.06594 0
      vertex 6.1 7.8 0.799999
      vertex 6.1 7.8 0
    endloop
  endfacet
  facet normal 0.92387 -0.382706 0
    outer loop
      vertex 6.1832 8.32533 0.799999
      vertex 6.28529 8.57178 0
      vertex 6.28529 8.57178 0.799999
    endloop
  endfacet
  facet normal 0.92387 -0.382706 0
    outer loop
      vertex 6.28529 8.57178 0
      vertex 6.1832 8.32533 0.799999
      vertex 6.1832 8.32533 0
    endloop
  endfacet
  facet normal 0.0784593 -0.996917 0
    outer loop
      vertex 7.53406 9.47907 0
      vertex 7.8 9.5 0.799999
      vertex 7.53406 9.47907 0.799999
    endloop
  endfacet
  facet normal 0.0784593 -0.996917 0
    outer loop
      vertex 7.8 9.5 0.799999
      vertex 7.53406 9.47907 0
      vertex 7.8 9.5 0
    endloop
  endfacet
  facet normal -0.972373 0.233431 0
    outer loop
      vertex 9.4168 7.27467 0
      vertex 9.47907 7.53406 0.799999
      vertex 9.47907 7.53406 0
    endloop
  endfacet
  facet normal -0.972373 0.233431 0
    outer loop
      vertex 9.47907 7.53406 0.799999
      vertex 9.4168 7.27467 0
      vertex 9.4168 7.27467 0.799999
    endloop
  endfacet
  facet normal -0.0784593 0.996917 0
    outer loop
      vertex 8.06594 6.12093 0
      vertex 7.8 6.1 0.799999
      vertex 8.06594 6.12093 0.799999
    endloop
  endfacet
  facet normal -0.0784593 0.996917 0
    outer loop
      vertex 7.8 6.1 0.799999
      vertex 8.06594 6.12093 0
      vertex 7.8 6.1 0
    endloop
  endfacet
  facet normal -0.760406 0.649447 0
    outer loop
      vertex 9.00208 6.59792 0
      vertex 9.17533 6.80077 0.799999
      vertex 9.17533 6.80077 0
    endloop
  endfacet
  facet normal -0.760406 0.649447 0
    outer loop
      vertex 9.17533 6.80077 0.799999
      vertex 9.00208 6.59792 0
      vertex 9.00208 6.59792 0.799999
    endloop
  endfacet
  facet normal -0.522494 0.852643 0
    outer loop
      vertex 8.79923 6.42467 0
      vertex 8.57178 6.28529 0.799999
      vertex 8.79923 6.42467 0.799999
    endloop
  endfacet
  facet normal -0.522494 0.852643 0
    outer loop
      vertex 8.57178 6.28529 0.799999
      vertex 8.79923 6.42467 0
      vertex 8.57178 6.28529 0
    endloop
  endfacet
  facet normal -0.92387 0.382706 0
    outer loop
      vertex 9.31471 7.02822 0
      vertex 9.4168 7.27467 0.799999
      vertex 9.4168 7.27467 0
    endloop
  endfacet
  facet normal -0.92387 0.382706 0
    outer loop
      vertex 9.4168 7.27467 0.799999
      vertex 9.31471 7.02822 0
      vertex 9.31471 7.02822 0.799999
    endloop
  endfacet
  facet normal 0.0784593 0.996917 -0
    outer loop
      vertex 7.8 6.1 0
      vertex 7.53406 6.12093 0.799999
      vertex 7.8 6.1 0.799999
    endloop
  endfacet
  facet normal 0.0784593 0.996917 0
    outer loop
      vertex 7.53406 6.12093 0.799999
      vertex 7.8 6.1 0
      vertex 7.53406 6.12093 0
    endloop
  endfacet
  facet normal 0.522494 0.852643 -0
    outer loop
      vertex 7.02822 6.28529 0
      vertex 6.80077 6.42467 0.799999
      vertex 7.02822 6.28529 0.799999
    endloop
  endfacet
  facet normal 0.522494 0.852643 0
    outer loop
      vertex 6.80077 6.42467 0.799999
      vertex 7.02822 6.28529 0
      vertex 6.80077 6.42467 0
    endloop
  endfacet
  facet normal 0.92387 0.382706 0
    outer loop
      vertex 6.28529 7.02822 0.799999
      vertex 6.1832 7.27467 0
      vertex 6.1832 7.27467 0.799999
    endloop
  endfacet
  facet normal 0.92387 0.382706 0
    outer loop
      vertex 6.1832 7.27467 0
      vertex 6.28529 7.02822 0.799999
      vertex 6.28529 7.02822 0
    endloop
  endfacet
  facet normal 0.996917 0.0784593 0
    outer loop
      vertex 6.12093 7.53406 0.799999
      vertex 6.1 7.8 0
      vertex 6.1 7.8 0.799999
    endloop
  endfacet
  facet normal 0.996917 0.0784593 0
    outer loop
      vertex 6.1 7.8 0
      vertex 6.12093 7.53406 0.799999
      vertex 6.12093 7.53406 0
    endloop
  endfacet
  facet normal -0.996917 0.0784593 0
    outer loop
      vertex 9.47907 7.53406 0
      vertex 9.5 7.8 0.799999
      vertex 9.5 7.8 0
    endloop
  endfacet
  facet normal -0.996917 0.0784593 0
    outer loop
      vertex 9.5 7.8 0.799999
      vertex 9.47907 7.53406 0
      vertex 9.47907 7.53406 0.799999
    endloop
  endfacet
  facet normal -0.233431 0.972373 0
    outer loop
      vertex 8.32533 6.1832 0
      vertex 8.06594 6.12093 0.799999
      vertex 8.32533 6.1832 0.799999
    endloop
  endfacet
  facet normal -0.233431 0.972373 0
    outer loop
      vertex 8.06594 6.12093 0.799999
      vertex 8.32533 6.1832 0
      vertex 8.06594 6.12093 0
    endloop
  endfacet
  facet normal -0.649447 0.760406 0
    outer loop
      vertex 9.00208 6.59792 0
      vertex 8.79923 6.42467 0.799999
      vertex 9.00208 6.59792 0.799999
    endloop
  endfacet
  facet normal -0.649447 0.760406 0
    outer loop
      vertex 8.79923 6.42467 0.799999
      vertex 9.00208 6.59792 0
      vertex 8.79923 6.42467 0
    endloop
  endfacet
  facet normal 0.972373 0.233431 0
    outer loop
      vertex 6.1832 7.27467 0.799999
      vertex 6.12093 7.53406 0
      vertex 6.12093 7.53406 0.799999
    endloop
  endfacet
  facet normal 0.972373 0.233431 0
    outer loop
      vertex 6.12093 7.53406 0
      vertex 6.1832 7.27467 0.799999
      vertex 6.1832 7.27467 0
    endloop
  endfacet
  facet normal -0.0589119 0.748537 0.660471
    outer loop
      vertex 8.27114 4.72532 2.4
      vertex 7.8 6.1 0.799999
      vertex 7.8 4.68824 2.4
    endloop
  endfacet
  facet normal -0.748526 -0.0589428 0.66048
    outer loop
      vertex 10.9118 7.8 2.4
      vertex 10.8747 8.27114 2.4
      vertex 9.5 7.8 0.799999
    endloop
  endfacet
  facet normal -0.748694 -0.0574079 0.660425
    outer loop
      vertex 9.47907 8.06594 0.799999
      vertex 10.8747 8.27114 2.4
      vertex 10.8735 8.28679 2.4
    endloop
  endfacet
  facet normal -0.748532 -0.058911 0.660476
    outer loop
      vertex 10.8747 8.27114 2.4
      vertex 9.47907 8.06594 0.799999
      vertex 9.5 7.8 0.799999
    endloop
  endfacet
  facet normal -0.730109 0.175239 0.660479
    outer loop
      vertex 10.7595 6.83841 2.4
      vertex 10.8698 7.29796 2.4
      vertex 9.4168 7.27467 0.799999
    endloop
  endfacet
  facet normal 0.730113 0.175227 0.660478
    outer loop
      vertex 6.1832 7.27467 0.799999
      vertex 4.72655 7.31321 2.4
      vertex 4.73021 7.29796 2.4
    endloop
  endfacet
  facet normal 0.730107 0.175272 0.660472
    outer loop
      vertex 4.72655 7.31321 2.4
      vertex 6.1832 7.27467 0.799999
      vertex 6.12093 7.53406 0.799999
    endloop
  endfacet
  facet normal 0.640189 -0.392343 0.660474
    outer loop
      vertex 5.27433 9.61567 2.4
      vertex 6.42467 8.79923 0.799999
      vertex 5.28253 9.62905 2.4
    endloop
  endfacet
  facet normal 0.640207 -0.392315 0.660473
    outer loop
      vertex 6.42467 8.79923 0.799999
      vertex 5.27433 9.61567 2.4
      vertex 6.28529 8.57178 0.799999
    endloop
  endfacet
  facet normal -0.69367 0.287394 0.660475
    outer loop
      vertex 10.5726 6.38729 2.4
      vertex 10.7535 6.82392 2.4
      vertex 9.31471 7.02822 0.799999
    endloop
  endfacet
  facet normal 0.0574079 -0.748694 0.660425
    outer loop
      vertex 7.53406 9.47907 0.799999
      vertex 7.32886 10.8747 2.4
      vertex 7.31321 10.8735 2.4
    endloop
  endfacet
  facet normal 0.058911 -0.748532 0.660476
    outer loop
      vertex 7.32886 10.8747 2.4
      vertex 7.53406 9.47907 0.799999
      vertex 7.8 9.5 0.799999
    endloop
  endfacet
  facet normal -0.693682 0.287353 0.660479
    outer loop
      vertex 9.31471 7.02822 0.799999
      vertex 10.7595 6.83841 2.4
      vertex 9.4168 7.27467 0.799999
    endloop
  endfacet
  facet normal -0.693711 0.287251 0.660493
    outer loop
      vertex 10.7595 6.83841 2.4
      vertex 9.31471 7.02822 0.799999
      vertex 10.7535 6.82392 2.4
    endloop
  endfacet
  facet normal -0.748526 0.0589428 0.66048
    outer loop
      vertex 10.8747 7.32886 2.4
      vertex 10.9118 7.8 2.4
      vertex 9.5 7.8 0.799999
    endloop
  endfacet
  facet normal -0.0588314 0.748546 0.660468
    outer loop
      vertex 8.06594 6.12093 0.799999
      vertex 8.27114 4.72532 2.4
      vertex 8.28679 4.72655 2.4
    endloop
  endfacet
  facet normal -0.0589113 0.748537 0.660471
    outer loop
      vertex 8.27114 4.72532 2.4
      vertex 8.06594 6.12093 0.799999
      vertex 7.8 6.1 0.799999
    endloop
  endfacet
  facet normal -0.48768 0.570922 0.660466
    outer loop
      vertex 9.64098 5.29272 2.4
      vertex 10.0003 5.59965 2.4
      vertex 9.00208 6.59792 0.799999
    endloop
  endfacet
  facet normal 0.175286 0.730105 0.66047
    outer loop
      vertex 7.29796 4.73021 2.4
      vertex 7.27467 6.1832 0.799999
      vertex 6.83841 4.84054 2.4
    endloop
  endfacet
  facet normal 0.570951 0.487638 0.660473
    outer loop
      vertex 6.42467 6.80077 0.799999
      vertex 5.29272 5.95902 2.4
      vertex 6.59792 6.59792 0.799999
    endloop
  endfacet
  facet normal 0.570932 0.487661 0.660472
    outer loop
      vertex 5.29272 5.95902 2.4
      vertex 6.42467 6.80077 0.799999
      vertex 5.28253 5.97095 2.4
    endloop
  endfacet
  facet normal 0.0589428 -0.748526 0.66048
    outer loop
      vertex 7.8 9.5 0.799999
      vertex 7.8 10.9118 2.4
      vertex 7.32886 10.8747 2.4
    endloop
  endfacet
  facet normal 0.730105 -0.175286 0.66047
    outer loop
      vertex 6.1832 8.32533 0.799999
      vertex 4.84054 8.76159 2.4
      vertex 4.73021 8.30204 2.4
    endloop
  endfacet
  facet normal 0.570922 -0.48768 0.660466
    outer loop
      vertex 6.59792 9.00208 0.799999
      vertex 5.59965 10.0003 2.4
      vertex 5.29272 9.64098 2.4
    endloop
  endfacet
  facet normal -0.730096 0.175269 0.660485
    outer loop
      vertex 9.4168 7.27467 0.799999
      vertex 10.8735 7.31321 2.4
      vertex 9.47907 7.53406 0.799999
    endloop
  endfacet
  facet normal -0.729878 0.177085 0.660242
    outer loop
      vertex 10.8735 7.31321 2.4
      vertex 9.4168 7.27467 0.799999
      vertex 10.8698 7.29796 2.4
    endloop
  endfacet
  facet normal -0.570901 0.487705 0.660466
    outer loop
      vertex 10.0003 5.59965 2.4
      vertex 10.3073 5.95902 2.4
      vertex 9.00208 6.59792 0.799999
    endloop
  endfacet
  facet normal -0.640202 0.392312 0.66048
    outer loop
      vertex 9.17533 6.80077 0.799999
      vertex 10.3257 5.98433 2.4
      vertex 9.31471 7.02822 0.799999
    endloop
  endfacet
  facet normal -0.640183 0.39234 0.660481
    outer loop
      vertex 10.3257 5.98433 2.4
      vertex 9.17533 6.80077 0.799999
      vertex 10.3175 5.97095 2.4
    endloop
  endfacet
  facet normal -0.175227 0.730113 0.660478
    outer loop
      vertex 8.32533 6.1832 0.799999
      vertex 8.28679 4.72655 2.4
      vertex 8.30204 4.73021 2.4
    endloop
  endfacet
  facet normal -0.175272 0.730107 0.660472
    outer loop
      vertex 8.28679 4.72655 2.4
      vertex 8.32533 6.1832 0.799999
      vertex 8.06594 6.12093 0.799999
    endloop
  endfacet
  facet normal -0.392313 0.640208 0.660473
    outer loop
      vertex 9.21271 5.0274 2.4
      vertex 9.61567 5.27433 2.4
      vertex 8.57178 6.28529 0.799999
    endloop
  endfacet
  facet normal 0.730105 0.175286 0.66047
    outer loop
      vertex 4.84054 6.83841 2.4
      vertex 6.1832 7.27467 0.799999
      vertex 4.73021 7.29796 2.4
    endloop
  endfacet
  facet normal 0.487638 0.570951 0.660473
    outer loop
      vertex 5.95902 5.29272 2.4
      vertex 6.80077 6.42467 0.799999
      vertex 6.59792 6.59792 0.799999
    endloop
  endfacet
  facet normal 0.487661 0.570932 0.660472
    outer loop
      vertex 6.80077 6.42467 0.799999
      vertex 5.95902 5.29272 2.4
      vertex 5.97095 5.28253 2.4
    endloop
  endfacet
  facet normal 0.287356 0.69369 0.66047
    outer loop
      vertex 7.02822 6.28529 0.799999
      vertex 6.83841 4.84054 2.4
      vertex 7.27467 6.1832 0.799999
    endloop
  endfacet
  facet normal 0.287254 0.693719 0.660484
    outer loop
      vertex 6.83841 4.84054 2.4
      vertex 7.02822 6.28529 0.799999
      vertex 6.82392 4.84654 2.4
    endloop
  endfacet
  facet normal 0.0589119 0.748537 0.660471
    outer loop
      vertex 7.8 4.68824 2.4
      vertex 7.8 6.1 0.799999
      vertex 7.32886 4.72532 2.4
    endloop
  endfacet
  facet normal -0.0589428 -0.748526 0.66048
    outer loop
      vertex 8.27114 10.8747 2.4
      vertex 7.8 10.9118 2.4
      vertex 7.8 9.5 0.799999
    endloop
  endfacet
  facet normal -0.729878 -0.177085 0.660242
    outer loop
      vertex 9.4168 8.32533 0.799999
      vertex 10.8735 8.28679 2.4
      vertex 10.8698 8.30204 2.4
    endloop
  endfacet
  facet normal -0.730096 -0.175269 0.660485
    outer loop
      vertex 10.8735 8.28679 2.4
      vertex 9.4168 8.32533 0.799999
      vertex 9.47907 8.06594 0.799999
    endloop
  endfacet
  facet normal 0.693719 -0.287254 0.660484
    outer loop
      vertex 4.84054 8.76159 2.4
      vertex 6.28529 8.57178 0.799999
      vertex 4.84654 8.77608 2.4
    endloop
  endfacet
  facet normal 0.69369 -0.287356 0.66047
    outer loop
      vertex 6.28529 8.57178 0.799999
      vertex 4.84054 8.76159 2.4
      vertex 6.1832 8.32533 0.799999
    endloop
  endfacet
  facet normal 0.487705 -0.570901 0.660466
    outer loop
      vertex 6.59792 9.00208 0.799999
      vertex 5.95902 10.3073 2.4
      vertex 5.59965 10.0003 2.4
    endloop
  endfacet
  facet normal 0.392312 -0.640202 0.66048
    outer loop
      vertex 5.98433 10.3257 2.4
      vertex 6.80077 9.17533 0.799999
      vertex 7.02822 9.31471 0.799999
    endloop
  endfacet
  facet normal 0.39234 -0.640183 0.660481
    outer loop
      vertex 6.80077 9.17533 0.799999
      vertex 5.98433 10.3257 2.4
      vertex 5.97095 10.3175 2.4
    endloop
  endfacet
  facet normal -0.748532 0.058911 0.660476
    outer loop
      vertex 9.47907 7.53406 0.799999
      vertex 10.8747 7.32886 2.4
      vertex 9.5 7.8 0.799999
    endloop
  endfacet
  facet normal -0.748694 0.0574079 0.660425
    outer loop
      vertex 10.8747 7.32886 2.4
      vertex 9.47907 7.53406 0.799999
      vertex 10.8735 7.31321 2.4
    endloop
  endfacet
  facet normal -0.640228 0.392278 0.660474
    outer loop
      vertex 10.3257 5.98433 2.4
      vertex 10.5726 6.38729 2.4
      vertex 9.31471 7.02822 0.799999
    endloop
  endfacet
  facet normal -0.570701 0.487942 0.660464
    outer loop
      vertex 9.17533 6.80077 0.799999
      vertex 10.3073 5.95902 2.4
      vertex 10.3175 5.97095 2.4
    endloop
  endfacet
  facet normal -0.570948 0.487635 0.660477
    outer loop
      vertex 10.3073 5.95902 2.4
      vertex 9.17533 6.80077 0.799999
      vertex 9.00208 6.59792 0.799999
    endloop
  endfacet
  facet normal -0.287254 0.693719 0.660484
    outer loop
      vertex 8.57178 6.28529 0.799999
      vertex 8.76159 4.84054 2.4
      vertex 8.77608 4.84654 2.4
    endloop
  endfacet
  facet normal -0.287356 0.69369 0.66047
    outer loop
      vertex 8.76159 4.84054 2.4
      vertex 8.57178 6.28529 0.799999
      vertex 8.32533 6.1832 0.799999
    endloop
  endfacet
  facet normal -0.175286 0.730105 0.66047
    outer loop
      vertex 8.76159 4.84054 2.4
      vertex 8.32533 6.1832 0.799999
      vertex 8.30204 4.73021 2.4
    endloop
  endfacet
  facet normal -0.487638 0.570951 0.660473
    outer loop
      vertex 8.79923 6.42467 0.799999
      vertex 9.64098 5.29272 2.4
      vertex 9.00208 6.59792 0.799999
    endloop
  endfacet
  facet normal -0.487661 0.570932 0.660472
    outer loop
      vertex 9.64098 5.29272 2.4
      vertex 8.79923 6.42467 0.799999
      vertex 9.62905 5.28253 2.4
    endloop
  endfacet
  facet normal -0.392343 0.640189 0.660474
    outer loop
      vertex 8.79923 6.42467 0.799999
      vertex 9.61567 5.27433 2.4
      vertex 9.62905 5.28253 2.4
    endloop
  endfacet
  facet normal -0.392315 0.640207 0.660473
    outer loop
      vertex 9.61567 5.27433 2.4
      vertex 8.79923 6.42467 0.799999
      vertex 8.57178 6.28529 0.799999
    endloop
  endfacet
  facet normal -0.287341 0.693694 0.660472
    outer loop
      vertex 8.77608 4.84654 2.4
      vertex 9.21271 5.0274 2.4
      vertex 8.57178 6.28529 0.799999
    endloop
  endfacet
  facet normal 0.640208 0.392313 0.660473
    outer loop
      vertex 5.27433 5.98433 2.4
      vertex 6.28529 7.02822 0.799999
      vertex 5.0274 6.38729 2.4
    endloop
  endfacet
  facet normal 0.487637 0.570952 0.660473
    outer loop
      vertex 5.95902 5.29272 2.4
      vertex 6.59792 6.59792 0.799999
      vertex 5.59965 5.59965 2.4
    endloop
  endfacet
  facet normal 0.570952 0.487637 0.660473
    outer loop
      vertex 5.59965 5.59965 2.4
      vertex 6.59792 6.59792 0.799999
      vertex 5.29272 5.95902 2.4
    endloop
  endfacet
  facet normal 0.287341 0.693694 0.660472
    outer loop
      vertex 6.82392 4.84654 2.4
      vertex 7.02822 6.28529 0.799999
      vertex 6.38729 5.0274 2.4
    endloop
  endfacet
  facet normal 0.0589113 0.748537 0.660471
    outer loop
      vertex 7.53406 6.12093 0.799999
      vertex 7.32886 4.72532 2.4
      vertex 7.8 6.1 0.799999
    endloop
  endfacet
  facet normal 0.0588314 0.748546 0.660468
    outer loop
      vertex 7.32886 4.72532 2.4
      vertex 7.53406 6.12093 0.799999
      vertex 7.31321 4.72655 2.4
    endloop
  endfacet
  facet normal 0.175272 0.730107 0.660472
    outer loop
      vertex 7.27467 6.1832 0.799999
      vertex 7.31321 4.72655 2.4
      vertex 7.53406 6.12093 0.799999
    endloop
  endfacet
  facet normal 0.175227 0.730113 0.660478
    outer loop
      vertex 7.31321 4.72655 2.4
      vertex 7.27467 6.1832 0.799999
      vertex 7.29796 4.73021 2.4
    endloop
  endfacet
  facet normal -0.392278 -0.640228 0.660474
    outer loop
      vertex 9.61567 10.3257 2.4
      vertex 9.21271 10.5726 2.4
      vertex 8.57178 9.31471 0.799999
    endloop
  endfacet
  facet normal -0.39234 -0.640183 0.660481
    outer loop
      vertex 9.61567 10.3257 2.4
      vertex 8.79923 9.17533 0.799999
      vertex 9.62905 10.3175 2.4
    endloop
  endfacet
  facet normal -0.392312 -0.640202 0.66048
    outer loop
      vertex 8.79923 9.17533 0.799999
      vertex 9.61567 10.3257 2.4
      vertex 8.57178 9.31471 0.799999
    endloop
  endfacet
  facet normal -0.730109 -0.175239 0.660479
    outer loop
      vertex 10.8698 8.30204 2.4
      vertex 10.7595 8.76159 2.4
      vertex 9.4168 8.32533 0.799999
    endloop
  endfacet
  facet normal -0.570701 -0.487942 0.660464
    outer loop
      vertex 10.3073 9.64098 2.4
      vertex 9.17533 8.79923 0.799999
      vertex 10.3175 9.62905 2.4
    endloop
  endfacet
  facet normal -0.570948 -0.487635 0.660477
    outer loop
      vertex 9.17533 8.79923 0.799999
      vertex 10.3073 9.64098 2.4
      vertex 9.00208 9.00208 0.799999
    endloop
  endfacet
  facet normal -0.487748 -0.570872 0.66046
    outer loop
      vertex 10.0003 10.0003 2.4
      vertex 9.64098 10.3073 2.4
      vertex 9.00208 9.00208 0.799999
    endloop
  endfacet
  facet normal -0.570872 -0.487748 0.66046
    outer loop
      vertex 10.3073 9.64098 2.4
      vertex 10.0003 10.0003 2.4
      vertex 9.00208 9.00208 0.799999
    endloop
  endfacet
  facet normal 0.693694 -0.287341 0.660472
    outer loop
      vertex 6.28529 8.57178 0.799999
      vertex 5.0274 9.21271 2.4
      vertex 4.84654 8.77608 2.4
    endloop
  endfacet
  facet normal 0.640208 -0.392313 0.660473
    outer loop
      vertex 6.28529 8.57178 0.799999
      vertex 5.27433 9.61567 2.4
      vertex 5.0274 9.21271 2.4
    endloop
  endfacet
  facet normal 0.748537 0.0589113 0.660471
    outer loop
      vertex 4.72532 7.32886 2.4
      vertex 6.12093 7.53406 0.799999
      vertex 6.1 7.8 0.799999
    endloop
  endfacet
  facet normal 0.748546 0.0588314 0.660468
    outer loop
      vertex 6.12093 7.53406 0.799999
      vertex 4.72532 7.32886 2.4
      vertex 4.72655 7.31321 2.4
    endloop
  endfacet
  facet normal 0.570951 -0.487638 0.660473
    outer loop
      vertex 5.29272 9.64098 2.4
      vertex 6.42467 8.79923 0.799999
      vertex 6.59792 9.00208 0.799999
    endloop
  endfacet
  facet normal 0.570932 -0.487661 0.660472
    outer loop
      vertex 6.42467 8.79923 0.799999
      vertex 5.29272 9.64098 2.4
      vertex 5.28253 9.62905 2.4
    endloop
  endfacet
  facet normal 0.287251 -0.693711 0.660493
    outer loop
      vertex 7.02822 9.31471 0.799999
      vertex 6.83841 10.7595 2.4
      vertex 6.82392 10.7535 2.4
    endloop
  endfacet
  facet normal 0.287353 -0.693682 0.660479
    outer loop
      vertex 6.83841 10.7595 2.4
      vertex 7.02822 9.31471 0.799999
      vertex 7.27467 9.4168 0.799999
    endloop
  endfacet
  facet normal 0.693694 0.287341 0.660472
    outer loop
      vertex 5.0274 6.38729 2.4
      vertex 6.28529 7.02822 0.799999
      vertex 4.84654 6.82392 2.4
    endloop
  endfacet
  facet normal 0.69369 0.287356 0.66047
    outer loop
      vertex 4.84054 6.83841 2.4
      vertex 6.28529 7.02822 0.799999
      vertex 6.1832 7.27467 0.799999
    endloop
  endfacet
  facet normal 0.693719 0.287254 0.660484
    outer loop
      vertex 6.28529 7.02822 0.799999
      vertex 4.84054 6.83841 2.4
      vertex 4.84654 6.82392 2.4
    endloop
  endfacet
  facet normal 0.392313 0.640208 0.660473
    outer loop
      vertex 6.38729 5.0274 2.4
      vertex 7.02822 6.28529 0.799999
      vertex 5.98433 5.27433 2.4
    endloop
  endfacet
  facet normal 0.392315 0.640207 0.660473
    outer loop
      vertex 6.80077 6.42467 0.799999
      vertex 5.98433 5.27433 2.4
      vertex 7.02822 6.28529 0.799999
    endloop
  endfacet
  facet normal 0.392343 0.640189 0.660474
    outer loop
      vertex 5.98433 5.27433 2.4
      vertex 6.80077 6.42467 0.799999
      vertex 5.97095 5.28253 2.4
    endloop
  endfacet
  facet normal -0.287353 -0.693682 0.660479
    outer loop
      vertex 8.57178 9.31471 0.799999
      vertex 8.76159 10.7595 2.4
      vertex 8.32533 9.4168 0.799999
    endloop
  endfacet
  facet normal -0.287251 -0.693711 0.660493
    outer loop
      vertex 8.76159 10.7595 2.4
      vertex 8.57178 9.31471 0.799999
      vertex 8.77608 10.7535 2.4
    endloop
  endfacet
  facet normal -0.640228 -0.392278 0.660474
    outer loop
      vertex 10.5726 9.21271 2.4
      vertex 10.3257 9.61567 2.4
      vertex 9.31471 8.57178 0.799999
    endloop
  endfacet
  facet normal -0.287394 -0.69367 0.660475
    outer loop
      vertex 9.21271 10.5726 2.4
      vertex 8.77608 10.7535 2.4
      vertex 8.57178 9.31471 0.799999
    endloop
  endfacet
  facet normal -0.487942 -0.570701 0.660464
    outer loop
      vertex 8.79923 9.17533 0.799999
      vertex 9.64098 10.3073 2.4
      vertex 9.62905 10.3175 2.4
    endloop
  endfacet
  facet normal -0.487635 -0.570948 0.660477
    outer loop
      vertex 9.64098 10.3073 2.4
      vertex 8.79923 9.17533 0.799999
      vertex 9.00208 9.00208 0.799999
    endloop
  endfacet
  facet normal 0.730113 -0.175227 0.660478
    outer loop
      vertex 4.72655 8.28679 2.4
      vertex 6.1832 8.32533 0.799999
      vertex 4.73021 8.30204 2.4
    endloop
  endfacet
  facet normal 0.730107 -0.175272 0.660472
    outer loop
      vertex 6.1832 8.32533 0.799999
      vertex 4.72655 8.28679 2.4
      vertex 6.12093 8.06594 0.799999
    endloop
  endfacet
  facet normal 0.748537 0.0589119 0.660471
    outer loop
      vertex 4.72532 7.32886 2.4
      vertex 6.1 7.8 0.799999
      vertex 4.68824 7.8 2.4
    endloop
  endfacet
  facet normal 0.748537 -0.0589119 0.660471
    outer loop
      vertex 6.1 7.8 0.799999
      vertex 4.72532 8.27114 2.4
      vertex 4.68824 7.8 2.4
    endloop
  endfacet
  facet normal 0.748546 -0.0588314 0.660468
    outer loop
      vertex 4.72532 8.27114 2.4
      vertex 6.12093 8.06594 0.799999
      vertex 4.72655 8.28679 2.4
    endloop
  endfacet
  facet normal 0.748537 -0.0589113 0.660471
    outer loop
      vertex 6.12093 8.06594 0.799999
      vertex 4.72532 8.27114 2.4
      vertex 6.1 7.8 0.799999
    endloop
  endfacet
  facet normal 0.487942 -0.570701 0.660464
    outer loop
      vertex 5.95902 10.3073 2.4
      vertex 6.80077 9.17533 0.799999
      vertex 5.97095 10.3175 2.4
    endloop
  endfacet
  facet normal 0.487635 -0.570948 0.660477
    outer loop
      vertex 6.80077 9.17533 0.799999
      vertex 5.95902 10.3073 2.4
      vertex 6.59792 9.00208 0.799999
    endloop
  endfacet
  facet normal 0.175239 -0.730109 0.660479
    outer loop
      vertex 7.27467 9.4168 0.799999
      vertex 7.29796 10.8698 2.4
      vertex 6.83841 10.7595 2.4
    endloop
  endfacet
  facet normal 0.177085 -0.729878 0.660242
    outer loop
      vertex 7.27467 9.4168 0.799999
      vertex 7.31321 10.8735 2.4
      vertex 7.29796 10.8698 2.4
    endloop
  endfacet
  facet normal 0.175269 -0.730096 0.660485
    outer loop
      vertex 7.31321 10.8735 2.4
      vertex 7.27467 9.4168 0.799999
      vertex 7.53406 9.47907 0.799999
    endloop
  endfacet
  facet normal 0.287394 -0.69367 0.660475
    outer loop
      vertex 7.02822 9.31471 0.799999
      vertex 6.82392 10.7535 2.4
      vertex 6.38729 10.5726 2.4
    endloop
  endfacet
  facet normal 0.392278 -0.640228 0.660474
    outer loop
      vertex 7.02822 9.31471 0.799999
      vertex 6.38729 10.5726 2.4
      vertex 5.98433 10.3257 2.4
    endloop
  endfacet
  facet normal 0.640207 0.392315 0.660473
    outer loop
      vertex 5.27433 5.98433 2.4
      vertex 6.42467 6.80077 0.799999
      vertex 6.28529 7.02822 0.799999
    endloop
  endfacet
  facet normal 0.640189 0.392343 0.660474
    outer loop
      vertex 6.42467 6.80077 0.799999
      vertex 5.27433 5.98433 2.4
      vertex 5.28253 5.97095 2.4
    endloop
  endfacet
  facet normal -0.058911 -0.748532 0.660476
    outer loop
      vertex 8.06594 9.47907 0.799999
      vertex 8.27114 10.8747 2.4
      vertex 7.8 9.5 0.799999
    endloop
  endfacet
  facet normal -0.0574079 -0.748694 0.660425
    outer loop
      vertex 8.27114 10.8747 2.4
      vertex 8.06594 9.47907 0.799999
      vertex 8.28679 10.8735 2.4
    endloop
  endfacet
  facet normal -0.69367 -0.287394 0.660475
    outer loop
      vertex 10.7535 8.77608 2.4
      vertex 10.5726 9.21271 2.4
      vertex 9.31471 8.57178 0.799999
    endloop
  endfacet
  facet normal -0.693711 -0.287251 0.660493
    outer loop
      vertex 9.31471 8.57178 0.799999
      vertex 10.7595 8.76159 2.4
      vertex 10.7535 8.77608 2.4
    endloop
  endfacet
  facet normal -0.693682 -0.287353 0.660479
    outer loop
      vertex 10.7595 8.76159 2.4
      vertex 9.31471 8.57178 0.799999
      vertex 9.4168 8.32533 0.799999
    endloop
  endfacet
  facet normal -0.175269 -0.730096 0.660485
    outer loop
      vertex 8.32533 9.4168 0.799999
      vertex 8.28679 10.8735 2.4
      vertex 8.06594 9.47907 0.799999
    endloop
  endfacet
  facet normal -0.177085 -0.729878 0.660242
    outer loop
      vertex 8.28679 10.8735 2.4
      vertex 8.32533 9.4168 0.799999
      vertex 8.30204 10.8698 2.4
    endloop
  endfacet
  facet normal -0.175239 -0.730109 0.660479
    outer loop
      vertex 8.32533 9.4168 0.799999
      vertex 8.76159 10.7595 2.4
      vertex 8.30204 10.8698 2.4
    endloop
  endfacet
  facet normal -0.640183 -0.39234 0.660481
    outer loop
      vertex 9.17533 8.79923 0.799999
      vertex 10.3257 9.61567 2.4
      vertex 10.3175 9.62905 2.4
    endloop
  endfacet
  facet normal -0.640202 -0.392312 0.66048
    outer loop
      vertex 10.3257 9.61567 2.4
      vertex 9.17533 8.79923 0.799999
      vertex 9.31471 8.57178 0.799999
    endloop
  endfacet
  facet normal -0.996916 -0.0784711 0
    outer loop
      vertex 9.5 67.6 0
      vertex 9.47907 67.8659 0.799999
      vertex 9.47907 67.8659 0
    endloop
  endfacet
  facet normal -0.996916 -0.0784711 0
    outer loop
      vertex 9.47907 67.8659 0.799999
      vertex 9.5 67.6 0
      vertex 9.5 67.6 0.799999
    endloop
  endfacet
  facet normal 0.996916 -0.0784711 0
    outer loop
      vertex 6.1 67.6 0.799999
      vertex 6.12093 67.8659 0
      vertex 6.12093 67.8659 0.799999
    endloop
  endfacet
  facet normal 0.996916 -0.0784711 0
    outer loop
      vertex 6.12093 67.8659 0
      vertex 6.1 67.6 0.799999
      vertex 6.1 67.6 0
    endloop
  endfacet
  facet normal -0.0783476 -0.996926 0
    outer loop
      vertex 7.8 69.3 0
      vertex 8.06594 69.2791 0.799999
      vertex 7.8 69.3 0.799999
    endloop
  endfacet
  facet normal -0.0783476 -0.996926 -0
    outer loop
      vertex 8.06594 69.2791 0.799999
      vertex 7.8 69.3 0
      vertex 8.06594 69.2791 0
    endloop
  endfacet
  facet normal 0.0783476 0.996926 -0
    outer loop
      vertex 7.8 65.9 0
      vertex 7.53406 65.9209 0.799999
      vertex 7.8 65.9 0.799999
    endloop
  endfacet
  facet normal 0.0783476 0.996926 0
    outer loop
      vertex 7.53406 65.9209 0.799999
      vertex 7.8 65.9 0
      vertex 7.53406 65.9209 0
    endloop
  endfacet
  facet normal -0.760485 -0.649355 0
    outer loop
      vertex 9.17533 68.5992 0
      vertex 9.00208 68.8021 0.799999
      vertex 9.00208 68.8021 0
    endloop
  endfacet
  facet normal -0.760485 -0.649355 0
    outer loop
      vertex 9.00208 68.8021 0.799999
      vertex 9.17533 68.5992 0
      vertex 9.17533 68.5992 0.799999
    endloop
  endfacet
  facet normal 0.649339 -0.760499 0
    outer loop
      vertex 6.59792 68.8021 0
      vertex 6.80077 68.9753 0.799999
      vertex 6.59792 68.8021 0.799999
    endloop
  endfacet
  facet normal 0.649339 -0.760499 0
    outer loop
      vertex 6.80077 68.9753 0.799999
      vertex 6.59792 68.8021 0
      vertex 6.80077 68.9753 0
    endloop
  endfacet
  facet normal 0.382738 -0.923857 0
    outer loop
      vertex 7.02822 69.1147 0
      vertex 7.27467 69.2168 0.799999
      vertex 7.02822 69.1147 0.799999
    endloop
  endfacet
  facet normal 0.382738 -0.923857 0
    outer loop
      vertex 7.27467 69.2168 0.799999
      vertex 7.02822 69.1147 0
      vertex 7.27467 69.2168 0
    endloop
  endfacet
  facet normal -0.760485 0.649355 0
    outer loop
      vertex 9.00208 66.3979 0
      vertex 9.17533 66.6008 0.799999
      vertex 9.17533 66.6008 0
    endloop
  endfacet
  facet normal -0.760485 0.649355 0
    outer loop
      vertex 9.17533 66.6008 0.799999
      vertex 9.00208 66.3979 0
      vertex 9.00208 66.3979 0.799999
    endloop
  endfacet
  facet normal -0.852592 0.522578 0
    outer loop
      vertex 9.17533 66.6008 0
      vertex 9.31471 66.8282 0.799999
      vertex 9.31471 66.8282 0
    endloop
  endfacet
  facet normal -0.852592 0.522578 0
    outer loop
      vertex 9.31471 66.8282 0.799999
      vertex 9.17533 66.6008 0
      vertex 9.17533 66.6008 0.799999
    endloop
  endfacet
  facet normal -0.923898 -0.38264 0
    outer loop
      vertex 9.4168 68.1253 0
      vertex 9.31471 68.3718 0.799999
      vertex 9.31471 68.3718 0
    endloop
  endfacet
  facet normal -0.923898 -0.38264 0
    outer loop
      vertex 9.31471 68.3718 0.799999
      vertex 9.4168 68.1253 0
      vertex 9.4168 68.1253 0.799999
    endloop
  endfacet
  facet normal -0.972375 -0.233423 0
    outer loop
      vertex 9.47907 67.8659 0
      vertex 9.4168 68.1253 0.799999
      vertex 9.4168 68.1253 0
    endloop
  endfacet
  facet normal -0.972375 -0.233423 0
    outer loop
      vertex 9.4168 68.1253 0.799999
      vertex 9.47907 67.8659 0
      vertex 9.47907 67.8659 0.799999
    endloop
  endfacet
  facet normal -0.852592 -0.522578 0
    outer loop
      vertex 9.31471 68.3718 0
      vertex 9.17533 68.5992 0.799999
      vertex 9.17533 68.5992 0
    endloop
  endfacet
  facet normal -0.852592 -0.522578 0
    outer loop
      vertex 9.17533 68.5992 0.799999
      vertex 9.31471 68.3718 0
      vertex 9.31471 68.3718 0.799999
    endloop
  endfacet
  facet normal -0.522549 -0.852609 0
    outer loop
      vertex 8.57178 69.1147 0
      vertex 8.79923 68.9753 0.799999
      vertex 8.57178 69.1147 0.799999
    endloop
  endfacet
  facet normal -0.522549 -0.852609 -0
    outer loop
      vertex 8.79923 68.9753 0.799999
      vertex 8.57178 69.1147 0
      vertex 8.79923 68.9753 0
    endloop
  endfacet
  facet normal -0.382738 -0.923857 0
    outer loop
      vertex 8.32533 69.2168 0
      vertex 8.57178 69.1147 0.799999
      vertex 8.32533 69.2168 0.799999
    endloop
  endfacet
  facet normal -0.382738 -0.923857 -0
    outer loop
      vertex 8.57178 69.1147 0.799999
      vertex 8.32533 69.2168 0
      vertex 8.57178 69.1147 0
    endloop
  endfacet
  facet normal -0.649339 -0.760499 0
    outer loop
      vertex 8.79923 68.9753 0
      vertex 9.00208 68.8021 0.799999
      vertex 8.79923 68.9753 0.799999
    endloop
  endfacet
  facet normal -0.649339 -0.760499 -0
    outer loop
      vertex 9.00208 68.8021 0.799999
      vertex 8.79923 68.9753 0
      vertex 9.00208 68.8021 0
    endloop
  endfacet
  facet normal 0.852592 -0.522578 0
    outer loop
      vertex 6.28529 68.3718 0.799999
      vertex 6.42467 68.5992 0
      vertex 6.42467 68.5992 0.799999
    endloop
  endfacet
  facet normal 0.852592 -0.522578 0
    outer loop
      vertex 6.42467 68.5992 0
      vertex 6.28529 68.3718 0.799999
      vertex 6.28529 68.3718 0
    endloop
  endfacet
  facet normal 0.760485 -0.649355 0
    outer loop
      vertex 6.42467 68.5992 0.799999
      vertex 6.59792 68.8021 0
      vertex 6.59792 68.8021 0.799999
    endloop
  endfacet
  facet normal 0.760485 -0.649355 0
    outer loop
      vertex 6.59792 68.8021 0
      vertex 6.42467 68.5992 0.799999
      vertex 6.42467 68.5992 0
    endloop
  endfacet
  facet normal 0.923898 -0.38264 0
    outer loop
      vertex 6.1832 68.1253 0.799999
      vertex 6.28529 68.3718 0
      vertex 6.28529 68.3718 0.799999
    endloop
  endfacet
  facet normal 0.923898 -0.38264 0
    outer loop
      vertex 6.28529 68.3718 0
      vertex 6.1832 68.1253 0.799999
      vertex 6.1832 68.1253 0
    endloop
  endfacet
  facet normal 0.522549 -0.852609 0
    outer loop
      vertex 6.80077 68.9753 0
      vertex 7.02822 69.1147 0.799999
      vertex 6.80077 68.9753 0.799999
    endloop
  endfacet
  facet normal 0.522549 -0.852609 0
    outer loop
      vertex 7.02822 69.1147 0.799999
      vertex 6.80077 68.9753 0
      vertex 7.02822 69.1147 0
    endloop
  endfacet
  facet normal 0.233537 -0.972348 0
    outer loop
      vertex 7.27467 69.2168 0
      vertex 7.53406 69.2791 0.799999
      vertex 7.27467 69.2168 0.799999
    endloop
  endfacet
  facet normal 0.233537 -0.972348 0
    outer loop
      vertex 7.53406 69.2791 0.799999
      vertex 7.27467 69.2168 0
      vertex 7.53406 69.2791 0
    endloop
  endfacet
  facet normal 0.649339 0.760499 -0
    outer loop
      vertex 6.80077 66.2247 0
      vertex 6.59792 66.3979 0.799999
      vertex 6.80077 66.2247 0.799999
    endloop
  endfacet
  facet normal 0.649339 0.760499 0
    outer loop
      vertex 6.59792 66.3979 0.799999
      vertex 6.80077 66.2247 0
      vertex 6.59792 66.3979 0
    endloop
  endfacet
  facet normal 0.382738 0.923857 -0
    outer loop
      vertex 7.27467 65.9832 0
      vertex 7.02822 66.0853 0.799999
      vertex 7.27467 65.9832 0.799999
    endloop
  endfacet
  facet normal 0.382738 0.923857 0
    outer loop
      vertex 7.02822 66.0853 0.799999
      vertex 7.27467 65.9832 0
      vertex 7.02822 66.0853 0
    endloop
  endfacet
  facet normal 0.852592 0.522578 0
    outer loop
      vertex 6.42467 66.6008 0.799999
      vertex 6.28529 66.8282 0
      vertex 6.28529 66.8282 0.799999
    endloop
  endfacet
  facet normal 0.852592 0.522578 0
    outer loop
      vertex 6.28529 66.8282 0
      vertex 6.42467 66.6008 0.799999
      vertex 6.42467 66.6008 0
    endloop
  endfacet
  facet normal -0.233537 -0.972348 0
    outer loop
      vertex 8.06594 69.2791 0
      vertex 8.32533 69.2168 0.799999
      vertex 8.06594 69.2791 0.799999
    endloop
  endfacet
  facet normal -0.233537 -0.972348 -0
    outer loop
      vertex 8.32533 69.2168 0.799999
      vertex 8.06594 69.2791 0
      vertex 8.32533 69.2168 0
    endloop
  endfacet
  facet normal 0.972375 -0.233423 0
    outer loop
      vertex 6.12093 67.8659 0.799999
      vertex 6.1832 68.1253 0
      vertex 6.1832 68.1253 0.799999
    endloop
  endfacet
  facet normal 0.972375 -0.233423 0
    outer loop
      vertex 6.1832 68.1253 0
      vertex 6.12093 67.8659 0.799999
      vertex 6.12093 67.8659 0
    endloop
  endfacet
  facet normal 0.0783476 -0.996926 0
    outer loop
      vertex 7.53406 69.2791 0
      vertex 7.8 69.3 0.799999
      vertex 7.53406 69.2791 0.799999
    endloop
  endfacet
  facet normal 0.0783476 -0.996926 0
    outer loop
      vertex 7.8 69.3 0.799999
      vertex 7.53406 69.2791 0
      vertex 7.8 69.3 0
    endloop
  endfacet
  facet normal -0.996916 0.0784711 0
    outer loop
      vertex 9.47907 67.3341 0
      vertex 9.5 67.6 0.799999
      vertex 9.5 67.6 0
    endloop
  endfacet
  facet normal -0.996916 0.0784711 0
    outer loop
      vertex 9.5 67.6 0.799999
      vertex 9.47907 67.3341 0
      vertex 9.47907 67.3341 0.799999
    endloop
  endfacet
  facet normal -0.0783476 0.996926 0
    outer loop
      vertex 8.06594 65.9209 0
      vertex 7.8 65.9 0.799999
      vertex 8.06594 65.9209 0.799999
    endloop
  endfacet
  facet normal -0.0783476 0.996926 0
    outer loop
      vertex 7.8 65.9 0.799999
      vertex 8.06594 65.9209 0
      vertex 7.8 65.9 0
    endloop
  endfacet
  facet normal -0.382738 0.923857 0
    outer loop
      vertex 8.57178 66.0853 0
      vertex 8.32533 65.9832 0.799999
      vertex 8.57178 66.0853 0.799999
    endloop
  endfacet
  facet normal -0.382738 0.923857 0
    outer loop
      vertex 8.32533 65.9832 0.799999
      vertex 8.57178 66.0853 0
      vertex 8.32533 65.9832 0
    endloop
  endfacet
  facet normal -0.522549 0.852609 0
    outer loop
      vertex 8.79923 66.2247 0
      vertex 8.57178 66.0853 0.799999
      vertex 8.79923 66.2247 0.799999
    endloop
  endfacet
  facet normal -0.522549 0.852609 0
    outer loop
      vertex 8.57178 66.0853 0.799999
      vertex 8.79923 66.2247 0
      vertex 8.57178 66.0853 0
    endloop
  endfacet
  facet normal -0.923898 0.38264 0
    outer loop
      vertex 9.31471 66.8282 0
      vertex 9.4168 67.0747 0.799999
      vertex 9.4168 67.0747 0
    endloop
  endfacet
  facet normal -0.923898 0.38264 0
    outer loop
      vertex 9.4168 67.0747 0.799999
      vertex 9.31471 66.8282 0
      vertex 9.31471 66.8282 0.799999
    endloop
  endfacet
  facet normal -0.972375 0.233423 0
    outer loop
      vertex 9.4168 67.0747 0
      vertex 9.47907 67.3341 0.799999
      vertex 9.47907 67.3341 0
    endloop
  endfacet
  facet normal -0.972375 0.233423 0
    outer loop
      vertex 9.47907 67.3341 0.799999
      vertex 9.4168 67.0747 0
      vertex 9.4168 67.0747 0.799999
    endloop
  endfacet
  facet normal 0.522549 0.852609 -0
    outer loop
      vertex 7.02822 66.0853 0
      vertex 6.80077 66.2247 0.799999
      vertex 7.02822 66.0853 0.799999
    endloop
  endfacet
  facet normal 0.522549 0.852609 0
    outer loop
      vertex 6.80077 66.2247 0.799999
      vertex 7.02822 66.0853 0
      vertex 6.80077 66.2247 0
    endloop
  endfacet
  facet normal 0.233537 0.972348 -0
    outer loop
      vertex 7.53406 65.9209 0
      vertex 7.27467 65.9832 0.799999
      vertex 7.53406 65.9209 0.799999
    endloop
  endfacet
  facet normal 0.233537 0.972348 0
    outer loop
      vertex 7.27467 65.9832 0.799999
      vertex 7.53406 65.9209 0
      vertex 7.27467 65.9832 0
    endloop
  endfacet
  facet normal 0.760485 0.649355 0
    outer loop
      vertex 6.59792 66.3979 0.799999
      vertex 6.42467 66.6008 0
      vertex 6.42467 66.6008 0.799999
    endloop
  endfacet
  facet normal 0.760485 0.649355 0
    outer loop
      vertex 6.42467 66.6008 0
      vertex 6.59792 66.3979 0.799999
      vertex 6.59792 66.3979 0
    endloop
  endfacet
  facet normal 0.923898 0.38264 0
    outer loop
      vertex 6.28529 66.8282 0.799999
      vertex 6.1832 67.0747 0
      vertex 6.1832 67.0747 0.799999
    endloop
  endfacet
  facet normal 0.923898 0.38264 0
    outer loop
      vertex 6.1832 67.0747 0
      vertex 6.28529 66.8282 0.799999
      vertex 6.28529 66.8282 0
    endloop
  endfacet
  facet normal 0.996916 0.0784711 0
    outer loop
      vertex 6.12093 67.3341 0.799999
      vertex 6.1 67.6 0
      vertex 6.1 67.6 0.799999
    endloop
  endfacet
  facet normal 0.996916 0.0784711 0
    outer loop
      vertex 6.1 67.6 0
      vertex 6.12093 67.3341 0.799999
      vertex 6.12093 67.3341 0
    endloop
  endfacet
  facet normal -0.233537 0.972348 0
    outer loop
      vertex 8.32533 65.9832 0
      vertex 8.06594 65.9209 0.799999
      vertex 8.32533 65.9832 0.799999
    endloop
  endfacet
  facet normal -0.233537 0.972348 0
    outer loop
      vertex 8.06594 65.9209 0.799999
      vertex 8.32533 65.9832 0
      vertex 8.06594 65.9209 0
    endloop
  endfacet
  facet normal -0.649339 0.760499 0
    outer loop
      vertex 9.00208 66.3979 0
      vertex 8.79923 66.2247 0.799999
      vertex 9.00208 66.3979 0.799999
    endloop
  endfacet
  facet normal -0.649339 0.760499 0
    outer loop
      vertex 8.79923 66.2247 0.799999
      vertex 9.00208 66.3979 0
      vertex 8.79923 66.2247 0
    endloop
  endfacet
  facet normal 0.972375 0.233423 0
    outer loop
      vertex 6.1832 67.0747 0.799999
      vertex 6.12093 67.3341 0
      vertex 6.12093 67.3341 0.799999
    endloop
  endfacet
  facet normal 0.972375 0.233423 0
    outer loop
      vertex 6.12093 67.3341 0
      vertex 6.1832 67.0747 0.799999
      vertex 6.1832 67.0747 0
    endloop
  endfacet
  facet normal -0.0589428 0.748526 0.66048
    outer loop
      vertex 8.27114 64.5253 2.4
      vertex 7.8 65.9 0.799999
      vertex 7.8 64.4882 2.4
    endloop
  endfacet
  facet normal -0.748526 -0.0589478 0.66048
    outer loop
      vertex 10.9118 67.6 2.4
      vertex 10.8747 68.0711 2.4
      vertex 9.5 67.6 0.799999
    endloop
  endfacet
  facet normal -0.748714 -0.0572265 0.660419
    outer loop
      vertex 9.47907 67.8659 0.799999
      vertex 10.8747 68.0711 2.4
      vertex 10.8735 68.0868 2.4
    endloop
  endfacet
  facet normal -0.748531 -0.0589197 0.660477
    outer loop
      vertex 10.8747 68.0711 2.4
      vertex 9.47907 67.8659 0.799999
      vertex 9.5 67.6 0.799999
    endloop
  endfacet
  facet normal -0.730112 0.17522 0.660481
    outer loop
      vertex 10.7595 66.6384 2.4
      vertex 10.8698 67.098 2.4
      vertex 9.4168 67.0747 0.799999
    endloop
  endfacet
  facet normal 0.730043 0.175787 0.660406
    outer loop
      vertex 6.1832 67.0747 0.799999
      vertex 4.72655 67.1132 2.4
      vertex 4.73021 67.098 2.4
    endloop
  endfacet
  facet normal 0.730106 0.175265 0.660475
    outer loop
      vertex 4.72655 67.1132 2.4
      vertex 6.1832 67.0747 0.799999
      vertex 6.12093 67.3341 0.799999
    endloop
  endfacet
  facet normal 0.639081 -0.39402 0.660548
    outer loop
      vertex 5.27433 69.4157 2.4
      vertex 6.42467 68.5992 0.799999
      vertex 5.28253 69.429 2.4
    endloop
  endfacet
  facet normal 0.64016 -0.392373 0.660484
    outer loop
      vertex 6.42467 68.5992 0.799999
      vertex 5.27433 69.4157 2.4
      vertex 6.28529 68.3718 0.799999
    endloop
  endfacet
  facet normal -0.693665 0.287412 0.660472
    outer loop
      vertex 10.5726 66.1873 2.4
      vertex 10.7535 66.6239 2.4
      vertex 9.31471 66.8282 0.799999
    endloop
  endfacet
  facet normal -0.693698 0.287301 0.660486
    outer loop
      vertex 9.31471 66.8282 0.799999
      vertex 10.7595 66.6384 2.4
      vertex 9.4168 67.0747 0.799999
    endloop
  endfacet
  facet normal -0.693762 0.287074 0.660517
    outer loop
      vertex 10.7595 66.6384 2.4
      vertex 9.31471 66.8282 0.799999
      vertex 10.7535 66.6239 2.4
    endloop
  endfacet
  facet normal -0.748526 0.0589478 0.66048
    outer loop
      vertex 10.8747 67.1289 2.4
      vertex 10.9118 67.6 2.4
      vertex 9.5 67.6 0.799999
    endloop
  endfacet
  facet normal -0.0621495 0.748184 0.660574
    outer loop
      vertex 8.06594 65.9209 0.799999
      vertex 8.27114 64.5253 2.4
      vertex 8.28679 64.5266 2.4
    endloop
  endfacet
  facet normal -0.0588278 0.748548 0.660466
    outer loop
      vertex 8.27114 64.5253 2.4
      vertex 8.06594 65.9209 0.799999
      vertex 7.8 65.9 0.799999
    endloop
  endfacet
  facet normal -0.487751 0.570875 0.660456
    outer loop
      vertex 9.64098 65.0927 2.4
      vertex 10.0003 65.3997 2.4
      vertex 9.00208 66.3979 0.799999
    endloop
  endfacet
  facet normal 0.175239 0.730109 0.660479
    outer loop
      vertex 7.29796 64.5302 2.4
      vertex 7.27467 65.9832 0.799999
      vertex 6.83841 64.6405 2.4
    endloop
  endfacet
  facet normal 0.571003 0.487561 0.660484
    outer loop
      vertex 6.42467 66.6008 0.799999
      vertex 5.29272 65.759 2.4
      vertex 6.59792 66.3979 0.799999
    endloop
  endfacet
  facet normal 0.572285 0.485965 0.660551
    outer loop
      vertex 5.29272 65.759 2.4
      vertex 6.42467 66.6008 0.799999
      vertex 5.28253 65.771 2.4
    endloop
  endfacet
  facet normal -0.175239 -0.730109 0.660479
    outer loop
      vertex 8.32533 69.2168 0.799999
      vertex 8.76159 70.5595 2.4
      vertex 8.30204 70.6698 2.4
    endloop
  endfacet
  facet normal 0.570911 -0.487697 0.660464
    outer loop
      vertex 6.59792 68.8021 0.799999
      vertex 5.59965 69.8003 2.4
      vertex 5.29272 69.441 2.4
    endloop
  endfacet
  facet normal -0.730095 0.175262 0.660488
    outer loop
      vertex 9.4168 67.0747 0.799999
      vertex 10.8735 67.1132 2.4
      vertex 9.47907 67.3341 0.799999
    endloop
  endfacet
  facet normal -0.729807 0.17765 0.660168
    outer loop
      vertex 10.8735 67.1132 2.4
      vertex 9.4168 67.0747 0.799999
      vertex 10.8698 67.098 2.4
    endloop
  endfacet
  facet normal -0.57086 0.487765 0.660457
    outer loop
      vertex 10.0003 65.3997 2.4
      vertex 10.3073 65.759 2.4
      vertex 9.00208 66.3979 0.799999
    endloop
  endfacet
  facet normal -0.640155 0.39237 0.66049
    outer loop
      vertex 9.17533 66.6008 0.799999
      vertex 10.3257 65.7843 2.4
      vertex 9.31471 66.8282 0.799999
    endloop
  endfacet
  facet normal -0.639076 0.394017 0.660555
    outer loop
      vertex 10.3257 65.7843 2.4
      vertex 9.17533 66.6008 0.799999
      vertex 10.3175 65.771 2.4
    endloop
  endfacet
  facet normal -0.172435 0.730455 0.660834
    outer loop
      vertex 8.32533 65.9832 0.799999
      vertex 8.28679 64.5266 2.4
      vertex 8.30204 64.5302 2.4
    endloop
  endfacet
  facet normal -0.175357 0.730108 0.660448
    outer loop
      vertex 8.28679 64.5266 2.4
      vertex 8.32533 65.9832 0.799999
      vertex 8.06594 65.9209 0.799999
    endloop
  endfacet
  facet normal -0.392277 0.640226 0.660476
    outer loop
      vertex 9.21271 64.8274 2.4
      vertex 9.61567 65.0743 2.4
      vertex 8.57178 66.0853 0.799999
    endloop
  endfacet
  facet normal 0.730108 0.175267 0.660472
    outer loop
      vertex 4.84054 66.6384 2.4
      vertex 6.1832 67.0747 0.799999
      vertex 4.73021 67.098 2.4
    endloop
  endfacet
  facet normal 0.487548 0.571012 0.660486
    outer loop
      vertex 5.95902 65.0927 2.4
      vertex 6.80077 66.2247 0.799999
      vertex 6.59792 66.3979 0.799999
    endloop
  endfacet
  facet normal 0.487939 0.570697 0.66047
    outer loop
      vertex 6.80077 66.2247 0.799999
      vertex 5.95902 65.0927 2.4
      vertex 5.97095 65.0825 2.4
    endloop
  endfacet
  facet normal 0.392277 0.640226 0.660476
    outer loop
      vertex 6.38729 64.8274 2.4
      vertex 7.02822 66.0853 0.799999
      vertex 5.98433 65.0743 2.4
    endloop
  endfacet
  facet normal 0.392349 0.64017 0.660488
    outer loop
      vertex 6.80077 66.2247 0.799999
      vertex 5.98433 65.0743 2.4
      vertex 7.02822 66.0853 0.799999
    endloop
  endfacet
  facet normal 0.392337 0.640178 0.660487
    outer loop
      vertex 5.98433 65.0743 2.4
      vertex 6.80077 66.2247 0.799999
      vertex 5.97095 65.0825 2.4
    endloop
  endfacet
  facet normal 0.0589428 0.748526 0.66048
    outer loop
      vertex 7.8 64.4882 2.4
      vertex 7.8 65.9 0.799999
      vertex 7.32886 64.5253 2.4
    endloop
  endfacet
  facet normal -0.287393 -0.693668 0.660477
    outer loop
      vertex 9.21271 70.3726 2.4
      vertex 8.77608 70.5535 2.4
      vertex 8.57178 69.1147 0.799999
    endloop
  endfacet
  facet normal -0.729807 -0.17765 0.660168
    outer loop
      vertex 9.4168 68.1253 0.799999
      vertex 10.8735 68.0868 2.4
      vertex 10.8698 68.102 2.4
    endloop
  endfacet
  facet normal -0.730095 -0.175262 0.660488
    outer loop
      vertex 10.8735 68.0868 2.4
      vertex 9.4168 68.1253 0.799999
      vertex 9.47907 67.8659 0.799999
    endloop
  endfacet
  facet normal 0.748537 -0.0589169 0.660471
    outer loop
      vertex 6.1 67.6 0.799999
      vertex 4.72532 68.0711 2.4
      vertex 4.68824 67.6 2.4
    endloop
  endfacet
  facet normal 0.175239 -0.730109 0.660479
    outer loop
      vertex 7.27467 69.2168 0.799999
      vertex 7.29796 70.6698 2.4
      vertex 6.83841 70.5595 2.4
    endloop
  endfacet
  facet normal 0.287393 -0.693668 0.660477
    outer loop
      vertex 7.02822 69.1147 0.799999
      vertex 6.82392 70.5535 2.4
      vertex 6.38729 70.3726 2.4
    endloop
  endfacet
  facet normal 0.487708 -0.570904 0.660462
    outer loop
      vertex 6.59792 68.8021 0.799999
      vertex 5.95902 70.1073 2.4
      vertex 5.59965 69.8003 2.4
    endloop
  endfacet
  facet normal 0.487939 -0.570697 0.66047
    outer loop
      vertex 5.95902 70.1073 2.4
      vertex 6.80077 68.9753 0.799999
      vertex 5.97095 70.1175 2.4
    endloop
  endfacet
  facet normal 0.487548 -0.571012 0.660486
    outer loop
      vertex 6.80077 68.9753 0.799999
      vertex 5.95902 70.1073 2.4
      vertex 6.59792 68.8021 0.799999
    endloop
  endfacet
  facet normal -0.748531 0.0589197 0.660477
    outer loop
      vertex 9.47907 67.3341 0.799999
      vertex 10.8747 67.1289 2.4
      vertex 9.5 67.6 0.799999
    endloop
  endfacet
  facet normal -0.748714 0.0572265 0.660419
    outer loop
      vertex 10.8747 67.1289 2.4
      vertex 9.47907 67.3341 0.799999
      vertex 10.8735 67.1132 2.4
    endloop
  endfacet
  facet normal -0.640248 0.392251 0.660471
    outer loop
      vertex 10.3257 65.7843 2.4
      vertex 10.5726 66.1873 2.4
      vertex 9.31471 66.8282 0.799999
    endloop
  endfacet
  facet normal -0.572055 0.486246 0.660544
    outer loop
      vertex 9.17533 66.6008 0.799999
      vertex 10.3073 65.759 2.4
      vertex 10.3175 65.771 2.4
    endloop
  endfacet
  facet normal -0.571 0.487559 0.660488
    outer loop
      vertex 10.3073 65.759 2.4
      vertex 9.17533 66.6008 0.799999
      vertex 9.00208 66.3979 0.799999
    endloop
  endfacet
  facet normal -0.28725 0.693709 0.660496
    outer loop
      vertex 8.57178 66.0853 0.799999
      vertex 8.76159 64.6405 2.4
      vertex 8.77608 64.6465 2.4
    endloop
  endfacet
  facet normal -0.287377 0.693673 0.660478
    outer loop
      vertex 8.76159 64.6405 2.4
      vertex 8.57178 66.0853 0.799999
      vertex 8.32533 65.9832 0.799999
    endloop
  endfacet
  facet normal -0.175239 0.730109 0.660479
    outer loop
      vertex 8.76159 64.6405 2.4
      vertex 8.32533 65.9832 0.799999
      vertex 8.30204 64.5302 2.4
    endloop
  endfacet
  facet normal -0.487548 0.571012 0.660486
    outer loop
      vertex 8.79923 66.2247 0.799999
      vertex 9.64098 65.0927 2.4
      vertex 9.00208 66.3979 0.799999
    endloop
  endfacet
  facet normal -0.487939 0.570697 0.66047
    outer loop
      vertex 9.64098 65.0927 2.4
      vertex 8.79923 66.2247 0.799999
      vertex 9.62905 65.0825 2.4
    endloop
  endfacet
  facet normal -0.392337 0.640178 0.660487
    outer loop
      vertex 8.79923 66.2247 0.799999
      vertex 9.61567 65.0743 2.4
      vertex 9.62905 65.0825 2.4
    endloop
  endfacet
  facet normal -0.392349 0.64017 0.660488
    outer loop
      vertex 9.61567 65.0743 2.4
      vertex 8.79923 66.2247 0.799999
      vertex 8.57178 66.0853 0.799999
    endloop
  endfacet
  facet normal -0.287393 0.693668 0.660477
    outer loop
      vertex 8.77608 64.6465 2.4
      vertex 9.21271 64.8274 2.4
      vertex 8.57178 66.0853 0.799999
    endloop
  endfacet
  facet normal 0.64016 0.392373 0.660484
    outer loop
      vertex 5.27433 65.7843 2.4
      vertex 6.42467 66.6008 0.799999
      vertex 6.28529 66.8282 0.799999
    endloop
  endfacet
  facet normal 0.639081 0.39402 0.660548
    outer loop
      vertex 6.42467 66.6008 0.799999
      vertex 5.27433 65.7843 2.4
      vertex 5.28253 65.771 2.4
    endloop
  endfacet
  facet normal 0.487708 0.570904 0.660462
    outer loop
      vertex 5.95902 65.0927 2.4
      vertex 6.59792 66.3979 0.799999
      vertex 5.59965 65.3997 2.4
    endloop
  endfacet
  facet normal 0.570911 0.487697 0.660464
    outer loop
      vertex 5.59965 65.3997 2.4
      vertex 6.59792 66.3979 0.799999
      vertex 5.29272 65.759 2.4
    endloop
  endfacet
  facet normal 0.0588278 0.748548 0.660466
    outer loop
      vertex 7.53406 65.9209 0.799999
      vertex 7.32886 64.5253 2.4
      vertex 7.8 65.9 0.799999
    endloop
  endfacet
  facet normal 0.0621495 0.748184 0.660574
    outer loop
      vertex 7.32886 64.5253 2.4
      vertex 7.53406 65.9209 0.799999
      vertex 7.31321 64.5266 2.4
    endloop
  endfacet
  facet normal 0.175357 0.730108 0.660448
    outer loop
      vertex 7.27467 65.9832 0.799999
      vertex 7.31321 64.5266 2.4
      vertex 7.53406 65.9209 0.799999
    endloop
  endfacet
  facet normal 0.172435 0.730455 0.660834
    outer loop
      vertex 7.31321 64.5266 2.4
      vertex 7.27467 65.9832 0.799999
      vertex 7.29796 64.5302 2.4
    endloop
  endfacet
  facet normal -0.392337 -0.640178 0.660487
    outer loop
      vertex 9.61567 70.1257 2.4
      vertex 8.79923 68.9753 0.799999
      vertex 9.62905 70.1175 2.4
    endloop
  endfacet
  facet normal -0.392349 -0.64017 0.660488
    outer loop
      vertex 8.79923 68.9753 0.799999
      vertex 9.61567 70.1257 2.4
      vertex 8.57178 69.1147 0.799999
    endloop
  endfacet
  facet normal -0.730112 -0.17522 0.660481
    outer loop
      vertex 10.8698 68.102 2.4
      vertex 10.7595 68.5616 2.4
      vertex 9.4168 68.1253 0.799999
    endloop
  endfacet
  facet normal -0.57086 -0.487765 0.660457
    outer loop
      vertex 10.3073 69.441 2.4
      vertex 10.0003 69.8003 2.4
      vertex 9.00208 68.8021 0.799999
    endloop
  endfacet
  facet normal -0.287377 -0.693673 0.660478
    outer loop
      vertex 8.57178 69.1147 0.799999
      vertex 8.76159 70.5595 2.4
      vertex 8.32533 69.2168 0.799999
    endloop
  endfacet
  facet normal -0.28725 -0.693709 0.660496
    outer loop
      vertex 8.76159 70.5595 2.4
      vertex 8.57178 69.1147 0.799999
      vertex 8.77608 70.5535 2.4
    endloop
  endfacet
  facet normal -0.572055 -0.486246 0.660544
    outer loop
      vertex 10.3073 69.441 2.4
      vertex 9.17533 68.5992 0.799999
      vertex 10.3175 69.429 2.4
    endloop
  endfacet
  facet normal -0.571 -0.487559 0.660488
    outer loop
      vertex 9.17533 68.5992 0.799999
      vertex 10.3073 69.441 2.4
      vertex 9.00208 68.8021 0.799999
    endloop
  endfacet
  facet normal 0.693689 -0.287358 0.66047
    outer loop
      vertex 6.28529 68.3718 0.799999
      vertex 5.0274 69.0127 2.4
      vertex 4.84654 68.5761 2.4
    endloop
  endfacet
  facet normal 0.640228 -0.392286 0.66047
    outer loop
      vertex 6.28529 68.3718 0.799999
      vertex 5.27433 69.4157 2.4
      vertex 5.0274 69.0127 2.4
    endloop
  endfacet
  facet normal 0.748566 -0.0586456 0.660462
    outer loop
      vertex 4.72532 68.0711 2.4
      vertex 6.12093 67.8659 0.799999
      vertex 4.72655 68.0868 2.4
    endloop
  endfacet
  facet normal 0.748536 -0.0589201 0.660471
    outer loop
      vertex 6.12093 67.8659 0.799999
      vertex 4.72532 68.0711 2.4
      vertex 6.1 67.6 0.799999
    endloop
  endfacet
  facet normal 0.571003 -0.487561 0.660484
    outer loop
      vertex 5.29272 69.441 2.4
      vertex 6.42467 68.5992 0.799999
      vertex 6.59792 68.8021 0.799999
    endloop
  endfacet
  facet normal 0.572285 -0.485965 0.660551
    outer loop
      vertex 6.42467 68.5992 0.799999
      vertex 5.29272 69.441 2.4
      vertex 5.28253 69.429 2.4
    endloop
  endfacet
  facet normal 0.177085 -0.729878 0.660242
    outer loop
      vertex 7.27467 69.2168 0.799999
      vertex 7.31321 70.6735 2.4
      vertex 7.29796 70.6698 2.4
    endloop
  endfacet
  facet normal 0.175351 -0.730086 0.660474
    outer loop
      vertex 7.31321 70.6735 2.4
      vertex 7.27467 69.2168 0.799999
      vertex 7.53406 69.2791 0.799999
    endloop
  endfacet
  facet normal 0.640228 0.392286 0.66047
    outer loop
      vertex 5.27433 65.7843 2.4
      vertex 6.28529 66.8282 0.799999
      vertex 5.0274 66.1873 2.4
    endloop
  endfacet
  facet normal 0.287377 0.693673 0.660478
    outer loop
      vertex 7.02822 66.0853 0.799999
      vertex 6.83841 64.6405 2.4
      vertex 7.27467 65.9832 0.799999
    endloop
  endfacet
  facet normal 0.28725 0.693709 0.660496
    outer loop
      vertex 6.83841 64.6405 2.4
      vertex 7.02822 66.0853 0.799999
      vertex 6.82392 64.6465 2.4
    endloop
  endfacet
  facet normal 0.287393 0.693668 0.660477
    outer loop
      vertex 6.82392 64.6465 2.4
      vertex 7.02822 66.0853 0.799999
      vertex 6.38729 64.8274 2.4
    endloop
  endfacet
  facet normal 0.0574084 -0.748701 0.660417
    outer loop
      vertex 7.53406 69.2791 0.799999
      vertex 7.32886 70.6747 2.4
      vertex 7.31321 70.6735 2.4
    endloop
  endfacet
  facet normal 0.0588278 -0.748548 0.660466
    outer loop
      vertex 7.32886 70.6747 2.4
      vertex 7.53406 69.2791 0.799999
      vertex 7.8 69.3 0.799999
    endloop
  endfacet
  facet normal -0.693762 -0.287074 0.660517
    outer loop
      vertex 9.31471 68.3718 0.799999
      vertex 10.7595 68.5616 2.4
      vertex 10.7535 68.5761 2.4
    endloop
  endfacet
  facet normal -0.693698 -0.287301 0.660486
    outer loop
      vertex 10.7595 68.5616 2.4
      vertex 9.31471 68.3718 0.799999
      vertex 9.4168 68.1253 0.799999
    endloop
  endfacet
  facet normal -0.175351 -0.730086 0.660474
    outer loop
      vertex 8.32533 69.2168 0.799999
      vertex 8.28679 70.6735 2.4
      vertex 8.06594 69.2791 0.799999
    endloop
  endfacet
  facet normal -0.177085 -0.729878 0.660242
    outer loop
      vertex 8.28679 70.6735 2.4
      vertex 8.32533 69.2168 0.799999
      vertex 8.30204 70.6698 2.4
    endloop
  endfacet
  facet normal -0.392277 -0.640226 0.660476
    outer loop
      vertex 9.61567 70.1257 2.4
      vertex 9.21271 70.3726 2.4
      vertex 8.57178 69.1147 0.799999
    endloop
  endfacet
  facet normal -0.487939 -0.570697 0.66047
    outer loop
      vertex 8.79923 68.9753 0.799999
      vertex 9.64098 70.1073 2.4
      vertex 9.62905 70.1175 2.4
    endloop
  endfacet
  facet normal -0.487548 -0.571012 0.660486
    outer loop
      vertex 9.64098 70.1073 2.4
      vertex 8.79923 68.9753 0.799999
      vertex 9.00208 68.8021 0.799999
    endloop
  endfacet
  facet normal -0.487751 -0.570875 0.660456
    outer loop
      vertex 10.0003 69.8003 2.4
      vertex 9.64098 70.1073 2.4
      vertex 9.00208 68.8021 0.799999
    endloop
  endfacet
  facet normal 0.730108 -0.175267 0.660472
    outer loop
      vertex 6.1832 68.1253 0.799999
      vertex 4.84054 68.5616 2.4
      vertex 4.73021 68.102 2.4
    endloop
  endfacet
  facet normal 0.69377 -0.287077 0.660507
    outer loop
      vertex 4.84054 68.5616 2.4
      vertex 6.28529 68.3718 0.799999
      vertex 4.84654 68.5761 2.4
    endloop
  endfacet
  facet normal 0.693706 -0.287304 0.660476
    outer loop
      vertex 6.28529 68.3718 0.799999
      vertex 4.84054 68.5616 2.4
      vertex 6.1832 68.1253 0.799999
    endloop
  endfacet
  facet normal 0.730043 -0.175787 0.660406
    outer loop
      vertex 4.72655 68.0868 2.4
      vertex 6.1832 68.1253 0.799999
      vertex 4.73021 68.102 2.4
    endloop
  endfacet
  facet normal 0.730106 -0.175265 0.660475
    outer loop
      vertex 6.1832 68.1253 0.799999
      vertex 4.72655 68.0868 2.4
      vertex 6.12093 67.8659 0.799999
    endloop
  endfacet
  facet normal 0.748536 0.0589201 0.660471
    outer loop
      vertex 4.72532 67.1289 2.4
      vertex 6.12093 67.3341 0.799999
      vertex 6.1 67.6 0.799999
    endloop
  endfacet
  facet normal 0.748566 0.0586456 0.660462
    outer loop
      vertex 6.12093 67.3341 0.799999
      vertex 4.72532 67.1289 2.4
      vertex 4.72655 67.1132 2.4
    endloop
  endfacet
  facet normal 0.748537 0.0589169 0.660471
    outer loop
      vertex 4.72532 67.1289 2.4
      vertex 6.1 67.6 0.799999
      vertex 4.68824 67.6 2.4
    endloop
  endfacet
  facet normal 0.392349 -0.64017 0.660488
    outer loop
      vertex 5.98433 70.1257 2.4
      vertex 6.80077 68.9753 0.799999
      vertex 7.02822 69.1147 0.799999
    endloop
  endfacet
  facet normal 0.392337 -0.640178 0.660487
    outer loop
      vertex 6.80077 68.9753 0.799999
      vertex 5.98433 70.1257 2.4
      vertex 5.97095 70.1175 2.4
    endloop
  endfacet
  facet normal 0.28725 -0.693709 0.660496
    outer loop
      vertex 7.02822 69.1147 0.799999
      vertex 6.83841 70.5595 2.4
      vertex 6.82392 70.5535 2.4
    endloop
  endfacet
  facet normal 0.287377 -0.693673 0.660478
    outer loop
      vertex 6.83841 70.5595 2.4
      vertex 7.02822 69.1147 0.799999
      vertex 7.27467 69.2168 0.799999
    endloop
  endfacet
  facet normal 0.392277 -0.640226 0.660476
    outer loop
      vertex 7.02822 69.1147 0.799999
      vertex 6.38729 70.3726 2.4
      vertex 5.98433 70.1257 2.4
    endloop
  endfacet
  facet normal 0.693689 0.287358 0.66047
    outer loop
      vertex 5.0274 66.1873 2.4
      vertex 6.28529 66.8282 0.799999
      vertex 4.84654 66.6239 2.4
    endloop
  endfacet
  facet normal 0.693706 0.287304 0.660476
    outer loop
      vertex 4.84054 66.6384 2.4
      vertex 6.28529 66.8282 0.799999
      vertex 6.1832 67.0747 0.799999
    endloop
  endfacet
  facet normal 0.69377 0.287077 0.660507
    outer loop
      vertex 6.28529 66.8282 0.799999
      vertex 4.84054 66.6384 2.4
      vertex 4.84654 66.6239 2.4
    endloop
  endfacet
  facet normal -0.639076 -0.394017 0.660555
    outer loop
      vertex 9.17533 68.5992 0.799999
      vertex 10.3257 69.4157 2.4
      vertex 10.3175 69.429 2.4
    endloop
  endfacet
  facet normal -0.640155 -0.39237 0.66049
    outer loop
      vertex 10.3257 69.4157 2.4
      vertex 9.17533 68.5992 0.799999
      vertex 9.31471 68.3718 0.799999
    endloop
  endfacet
  facet normal 0.0589428 -0.748526 0.66048
    outer loop
      vertex 7.8 69.3 0.799999
      vertex 7.8 70.7118 2.4
      vertex 7.32886 70.6747 2.4
    endloop
  endfacet
  facet normal -0.0589428 -0.748526 0.66048
    outer loop
      vertex 8.27114 70.6747 2.4
      vertex 7.8 70.7118 2.4
      vertex 7.8 69.3 0.799999
    endloop
  endfacet
  facet normal -0.640248 -0.392251 0.660471
    outer loop
      vertex 10.5726 69.0127 2.4
      vertex 10.3257 69.4157 2.4
      vertex 9.31471 68.3718 0.799999
    endloop
  endfacet
  facet normal -0.693665 -0.287412 0.660472
    outer loop
      vertex 10.7535 68.5761 2.4
      vertex 10.5726 69.0127 2.4
      vertex 9.31471 68.3718 0.799999
    endloop
  endfacet
  facet normal -0.0588278 -0.748548 0.660466
    outer loop
      vertex 8.06594 69.2791 0.799999
      vertex 8.27114 70.6747 2.4
      vertex 7.8 69.3 0.799999
    endloop
  endfacet
  facet normal -0.0574084 -0.748701 0.660417
    outer loop
      vertex 8.27114 70.6747 2.4
      vertex 8.06594 69.2791 0.799999
      vertex 8.28679 70.6735 2.4
    endloop
  endfacet
  facet normal -0.649247 -0.760578 0
    outer loop
      vertex 72.0992 38.0753 0
      vertex 72.3021 37.9021 0.799999
      vertex 72.0992 38.0753 0.799999
    endloop
  endfacet
  facet normal -0.649247 -0.760578 -0
    outer loop
      vertex 72.3021 37.9021 0.799999
      vertex 72.0992 38.0753 0
      vertex 72.3021 37.9021 0
    endloop
  endfacet
  facet normal 0.382672 0.923884 -0
    outer loop
      vertex 70.5747 35.0832 0
      vertex 70.3282 35.1853 0.799999
      vertex 70.5747 35.0832 0.799999
    endloop
  endfacet
  facet normal 0.382672 0.923884 0
    outer loop
      vertex 70.3282 35.1853 0.799999
      vertex 70.5747 35.0832 0
      vertex 70.3282 35.1853 0
    endloop
  endfacet
  facet normal 0.382672 -0.923884 0
    outer loop
      vertex 70.3282 38.2147 0
      vertex 70.5747 38.3168 0.799999
      vertex 70.3282 38.2147 0.799999
    endloop
  endfacet
  facet normal 0.382672 -0.923884 0
    outer loop
      vertex 70.5747 38.3168 0.799999
      vertex 70.3282 38.2147 0
      vertex 70.5747 38.3168 0
    endloop
  endfacet
  facet normal 0.852558 -0.522632 0
    outer loop
      vertex 69.5853 37.4718 0.799999
      vertex 69.7247 37.6992 0
      vertex 69.7247 37.6992 0.799999
    endloop
  endfacet
  facet normal 0.852558 -0.522632 0
    outer loop
      vertex 69.7247 37.6992 0
      vertex 69.5853 37.4718 0.799999
      vertex 69.5853 37.4718 0
    endloop
  endfacet
  facet normal -0.923884 -0.382672 0
    outer loop
      vertex 72.7168 37.2253 0
      vertex 72.6147 37.4718 0.799999
      vertex 72.6147 37.4718 0
    endloop
  endfacet
  facet normal -0.923884 -0.382672 0
    outer loop
      vertex 72.6147 37.4718 0.799999
      vertex 72.7168 37.2253 0
      vertex 72.7168 37.2253 0.799999
    endloop
  endfacet
  facet normal -0.852558 -0.522632 0
    outer loop
      vertex 72.6147 37.4718 0
      vertex 72.4753 37.6992 0.799999
      vertex 72.4753 37.6992 0
    endloop
  endfacet
  facet normal -0.852558 -0.522632 0
    outer loop
      vertex 72.4753 37.6992 0.799999
      vertex 72.6147 37.4718 0
      vertex 72.6147 37.4718 0.799999
    endloop
  endfacet
  facet normal -0.760578 -0.649247 0
    outer loop
      vertex 72.4753 37.6992 0
      vertex 72.3021 37.9021 0.799999
      vertex 72.3021 37.9021 0
    endloop
  endfacet
  facet normal -0.760578 -0.649247 0
    outer loop
      vertex 72.3021 37.9021 0.799999
      vertex 72.4753 37.6992 0
      vertex 72.4753 37.6992 0.799999
    endloop
  endfacet
  facet normal -0.522632 -0.852558 0
    outer loop
      vertex 71.8718 38.2147 0
      vertex 72.0992 38.0753 0.799999
      vertex 71.8718 38.2147 0.799999
    endloop
  endfacet
  facet normal -0.522632 -0.852558 -0
    outer loop
      vertex 72.0992 38.0753 0.799999
      vertex 71.8718 38.2147 0
      vertex 72.0992 38.0753 0
    endloop
  endfacet
  facet normal 0.760578 -0.649247 0
    outer loop
      vertex 69.7247 37.6992 0.799999
      vertex 69.8979 37.9021 0
      vertex 69.8979 37.9021 0.799999
    endloop
  endfacet
  facet normal 0.760578 -0.649247 0
    outer loop
      vertex 69.8979 37.9021 0
      vertex 69.7247 37.6992 0.799999
      vertex 69.7247 37.6992 0
    endloop
  endfacet
  facet normal 0.522632 -0.852558 0
    outer loop
      vertex 70.1008 38.0753 0
      vertex 70.3282 38.2147 0.799999
      vertex 70.1008 38.0753 0.799999
    endloop
  endfacet
  facet normal 0.522632 -0.852558 0
    outer loop
      vertex 70.3282 38.2147 0.799999
      vertex 70.1008 38.0753 0
      vertex 70.3282 38.2147 0
    endloop
  endfacet
  facet normal 0.233529 -0.97235 0
    outer loop
      vertex 70.5747 38.3168 0
      vertex 70.8341 38.3791 0.799999
      vertex 70.5747 38.3168 0.799999
    endloop
  endfacet
  facet normal 0.233529 -0.97235 0
    outer loop
      vertex 70.8341 38.3791 0.799999
      vertex 70.5747 38.3168 0
      vertex 70.8341 38.3791 0
    endloop
  endfacet
  facet normal 0.649247 -0.760578 0
    outer loop
      vertex 69.8979 37.9021 0
      vertex 70.1008 38.0753 0.799999
      vertex 69.8979 37.9021 0.799999
    endloop
  endfacet
  facet normal 0.649247 -0.760578 0
    outer loop
      vertex 70.1008 38.0753 0.799999
      vertex 69.8979 37.9021 0
      vertex 70.1008 38.0753 0
    endloop
  endfacet
  facet normal -0.996925 -0.0783593 0
    outer loop
      vertex 72.8 36.7 0
      vertex 72.7791 36.9659 0.799999
      vertex 72.7791 36.9659 0
    endloop
  endfacet
  facet normal -0.996925 -0.0783593 0
    outer loop
      vertex 72.7791 36.9659 0.799999
      vertex 72.8 36.7 0
      vertex 72.8 36.7 0.799999
    endloop
  endfacet
  facet normal -0.382672 0.923884 0
    outer loop
      vertex 71.8718 35.1853 0
      vertex 71.6253 35.0832 0.799999
      vertex 71.8718 35.1853 0.799999
    endloop
  endfacet
  facet normal -0.382672 0.923884 0
    outer loop
      vertex 71.6253 35.0832 0.799999
      vertex 71.8718 35.1853 0
      vertex 71.6253 35.0832 0
    endloop
  endfacet
  facet normal -0.852558 0.522632 0
    outer loop
      vertex 72.4753 35.7008 0
      vertex 72.6147 35.9282 0.799999
      vertex 72.6147 35.9282 0
    endloop
  endfacet
  facet normal -0.852558 0.522632 0
    outer loop
      vertex 72.6147 35.9282 0.799999
      vertex 72.4753 35.7008 0
      vertex 72.4753 35.7008 0.799999
    endloop
  endfacet
  facet normal 0.233529 0.97235 -0
    outer loop
      vertex 70.8341 35.0209 0
      vertex 70.5747 35.0832 0.799999
      vertex 70.8341 35.0209 0.799999
    endloop
  endfacet
  facet normal 0.233529 0.97235 0
    outer loop
      vertex 70.5747 35.0832 0.799999
      vertex 70.8341 35.0209 0
      vertex 70.5747 35.0832 0
    endloop
  endfacet
  facet normal 0.649247 0.760578 -0
    outer loop
      vertex 70.1008 35.3247 0
      vertex 69.8979 35.4979 0.799999
      vertex 70.1008 35.3247 0.799999
    endloop
  endfacet
  facet normal 0.649247 0.760578 0
    outer loop
      vertex 69.8979 35.4979 0.799999
      vertex 70.1008 35.3247 0
      vertex 69.8979 35.4979 0
    endloop
  endfacet
  facet normal 0.852558 0.522632 0
    outer loop
      vertex 69.7247 35.7008 0.799999
      vertex 69.5853 35.9282 0
      vertex 69.5853 35.9282 0.799999
    endloop
  endfacet
  facet normal 0.852558 0.522632 0
    outer loop
      vertex 69.5853 35.9282 0
      vertex 69.7247 35.7008 0.799999
      vertex 69.7247 35.7008 0
    endloop
  endfacet
  facet normal 0.760578 0.649247 0
    outer loop
      vertex 69.8979 35.4979 0.799999
      vertex 69.7247 35.7008 0
      vertex 69.7247 35.7008 0.799999
    endloop
  endfacet
  facet normal 0.760578 0.649247 0
    outer loop
      vertex 69.7247 35.7008 0
      vertex 69.8979 35.4979 0.799999
      vertex 69.8979 35.4979 0
    endloop
  endfacet
  facet normal -0.97235 -0.233529 0
    outer loop
      vertex 72.7791 36.9659 0
      vertex 72.7168 37.2253 0.799999
      vertex 72.7168 37.2253 0
    endloop
  endfacet
  facet normal -0.97235 -0.233529 0
    outer loop
      vertex 72.7168 37.2253 0.799999
      vertex 72.7791 36.9659 0
      vertex 72.7791 36.9659 0.799999
    endloop
  endfacet
  facet normal -0.0783593 -0.996925 0
    outer loop
      vertex 71.1 38.4 0
      vertex 71.3659 38.3791 0.799999
      vertex 71.1 38.4 0.799999
    endloop
  endfacet
  facet normal -0.0783593 -0.996925 -0
    outer loop
      vertex 71.3659 38.3791 0.799999
      vertex 71.1 38.4 0
      vertex 71.3659 38.3791 0
    endloop
  endfacet
  facet normal -0.382672 -0.923884 0
    outer loop
      vertex 71.6253 38.3168 0
      vertex 71.8718 38.2147 0.799999
      vertex 71.6253 38.3168 0.799999
    endloop
  endfacet
  facet normal -0.382672 -0.923884 -0
    outer loop
      vertex 71.8718 38.2147 0.799999
      vertex 71.6253 38.3168 0
      vertex 71.8718 38.2147 0
    endloop
  endfacet
  facet normal 0.996925 -0.0783593 0
    outer loop
      vertex 69.4 36.7 0.799999
      vertex 69.4209 36.9659 0
      vertex 69.4209 36.9659 0.799999
    endloop
  endfacet
  facet normal 0.996925 -0.0783593 0
    outer loop
      vertex 69.4209 36.9659 0
      vertex 69.4 36.7 0.799999
      vertex 69.4 36.7 0
    endloop
  endfacet
  facet normal 0.923884 -0.382672 0
    outer loop
      vertex 69.4832 37.2253 0.799999
      vertex 69.5853 37.4718 0
      vertex 69.5853 37.4718 0.799999
    endloop
  endfacet
  facet normal 0.923884 -0.382672 0
    outer loop
      vertex 69.5853 37.4718 0
      vertex 69.4832 37.2253 0.799999
      vertex 69.4832 37.2253 0
    endloop
  endfacet
  facet normal 0.0783593 -0.996925 0
    outer loop
      vertex 70.8341 38.3791 0
      vertex 71.1 38.4 0.799999
      vertex 70.8341 38.3791 0.799999
    endloop
  endfacet
  facet normal 0.0783593 -0.996925 0
    outer loop
      vertex 71.1 38.4 0.799999
      vertex 70.8341 38.3791 0
      vertex 71.1 38.4 0
    endloop
  endfacet
  facet normal -0.97235 0.233529 0
    outer loop
      vertex 72.7168 36.1747 0
      vertex 72.7791 36.4341 0.799999
      vertex 72.7791 36.4341 0
    endloop
  endfacet
  facet normal -0.97235 0.233529 0
    outer loop
      vertex 72.7791 36.4341 0.799999
      vertex 72.7168 36.1747 0
      vertex 72.7168 36.1747 0.799999
    endloop
  endfacet
  facet normal -0.0783593 0.996925 0
    outer loop
      vertex 71.3659 35.0209 0
      vertex 71.1 35 0.799999
      vertex 71.3659 35.0209 0.799999
    endloop
  endfacet
  facet normal -0.0783593 0.996925 0
    outer loop
      vertex 71.1 35 0.799999
      vertex 71.3659 35.0209 0
      vertex 71.1 35 0
    endloop
  endfacet
  facet normal -0.233529 0.97235 0
    outer loop
      vertex 71.6253 35.0832 0
      vertex 71.3659 35.0209 0.799999
      vertex 71.6253 35.0832 0.799999
    endloop
  endfacet
  facet normal -0.233529 0.97235 0
    outer loop
      vertex 71.3659 35.0209 0.799999
      vertex 71.6253 35.0832 0
      vertex 71.3659 35.0209 0
    endloop
  endfacet
  facet normal -0.760578 0.649247 0
    outer loop
      vertex 72.3021 35.4979 0
      vertex 72.4753 35.7008 0.799999
      vertex 72.4753 35.7008 0
    endloop
  endfacet
  facet normal -0.760578 0.649247 0
    outer loop
      vertex 72.4753 35.7008 0.799999
      vertex 72.3021 35.4979 0
      vertex 72.3021 35.4979 0.799999
    endloop
  endfacet
  facet normal -0.522632 0.852558 0
    outer loop
      vertex 72.0992 35.3247 0
      vertex 71.8718 35.1853 0.799999
      vertex 72.0992 35.3247 0.799999
    endloop
  endfacet
  facet normal -0.522632 0.852558 0
    outer loop
      vertex 71.8718 35.1853 0.799999
      vertex 72.0992 35.3247 0
      vertex 71.8718 35.1853 0
    endloop
  endfacet
  facet normal -0.923884 0.382672 0
    outer loop
      vertex 72.6147 35.9282 0
      vertex 72.7168 36.1747 0.799999
      vertex 72.7168 36.1747 0
    endloop
  endfacet
  facet normal -0.923884 0.382672 0
    outer loop
      vertex 72.7168 36.1747 0.799999
      vertex 72.6147 35.9282 0
      vertex 72.6147 35.9282 0.799999
    endloop
  endfacet
  facet normal 0.0783593 0.996925 -0
    outer loop
      vertex 71.1 35 0
      vertex 70.8341 35.0209 0.799999
      vertex 71.1 35 0.799999
    endloop
  endfacet
  facet normal 0.0783593 0.996925 0
    outer loop
      vertex 70.8341 35.0209 0.799999
      vertex 71.1 35 0
      vertex 70.8341 35.0209 0
    endloop
  endfacet
  facet normal 0.522632 0.852558 -0
    outer loop
      vertex 70.3282 35.1853 0
      vertex 70.1008 35.3247 0.799999
      vertex 70.3282 35.1853 0.799999
    endloop
  endfacet
  facet normal 0.522632 0.852558 0
    outer loop
      vertex 70.1008 35.3247 0.799999
      vertex 70.3282 35.1853 0
      vertex 70.1008 35.3247 0
    endloop
  endfacet
  facet normal 0.923884 0.382672 0
    outer loop
      vertex 69.5853 35.9282 0.799999
      vertex 69.4832 36.1747 0
      vertex 69.4832 36.1747 0.799999
    endloop
  endfacet
  facet normal 0.923884 0.382672 0
    outer loop
      vertex 69.4832 36.1747 0
      vertex 69.5853 35.9282 0.799999
      vertex 69.5853 35.9282 0
    endloop
  endfacet
  facet normal 0.996925 0.0783593 0
    outer loop
      vertex 69.4209 36.4341 0.799999
      vertex 69.4 36.7 0
      vertex 69.4 36.7 0.799999
    endloop
  endfacet
  facet normal 0.996925 0.0783593 0
    outer loop
      vertex 69.4 36.7 0
      vertex 69.4209 36.4341 0.799999
      vertex 69.4209 36.4341 0
    endloop
  endfacet
  facet normal -0.233529 -0.97235 0
    outer loop
      vertex 71.3659 38.3791 0
      vertex 71.6253 38.3168 0.799999
      vertex 71.3659 38.3791 0.799999
    endloop
  endfacet
  facet normal -0.233529 -0.97235 -0
    outer loop
      vertex 71.6253 38.3168 0.799999
      vertex 71.3659 38.3791 0
      vertex 71.6253 38.3168 0
    endloop
  endfacet
  facet normal 0.97235 -0.233529 0
    outer loop
      vertex 69.4209 36.9659 0.799999
      vertex 69.4832 37.2253 0
      vertex 69.4832 37.2253 0.799999
    endloop
  endfacet
  facet normal 0.97235 -0.233529 0
    outer loop
      vertex 69.4832 37.2253 0
      vertex 69.4209 36.9659 0.799999
      vertex 69.4209 36.9659 0
    endloop
  endfacet
  facet normal -0.996925 0.0783593 0
    outer loop
      vertex 72.7791 36.4341 0
      vertex 72.8 36.7 0.799999
      vertex 72.8 36.7 0
    endloop
  endfacet
  facet normal -0.996925 0.0783593 0
    outer loop
      vertex 72.8 36.7 0.799999
      vertex 72.7791 36.4341 0
      vertex 72.7791 36.4341 0.799999
    endloop
  endfacet
  facet normal -0.649247 0.760578 0
    outer loop
      vertex 72.3021 35.4979 0
      vertex 72.0992 35.3247 0.799999
      vertex 72.3021 35.4979 0.799999
    endloop
  endfacet
  facet normal -0.649247 0.760578 0
    outer loop
      vertex 72.0992 35.3247 0.799999
      vertex 72.3021 35.4979 0
      vertex 72.0992 35.3247 0
    endloop
  endfacet
  facet normal 0.97235 0.233529 0
    outer loop
      vertex 69.4832 36.1747 0.799999
      vertex 69.4209 36.4341 0
      vertex 69.4209 36.4341 0.799999
    endloop
  endfacet
  facet normal 0.97235 0.233529 0
    outer loop
      vertex 69.4209 36.4341 0
      vertex 69.4832 36.1747 0.799999
      vertex 69.4832 36.1747 0
    endloop
  endfacet
  facet normal -0.0589478 0.748526 0.66048
    outer loop
      vertex 71.5711 33.6253 2.4
      vertex 71.1 35 0.799999
      vertex 71.1 33.5882 2.4
    endloop
  endfacet
  facet normal -0.748526 -0.0589478 0.66048
    outer loop
      vertex 74.2118 36.7 2.4
      vertex 74.1747 37.1711 2.4
      vertex 72.8 36.7 0.799999
    endloop
  endfacet
  facet normal -0.748721 -0.0572271 0.660411
    outer loop
      vertex 72.7791 36.9659 0.799999
      vertex 74.1747 37.1711 2.4
      vertex 74.1735 37.1868 2.4
    endloop
  endfacet
  facet normal -0.748547 -0.0588366 0.660466
    outer loop
      vertex 74.1747 37.1711 2.4
      vertex 72.7791 36.9659 0.799999
      vertex 72.8 36.7 0.799999
    endloop
  endfacet
  facet normal -0.730112 0.17522 0.660481
    outer loop
      vertex 74.0595 35.7384 2.4
      vertex 74.1698 36.198 2.4
      vertex 72.7168 36.1747 0.799999
    endloop
  endfacet
  facet normal 0.730388 0.172987 0.660764
    outer loop
      vertex 69.4832 36.1747 0.799999
      vertex 68.0266 36.2132 2.4
      vertex 68.0302 36.198 2.4
    endloop
  endfacet
  facet normal 0.730107 0.17535 0.660451
    outer loop
      vertex 68.0266 36.2132 2.4
      vertex 69.4832 36.1747 0.799999
      vertex 69.4209 36.4341 0.799999
    endloop
  endfacet
  facet normal 0.639071 -0.394014 0.660562
    outer loop
      vertex 68.5743 38.5157 2.4
      vertex 69.7247 37.6992 0.799999
      vertex 68.5825 38.529 2.4
    endloop
  endfacet
  facet normal 0.640124 -0.392407 0.660499
    outer loop
      vertex 69.7247 37.6992 0.799999
      vertex 68.5743 38.5157 2.4
      vertex 69.5853 37.4718 0.799999
    endloop
  endfacet
  facet normal -0.693663 0.287411 0.660475
    outer loop
      vertex 73.8726 35.2873 2.4
      vertex 74.0535 35.7239 2.4
      vertex 72.6147 35.9282 0.799999
    endloop
  endfacet
  facet normal 0.0572271 -0.748721 0.660411
    outer loop
      vertex 70.8341 38.3791 0.799999
      vertex 70.6289 39.7747 2.4
      vertex 70.6132 39.7735 2.4
    endloop
  endfacet
  facet normal 0.0588366 -0.748547 0.660466
    outer loop
      vertex 70.6289 39.7747 2.4
      vertex 70.8341 38.3791 0.799999
      vertex 71.1 38.4 0.799999
    endloop
  endfacet
  facet normal -0.693689 0.287325 0.660485
    outer loop
      vertex 72.6147 35.9282 0.799999
      vertex 74.0595 35.7384 2.4
      vertex 72.7168 36.1747 0.799999
    endloop
  endfacet
  facet normal -0.69376 0.287073 0.660519
    outer loop
      vertex 74.0595 35.7384 2.4
      vertex 72.6147 35.9282 0.799999
      vertex 74.0535 35.7239 2.4
    endloop
  endfacet
  facet normal -0.748526 0.0589478 0.66048
    outer loop
      vertex 74.1747 36.2289 2.4
      vertex 74.2118 36.7 2.4
      vertex 72.8 36.7 0.799999
    endloop
  endfacet
  facet normal -0.0572271 0.748721 0.660411
    outer loop
      vertex 71.3659 35.0209 0.799999
      vertex 71.5711 33.6253 2.4
      vertex 71.5868 33.6265 2.4
    endloop
  endfacet
  facet normal -0.0588366 0.748547 0.660466
    outer loop
      vertex 71.5711 33.6253 2.4
      vertex 71.3659 35.0209 0.799999
      vertex 71.1 35 0.799999
    endloop
  endfacet
  facet normal -0.487667 0.570931 0.660468
    outer loop
      vertex 72.941 34.1927 2.4
      vertex 73.3003 34.4996 2.4
      vertex 72.3021 35.4979 0.799999
    endloop
  endfacet
  facet normal 0.17522 0.730112 0.660481
    outer loop
      vertex 70.598 33.6302 2.4
      vertex 70.5747 35.0832 0.799999
      vertex 70.1384 33.7405 2.4
    endloop
  endfacet
  facet normal 0.571063 0.487472 0.660498
    outer loop
      vertex 69.7247 35.7008 0.799999
      vertex 68.5927 34.859 2.4
      vertex 69.8979 35.4979 0.799999
    endloop
  endfacet
  facet normal 0.57205 0.486243 0.66055
    outer loop
      vertex 68.5927 34.859 2.4
      vertex 69.7247 35.7008 0.799999
      vertex 68.5825 34.871 2.4
    endloop
  endfacet
  facet normal 0.0589478 -0.748526 0.66048
    outer loop
      vertex 71.1 38.4 0.799999
      vertex 71.1 39.8118 2.4
      vertex 70.6289 39.7747 2.4
    endloop
  endfacet
  facet normal 0.730112 -0.17522 0.660481
    outer loop
      vertex 69.4832 37.2253 0.799999
      vertex 68.1405 37.6616 2.4
      vertex 68.0302 37.202 2.4
    endloop
  endfacet
  facet normal 0.570863 -0.487768 0.660453
    outer loop
      vertex 69.8979 37.9021 0.799999
      vertex 68.8997 38.9003 2.4
      vertex 68.5927 38.541 2.4
    endloop
  endfacet
  facet normal -0.730085 0.175344 0.660477
    outer loop
      vertex 72.7168 36.1747 0.799999
      vertex 74.1735 36.2132 2.4
      vertex 72.7791 36.4341 0.799999
    endloop
  endfacet
  facet normal -0.729807 0.17765 0.660168
    outer loop
      vertex 74.1735 36.2132 2.4
      vertex 72.7168 36.1747 0.799999
      vertex 74.1698 36.198 2.4
    endloop
  endfacet
  facet normal -0.570921 0.487682 0.660466
    outer loop
      vertex 73.3003 34.4996 2.4
      vertex 73.6073 34.859 2.4
      vertex 72.3021 35.4979 0.799999
    endloop
  endfacet
  facet normal -0.640124 0.392407 0.660499
    outer loop
      vertex 72.4753 35.7008 0.799999
      vertex 73.6257 34.8843 2.4
      vertex 72.6147 35.9282 0.799999
    endloop
  endfacet
  facet normal -0.639071 0.394014 0.660562
    outer loop
      vertex 73.6257 34.8843 2.4
      vertex 72.4753 35.7008 0.799999
      vertex 73.6175 34.871 2.4
    endloop
  endfacet
  facet normal -0.17765 0.729807 0.660168
    outer loop
      vertex 71.6253 35.0832 0.799999
      vertex 71.5868 33.6265 2.4
      vertex 71.602 33.6302 2.4
    endloop
  endfacet
  facet normal -0.175344 0.730085 0.660477
    outer loop
      vertex 71.5868 33.6265 2.4
      vertex 71.6253 35.0832 0.799999
      vertex 71.3659 35.0209 0.799999
    endloop
  endfacet
  facet normal -0.39225 0.640246 0.660473
    outer loop
      vertex 72.5127 33.9274 2.4
      vertex 72.9157 34.1743 2.4
      vertex 71.8718 35.1853 0.799999
    endloop
  endfacet
  facet normal 0.730112 0.17522 0.660481
    outer loop
      vertex 68.1405 35.7384 2.4
      vertex 69.4832 36.1747 0.799999
      vertex 68.0302 36.198 2.4
    endloop
  endfacet
  facet normal 0.487472 0.571063 0.660498
    outer loop
      vertex 69.259 34.1927 2.4
      vertex 70.1008 35.3247 0.799999
      vertex 69.8979 35.4979 0.799999
    endloop
  endfacet
  facet normal 0.486243 0.57205 0.66055
    outer loop
      vertex 70.1008 35.3247 0.799999
      vertex 69.259 34.1927 2.4
      vertex 69.271 34.1825 2.4
    endloop
  endfacet
  facet normal 0.287325 0.693689 0.660485
    outer loop
      vertex 70.3282 35.1853 0.799999
      vertex 70.1384 33.7405 2.4
      vertex 70.5747 35.0832 0.799999
    endloop
  endfacet
  facet normal 0.287073 0.69376 0.660519
    outer loop
      vertex 70.1384 33.7405 2.4
      vertex 70.3282 35.1853 0.799999
      vertex 70.1239 33.7465 2.4
    endloop
  endfacet
  facet normal 0.0589478 0.748526 0.66048
    outer loop
      vertex 71.1 33.5882 2.4
      vertex 71.1 35 0.799999
      vertex 70.6289 33.6253 2.4
    endloop
  endfacet
  facet normal -0.0589478 -0.748526 0.66048
    outer loop
      vertex 71.5711 39.7747 2.4
      vertex 71.1 39.8118 2.4
      vertex 71.1 38.4 0.799999
    endloop
  endfacet
  facet normal -0.729807 -0.17765 0.660168
    outer loop
      vertex 72.7168 37.2253 0.799999
      vertex 74.1735 37.1868 2.4
      vertex 74.1698 37.202 2.4
    endloop
  endfacet
  facet normal -0.730085 -0.175344 0.660477
    outer loop
      vertex 74.1735 37.1868 2.4
      vertex 72.7168 37.2253 0.799999
      vertex 72.7791 36.9659 0.799999
    endloop
  endfacet
  facet normal 0.69376 -0.287073 0.660519
    outer loop
      vertex 68.1405 37.6616 2.4
      vertex 69.5853 37.4718 0.799999
      vertex 68.1465 37.6761 2.4
    endloop
  endfacet
  facet normal 0.693689 -0.287325 0.660485
    outer loop
      vertex 69.5853 37.4718 0.799999
      vertex 68.1405 37.6616 2.4
      vertex 69.4832 37.2253 0.799999
    endloop
  endfacet
  facet normal 0.487768 -0.570863 0.660453
    outer loop
      vertex 69.8979 37.9021 0.799999
      vertex 69.259 39.2073 2.4
      vertex 68.8997 38.9003 2.4
    endloop
  endfacet
  facet normal 0.392407 -0.640124 0.660499
    outer loop
      vertex 69.2843 39.2257 2.4
      vertex 70.1008 38.0753 0.799999
      vertex 70.3282 38.2147 0.799999
    endloop
  endfacet
  facet normal 0.394014 -0.639071 0.660562
    outer loop
      vertex 70.1008 38.0753 0.799999
      vertex 69.2843 39.2257 2.4
      vertex 69.271 39.2175 2.4
    endloop
  endfacet
  facet normal -0.748547 0.0588366 0.660466
    outer loop
      vertex 72.7791 36.4341 0.799999
      vertex 74.1747 36.2289 2.4
      vertex 72.8 36.7 0.799999
    endloop
  endfacet
  facet normal -0.748721 0.0572271 0.660411
    outer loop
      vertex 74.1747 36.2289 2.4
      vertex 72.7791 36.4341 0.799999
      vertex 74.1735 36.2132 2.4
    endloop
  endfacet
  facet normal -0.640246 0.39225 0.660473
    outer loop
      vertex 73.6257 34.8843 2.4
      vertex 73.8726 35.2873 2.4
      vertex 72.6147 35.9282 0.799999
    endloop
  endfacet
  facet normal -0.57205 0.486243 0.66055
    outer loop
      vertex 72.4753 35.7008 0.799999
      vertex 73.6073 34.859 2.4
      vertex 73.6175 34.871 2.4
    endloop
  endfacet
  facet normal -0.571063 0.487472 0.660498
    outer loop
      vertex 73.6073 34.859 2.4
      vertex 72.4753 35.7008 0.799999
      vertex 72.3021 35.4979 0.799999
    endloop
  endfacet
  facet normal -0.287073 0.69376 0.660519
    outer loop
      vertex 71.8718 35.1853 0.799999
      vertex 72.0616 33.7405 2.4
      vertex 72.0761 33.7465 2.4
    endloop
  endfacet
  facet normal -0.287325 0.693689 0.660485
    outer loop
      vertex 72.0616 33.7405 2.4
      vertex 71.8718 35.1853 0.799999
      vertex 71.6253 35.0832 0.799999
    endloop
  endfacet
  facet normal -0.17522 0.730112 0.660481
    outer loop
      vertex 72.0616 33.7405 2.4
      vertex 71.6253 35.0832 0.799999
      vertex 71.602 33.6302 2.4
    endloop
  endfacet
  facet normal -0.487472 0.571063 0.660498
    outer loop
      vertex 72.0992 35.3247 0.799999
      vertex 72.941 34.1927 2.4
      vertex 72.3021 35.4979 0.799999
    endloop
  endfacet
  facet normal -0.486243 0.57205 0.66055
    outer loop
      vertex 72.941 34.1927 2.4
      vertex 72.0992 35.3247 0.799999
      vertex 72.929 34.1825 2.4
    endloop
  endfacet
  facet normal -0.394014 0.639071 0.660562
    outer loop
      vertex 72.0992 35.3247 0.799999
      vertex 72.9157 34.1743 2.4
      vertex 72.929 34.1825 2.4
    endloop
  endfacet
  facet normal -0.392407 0.640124 0.660499
    outer loop
      vertex 72.9157 34.1743 2.4
      vertex 72.0992 35.3247 0.799999
      vertex 71.8718 35.1853 0.799999
    endloop
  endfacet
  facet normal -0.287411 0.693663 0.660475
    outer loop
      vertex 72.0761 33.7465 2.4
      vertex 72.5127 33.9274 2.4
      vertex 71.8718 35.1853 0.799999
    endloop
  endfacet
  facet normal 0.640246 0.39225 0.660473
    outer loop
      vertex 68.5743 34.8843 2.4
      vertex 69.5853 35.9282 0.799999
      vertex 68.3274 35.2873 2.4
    endloop
  endfacet
  facet normal 0.487667 0.570931 0.660468
    outer loop
      vertex 69.259 34.1927 2.4
      vertex 69.8979 35.4979 0.799999
      vertex 68.8997 34.4996 2.4
    endloop
  endfacet
  facet normal 0.570921 0.487682 0.660466
    outer loop
      vertex 68.8997 34.4996 2.4
      vertex 69.8979 35.4979 0.799999
      vertex 68.5927 34.859 2.4
    endloop
  endfacet
  facet normal 0.287411 0.693663 0.660475
    outer loop
      vertex 70.1239 33.7465 2.4
      vertex 70.3282 35.1853 0.799999
      vertex 69.6873 33.9274 2.4
    endloop
  endfacet
  facet normal 0.0588366 0.748547 0.660466
    outer loop
      vertex 70.8341 35.0209 0.799999
      vertex 70.6289 33.6253 2.4
      vertex 71.1 35 0.799999
    endloop
  endfacet
  facet normal 0.0572271 0.748721 0.660411
    outer loop
      vertex 70.6289 33.6253 2.4
      vertex 70.8341 35.0209 0.799999
      vertex 70.6132 33.6265 2.4
    endloop
  endfacet
  facet normal 0.175344 0.730085 0.660477
    outer loop
      vertex 70.5747 35.0832 0.799999
      vertex 70.6132 33.6265 2.4
      vertex 70.8341 35.0209 0.799999
    endloop
  endfacet
  facet normal 0.17765 0.729807 0.660168
    outer loop
      vertex 70.6132 33.6265 2.4
      vertex 70.5747 35.0832 0.799999
      vertex 70.598 33.6302 2.4
    endloop
  endfacet
  facet normal -0.39225 -0.640246 0.660473
    outer loop
      vertex 72.9157 39.2257 2.4
      vertex 72.5127 39.4726 2.4
      vertex 71.8718 38.2147 0.799999
    endloop
  endfacet
  facet normal -0.394014 -0.639071 0.660562
    outer loop
      vertex 72.9157 39.2257 2.4
      vertex 72.0992 38.0753 0.799999
      vertex 72.929 39.2175 2.4
    endloop
  endfacet
  facet normal -0.392407 -0.640124 0.660499
    outer loop
      vertex 72.0992 38.0753 0.799999
      vertex 72.9157 39.2257 2.4
      vertex 71.8718 38.2147 0.799999
    endloop
  endfacet
  facet normal -0.730112 -0.17522 0.660481
    outer loop
      vertex 74.1698 37.202 2.4
      vertex 74.0595 37.6616 2.4
      vertex 72.7168 37.2253 0.799999
    endloop
  endfacet
  facet normal -0.57205 -0.486243 0.66055
    outer loop
      vertex 73.6073 38.541 2.4
      vertex 72.4753 37.6992 0.799999
      vertex 73.6175 38.529 2.4
    endloop
  endfacet
  facet normal -0.571063 -0.487472 0.660498
    outer loop
      vertex 72.4753 37.6992 0.799999
      vertex 73.6073 38.541 2.4
      vertex 72.3021 37.9021 0.799999
    endloop
  endfacet
  facet normal -0.487768 -0.570863 0.660453
    outer loop
      vertex 73.3003 38.9003 2.4
      vertex 72.941 39.2073 2.4
      vertex 72.3021 37.9021 0.799999
    endloop
  endfacet
  facet normal -0.570863 -0.487768 0.660453
    outer loop
      vertex 73.6073 38.541 2.4
      vertex 73.3003 38.9003 2.4
      vertex 72.3021 37.9021 0.799999
    endloop
  endfacet
  facet normal 0.693663 -0.287411 0.660475
    outer loop
      vertex 69.5853 37.4718 0.799999
      vertex 68.3274 38.1127 2.4
      vertex 68.1465 37.6761 2.4
    endloop
  endfacet
  facet normal 0.640246 -0.39225 0.660473
    outer loop
      vertex 69.5853 37.4718 0.799999
      vertex 68.5743 38.5157 2.4
      vertex 68.3274 38.1127 2.4
    endloop
  endfacet
  facet normal 0.748547 0.0588366 0.660466
    outer loop
      vertex 68.0253 36.2289 2.4
      vertex 69.4209 36.4341 0.799999
      vertex 69.4 36.7 0.799999
    endloop
  endfacet
  facet normal 0.748206 0.0619534 0.660568
    outer loop
      vertex 69.4209 36.4341 0.799999
      vertex 68.0253 36.2289 2.4
      vertex 68.0266 36.2132 2.4
    endloop
  endfacet
  facet normal 0.571063 -0.487472 0.660498
    outer loop
      vertex 68.5927 38.541 2.4
      vertex 69.7247 37.6992 0.799999
      vertex 69.8979 37.9021 0.799999
    endloop
  endfacet
  facet normal 0.57205 -0.486243 0.66055
    outer loop
      vertex 69.7247 37.6992 0.799999
      vertex 68.5927 38.541 2.4
      vertex 68.5825 38.529 2.4
    endloop
  endfacet
  facet normal 0.287073 -0.69376 0.660519
    outer loop
      vertex 70.3282 38.2147 0.799999
      vertex 70.1384 39.6595 2.4
      vertex 70.1239 39.6535 2.4
    endloop
  endfacet
  facet normal 0.287325 -0.693689 0.660485
    outer loop
      vertex 70.1384 39.6595 2.4
      vertex 70.3282 38.2147 0.799999
      vertex 70.5747 38.3168 0.799999
    endloop
  endfacet
  facet normal 0.693663 0.287411 0.660475
    outer loop
      vertex 68.3274 35.2873 2.4
      vertex 69.5853 35.9282 0.799999
      vertex 68.1465 35.7239 2.4
    endloop
  endfacet
  facet normal 0.693689 0.287325 0.660485
    outer loop
      vertex 68.1405 35.7384 2.4
      vertex 69.5853 35.9282 0.799999
      vertex 69.4832 36.1747 0.799999
    endloop
  endfacet
  facet normal 0.69376 0.287073 0.660519
    outer loop
      vertex 69.5853 35.9282 0.799999
      vertex 68.1405 35.7384 2.4
      vertex 68.1465 35.7239 2.4
    endloop
  endfacet
  facet normal 0.39225 0.640246 0.660473
    outer loop
      vertex 69.6873 33.9274 2.4
      vertex 70.3282 35.1853 0.799999
      vertex 69.2843 34.1743 2.4
    endloop
  endfacet
  facet normal 0.392407 0.640124 0.660499
    outer loop
      vertex 70.1008 35.3247 0.799999
      vertex 69.2843 34.1743 2.4
      vertex 70.3282 35.1853 0.799999
    endloop
  endfacet
  facet normal 0.394014 0.639071 0.660562
    outer loop
      vertex 69.2843 34.1743 2.4
      vertex 70.1008 35.3247 0.799999
      vertex 69.271 34.1825 2.4
    endloop
  endfacet
  facet normal -0.287325 -0.693689 0.660485
    outer loop
      vertex 71.8718 38.2147 0.799999
      vertex 72.0616 39.6595 2.4
      vertex 71.6253 38.3168 0.799999
    endloop
  endfacet
  facet normal -0.287073 -0.69376 0.660519
    outer loop
      vertex 72.0616 39.6595 2.4
      vertex 71.8718 38.2147 0.799999
      vertex 72.0761 39.6535 2.4
    endloop
  endfacet
  facet normal -0.640246 -0.39225 0.660473
    outer loop
      vertex 73.8726 38.1127 2.4
      vertex 73.6257 38.5157 2.4
      vertex 72.6147 37.4718 0.799999
    endloop
  endfacet
  facet normal -0.287411 -0.693663 0.660475
    outer loop
      vertex 72.5127 39.4726 2.4
      vertex 72.0761 39.6535 2.4
      vertex 71.8718 38.2147 0.799999
    endloop
  endfacet
  facet normal -0.486243 -0.57205 0.66055
    outer loop
      vertex 72.0992 38.0753 0.799999
      vertex 72.941 39.2073 2.4
      vertex 72.929 39.2175 2.4
    endloop
  endfacet
  facet normal -0.487472 -0.571063 0.660498
    outer loop
      vertex 72.941 39.2073 2.4
      vertex 72.0992 38.0753 0.799999
      vertex 72.3021 37.9021 0.799999
    endloop
  endfacet
  facet normal 0.730388 -0.172987 0.660764
    outer loop
      vertex 68.0266 37.1868 2.4
      vertex 69.4832 37.2253 0.799999
      vertex 68.0302 37.202 2.4
    endloop
  endfacet
  facet normal 0.730107 -0.17535 0.660451
    outer loop
      vertex 69.4832 37.2253 0.799999
      vertex 68.0266 37.1868 2.4
      vertex 69.4209 36.9659 0.799999
    endloop
  endfacet
  facet normal 0.748526 0.0589478 0.66048
    outer loop
      vertex 68.0253 36.2289 2.4
      vertex 69.4 36.7 0.799999
      vertex 67.9882 36.7 2.4
    endloop
  endfacet
  facet normal 0.748526 -0.0589478 0.66048
    outer loop
      vertex 69.4 36.7 0.799999
      vertex 68.0253 37.1711 2.4
      vertex 67.9882 36.7 2.4
    endloop
  endfacet
  facet normal 0.748206 -0.0619534 0.660568
    outer loop
      vertex 68.0253 37.1711 2.4
      vertex 69.4209 36.9659 0.799999
      vertex 68.0266 37.1868 2.4
    endloop
  endfacet
  facet normal 0.748547 -0.0588366 0.660466
    outer loop
      vertex 69.4209 36.9659 0.799999
      vertex 68.0253 37.1711 2.4
      vertex 69.4 36.7 0.799999
    endloop
  endfacet
  facet normal 0.486243 -0.57205 0.66055
    outer loop
      vertex 69.259 39.2073 2.4
      vertex 70.1008 38.0753 0.799999
      vertex 69.271 39.2175 2.4
    endloop
  endfacet
  facet normal 0.487472 -0.571063 0.660498
    outer loop
      vertex 70.1008 38.0753 0.799999
      vertex 69.259 39.2073 2.4
      vertex 69.8979 37.9021 0.799999
    endloop
  endfacet
  facet normal 0.17522 -0.730112 0.660481
    outer loop
      vertex 70.5747 38.3168 0.799999
      vertex 70.598 39.7698 2.4
      vertex 70.1384 39.6595 2.4
    endloop
  endfacet
  facet normal 0.17765 -0.729807 0.660168
    outer loop
      vertex 70.5747 38.3168 0.799999
      vertex 70.6132 39.7735 2.4
      vertex 70.598 39.7698 2.4
    endloop
  endfacet
  facet normal 0.175344 -0.730085 0.660477
    outer loop
      vertex 70.6132 39.7735 2.4
      vertex 70.5747 38.3168 0.799999
      vertex 70.8341 38.3791 0.799999
    endloop
  endfacet
  facet normal 0.287411 -0.693663 0.660475
    outer loop
      vertex 70.3282 38.2147 0.799999
      vertex 70.1239 39.6535 2.4
      vertex 69.6873 39.4726 2.4
    endloop
  endfacet
  facet normal 0.39225 -0.640246 0.660473
    outer loop
      vertex 70.3282 38.2147 0.799999
      vertex 69.6873 39.4726 2.4
      vertex 69.2843 39.2257 2.4
    endloop
  endfacet
  facet normal 0.640124 0.392407 0.660499
    outer loop
      vertex 68.5743 34.8843 2.4
      vertex 69.7247 35.7008 0.799999
      vertex 69.5853 35.9282 0.799999
    endloop
  endfacet
  facet normal 0.639071 0.394014 0.660562
    outer loop
      vertex 69.7247 35.7008 0.799999
      vertex 68.5743 34.8843 2.4
      vertex 68.5825 34.871 2.4
    endloop
  endfacet
  facet normal -0.0588366 -0.748547 0.660466
    outer loop
      vertex 71.3659 38.3791 0.799999
      vertex 71.5711 39.7747 2.4
      vertex 71.1 38.4 0.799999
    endloop
  endfacet
  facet normal -0.0572271 -0.748721 0.660411
    outer loop
      vertex 71.5711 39.7747 2.4
      vertex 71.3659 38.3791 0.799999
      vertex 71.5868 39.7735 2.4
    endloop
  endfacet
  facet normal -0.693663 -0.287411 0.660475
    outer loop
      vertex 74.0535 37.6761 2.4
      vertex 73.8726 38.1127 2.4
      vertex 72.6147 37.4718 0.799999
    endloop
  endfacet
  facet normal -0.69376 -0.287073 0.660519
    outer loop
      vertex 72.6147 37.4718 0.799999
      vertex 74.0595 37.6616 2.4
      vertex 74.0535 37.6761 2.4
    endloop
  endfacet
  facet normal -0.693689 -0.287325 0.660485
    outer loop
      vertex 74.0595 37.6616 2.4
      vertex 72.6147 37.4718 0.799999
      vertex 72.7168 37.2253 0.799999
    endloop
  endfacet
  facet normal -0.175344 -0.730085 0.660477
    outer loop
      vertex 71.6253 38.3168 0.799999
      vertex 71.5868 39.7735 2.4
      vertex 71.3659 38.3791 0.799999
    endloop
  endfacet
  facet normal -0.17765 -0.729807 0.660168
    outer loop
      vertex 71.5868 39.7735 2.4
      vertex 71.6253 38.3168 0.799999
      vertex 71.602 39.7698 2.4
    endloop
  endfacet
  facet normal -0.17522 -0.730112 0.660481
    outer loop
      vertex 71.6253 38.3168 0.799999
      vertex 72.0616 39.6595 2.4
      vertex 71.602 39.7698 2.4
    endloop
  endfacet
  facet normal -0.639071 -0.394014 0.660562
    outer loop
      vertex 72.4753 37.6992 0.799999
      vertex 73.6257 38.5157 2.4
      vertex 73.6175 38.529 2.4
    endloop
  endfacet
  facet normal -0.640124 -0.392407 0.660499
    outer loop
      vertex 73.6257 38.5157 2.4
      vertex 72.4753 37.6992 0.799999
      vertex 72.6147 37.4718 0.799999
    endloop
  endfacet
endsolid OpenSCAD_Model
